2026-02-14 04:10:33.194 +00:00 [INF] Executed DbCommand (34ms) [Parameters=[], CommandType='"Text"', CommandTimeout='30']
SELECT EXISTS (
    SELECT 1 FROM pg_catalog.pg_class c
    JOIN pg_catalog.pg_namespace n ON n.oid=c.relnamespace
    WHERE n.nspname='public' AND
          c.relname='__EFMigrationsHistory'
)
2026-02-14 04:10:33.312 +00:00 [INF] Executed DbCommand (5ms) [Parameters=[], CommandType='"Text"', CommandTimeout='30']
SELECT EXISTS (
    SELECT 1 FROM pg_catalog.pg_class c
    JOIN pg_catalog.pg_namespace n ON n.oid=c.relnamespace
    WHERE n.nspname='public' AND
          c.relname='__EFMigrationsHistory'
)
2026-02-14 04:10:33.394 +00:00 [INF] Executed DbCommand (19ms) [Parameters=[], CommandType='"Text"', CommandTimeout='30']
CREATE TABLE "__EFMigrationsHistory" (
    "MigrationId" character varying(150) NOT NULL,
    "ProductVersion" character varying(32) NOT NULL,
    CONSTRAINT "PK___EFMigrationsHistory" PRIMARY KEY ("MigrationId")
);
2026-02-14 04:10:33.417 +00:00 [INF] Executed DbCommand (1ms) [Parameters=[], CommandType='"Text"', CommandTimeout='30']
SELECT EXISTS (
    SELECT 1 FROM pg_catalog.pg_class c
    JOIN pg_catalog.pg_namespace n ON n.oid=c.relnamespace
    WHERE n.nspname='public' AND
          c.relname='__EFMigrationsHistory'
)
2026-02-14 04:10:33.425 +00:00 [INF] Executed DbCommand (4ms) [Parameters=[], CommandType='"Text"', CommandTimeout='30']
SELECT "MigrationId", "ProductVersion"
FROM "__EFMigrationsHistory"
ORDER BY "MigrationId";
2026-02-14 04:10:33.434 +00:00 [INF] No migrations were applied. The database is already up to date.
2026-02-14 04:10:33.436 +00:00 [INF] Database migrations applied.
2026-02-14 04:10:33.443 +00:00 [INF] Obteniendo todos del catálogo 'executionstatus'.
2026-02-14 04:10:33.619 +00:00 [ERR] Failed executing DbCommand (12ms) [Parameters=[], CommandType='"Text"', CommandTimeout='30']
SELECT e.id, e.code, e.created_at, e.description, e.is_active, e.name, e.sort_order
FROM execution_statuses AS e
ORDER BY e.sort_order
2026-02-14 04:10:33.654 +00:00 [ERR] An exception occurred while iterating over the results of a query for context type 'QAMS.Infrastructure.Persistence.Configurations.QamsDbContext'.
Npgsql.PostgresException (0x80004005): 42P01: relation "execution_statuses" does not exist

POSITION: 90
   at Npgsql.Internal.NpgsqlConnector.ReadMessageLong(Boolean async, DataRowLoadingMode dataRowLoadingMode, Boolean readingNotifications, Boolean isReadingPrependedMessage)
   at System.Runtime.CompilerServices.PoolingAsyncValueTaskMethodBuilder`1.StateMachineBox`1.System.Threading.Tasks.Sources.IValueTaskSource<TResult>.GetResult(Int16 token)
   at Npgsql.NpgsqlDataReader.NextResult(Boolean async, Boolean isConsuming, CancellationToken cancellationToken)
   at Npgsql.NpgsqlDataReader.NextResult(Boolean async, Boolean isConsuming, CancellationToken cancellationToken)
   at Npgsql.NpgsqlCommand.ExecuteReader(Boolean async, CommandBehavior behavior, CancellationToken cancellationToken)
   at Npgsql.NpgsqlCommand.ExecuteReader(Boolean async, CommandBehavior behavior, CancellationToken cancellationToken)
   at Npgsql.NpgsqlCommand.ExecuteDbDataReaderAsync(CommandBehavior behavior, CancellationToken cancellationToken)
   at Microsoft.EntityFrameworkCore.Storage.RelationalCommand.ExecuteReaderAsync(RelationalCommandParameterObject parameterObject, CancellationToken cancellationToken)
   at Microsoft.EntityFrameworkCore.Storage.RelationalCommand.ExecuteReaderAsync(RelationalCommandParameterObject parameterObject, CancellationToken cancellationToken)
   at Microsoft.EntityFrameworkCore.Query.Internal.SingleQueryingEnumerable`1.AsyncEnumerator.InitializeReaderAsync(AsyncEnumerator enumerator, CancellationToken cancellationToken)
   at Microsoft.EntityFrameworkCore.Storage.ExecutionStrategy.<>c__DisplayClass30_0`2.<<ExecuteAsync>b__0>d.MoveNext()
--- End of stack trace from previous location ---
   at Microsoft.EntityFrameworkCore.Storage.ExecutionStrategy.ExecuteImplementationAsync[TState,TResult](Func`4 operation, Func`4 verifySucceeded, TState state, CancellationToken cancellationToken)
   at Microsoft.EntityFrameworkCore.Storage.ExecutionStrategy.ExecuteImplementationAsync[TState,TResult](Func`4 operation, Func`4 verifySucceeded, TState state, CancellationToken cancellationToken)
   at Microsoft.EntityFrameworkCore.Storage.ExecutionStrategy.ExecuteAsync[TState,TResult](TState state, Func`4 operation, Func`4 verifySucceeded, CancellationToken cancellationToken)
   at Microsoft.EntityFrameworkCore.Query.Internal.SingleQueryingEnumerable`1.AsyncEnumerator.MoveNextAsync()
  Exception data:
    Severity: ERROR
    SqlState: 42P01
    MessageText: relation "execution_statuses" does not exist
    Position: 90
    File: parse_relation.c
    Line: 1449
    Routine: parserOpenTable
Npgsql.PostgresException (0x80004005): 42P01: relation "execution_statuses" does not exist

POSITION: 90
   at Npgsql.Internal.NpgsqlConnector.ReadMessageLong(Boolean async, DataRowLoadingMode dataRowLoadingMode, Boolean readingNotifications, Boolean isReadingPrependedMessage)
   at System.Runtime.CompilerServices.PoolingAsyncValueTaskMethodBuilder`1.StateMachineBox`1.System.Threading.Tasks.Sources.IValueTaskSource<TResult>.GetResult(Int16 token)
   at Npgsql.NpgsqlDataReader.NextResult(Boolean async, Boolean isConsuming, CancellationToken cancellationToken)
   at Npgsql.NpgsqlDataReader.NextResult(Boolean async, Boolean isConsuming, CancellationToken cancellationToken)
   at Npgsql.NpgsqlCommand.ExecuteReader(Boolean async, CommandBehavior behavior, CancellationToken cancellationToken)
   at Npgsql.NpgsqlCommand.ExecuteReader(Boolean async, CommandBehavior behavior, CancellationToken cancellationToken)
   at Npgsql.NpgsqlCommand.ExecuteDbDataReaderAsync(CommandBehavior behavior, CancellationToken cancellationToken)
   at Microsoft.EntityFrameworkCore.Storage.RelationalCommand.ExecuteReaderAsync(RelationalCommandParameterObject parameterObject, CancellationToken cancellationToken)
   at Microsoft.EntityFrameworkCore.Storage.RelationalCommand.ExecuteReaderAsync(RelationalCommandParameterObject parameterObject, CancellationToken cancellationToken)
   at Microsoft.EntityFrameworkCore.Query.Internal.SingleQueryingEnumerable`1.AsyncEnumerator.InitializeReaderAsync(AsyncEnumerator enumerator, CancellationToken cancellationToken)
   at Microsoft.EntityFrameworkCore.Storage.ExecutionStrategy.<>c__DisplayClass30_0`2.<<ExecuteAsync>b__0>d.MoveNext()
--- End of stack trace from previous location ---
   at Microsoft.EntityFrameworkCore.Storage.ExecutionStrategy.ExecuteImplementationAsync[TState,TResult](Func`4 operation, Func`4 verifySucceeded, TState state, CancellationToken cancellationToken)
   at Microsoft.EntityFrameworkCore.Storage.ExecutionStrategy.ExecuteImplementationAsync[TState,TResult](Func`4 operation, Func`4 verifySucceeded, TState state, CancellationToken cancellationToken)
   at Microsoft.EntityFrameworkCore.Storage.ExecutionStrategy.ExecuteAsync[TState,TResult](TState state, Func`4 operation, Func`4 verifySucceeded, CancellationToken cancellationToken)
   at Microsoft.EntityFrameworkCore.Query.Internal.SingleQueryingEnumerable`1.AsyncEnumerator.MoveNextAsync()
  Exception data:
    Severity: ERROR
    SqlState: 42P01
    MessageText: relation "execution_statuses" does not exist
    Position: 90
    File: parse_relation.c
    Line: 1449
    Routine: parserOpenTable
2026-02-14 04:10:33.664 +00:00 [ERR] Error applying migrations or seeding data.
Npgsql.PostgresException (0x80004005): 42P01: relation "execution_statuses" does not exist

POSITION: 90
   at Npgsql.Internal.NpgsqlConnector.ReadMessageLong(Boolean async, DataRowLoadingMode dataRowLoadingMode, Boolean readingNotifications, Boolean isReadingPrependedMessage)
   at System.Runtime.CompilerServices.PoolingAsyncValueTaskMethodBuilder`1.StateMachineBox`1.System.Threading.Tasks.Sources.IValueTaskSource<TResult>.GetResult(Int16 token)
   at Npgsql.NpgsqlDataReader.NextResult(Boolean async, Boolean isConsuming, CancellationToken cancellationToken)
   at Npgsql.NpgsqlDataReader.NextResult(Boolean async, Boolean isConsuming, CancellationToken cancellationToken)
   at Npgsql.NpgsqlCommand.ExecuteReader(Boolean async, CommandBehavior behavior, CancellationToken cancellationToken)
   at Npgsql.NpgsqlCommand.ExecuteReader(Boolean async, CommandBehavior behavior, CancellationToken cancellationToken)
   at Npgsql.NpgsqlCommand.ExecuteDbDataReaderAsync(CommandBehavior behavior, CancellationToken cancellationToken)
   at Microsoft.EntityFrameworkCore.Storage.RelationalCommand.ExecuteReaderAsync(RelationalCommandParameterObject parameterObject, CancellationToken cancellationToken)
   at Microsoft.EntityFrameworkCore.Storage.RelationalCommand.ExecuteReaderAsync(RelationalCommandParameterObject parameterObject, CancellationToken cancellationToken)
   at Microsoft.EntityFrameworkCore.Query.Internal.SingleQueryingEnumerable`1.AsyncEnumerator.InitializeReaderAsync(AsyncEnumerator enumerator, CancellationToken cancellationToken)
   at Microsoft.EntityFrameworkCore.Storage.ExecutionStrategy.<>c__DisplayClass30_0`2.<<ExecuteAsync>b__0>d.MoveNext()
--- End of stack trace from previous location ---
   at Microsoft.EntityFrameworkCore.Storage.ExecutionStrategy.ExecuteImplementationAsync[TState,TResult](Func`4 operation, Func`4 verifySucceeded, TState state, CancellationToken cancellationToken)
   at Microsoft.EntityFrameworkCore.Storage.ExecutionStrategy.ExecuteImplementationAsync[TState,TResult](Func`4 operation, Func`4 verifySucceeded, TState state, CancellationToken cancellationToken)
   at Microsoft.EntityFrameworkCore.Storage.ExecutionStrategy.ExecuteAsync[TState,TResult](TState state, Func`4 operation, Func`4 verifySucceeded, CancellationToken cancellationToken)
   at Microsoft.EntityFrameworkCore.Query.Internal.SingleQueryingEnumerable`1.AsyncEnumerator.MoveNextAsync()
   at Microsoft.EntityFrameworkCore.EntityFrameworkQueryableExtensions.ToListAsync[TSource](IQueryable`1 source, CancellationToken cancellationToken)
   at Microsoft.EntityFrameworkCore.EntityFrameworkQueryableExtensions.ToListAsync[TSource](IQueryable`1 source, CancellationToken cancellationToken)
   at QAMS.Infrastructure.Repositories.CatalogRepository`1.GetAllAsync() in /src/src/QAMS.Infrastructure/Repositories/CatalogRepository.cs:line 37
   at QAMS.Application.Services.CatalogService.GetAllByCatalogNameAsync(String catalogName) in /src/src/QAMS.Application/Services/CatalogService.cs:line 59
   at Program.<>c__DisplayClass0_1.<<<Main>$>g__SeedIfEmpty|6>d.MoveNext() in /src/src/QAMS.Api/Program.cs:line 163
--- End of stack trace from previous location ---
   at Program.<Main>$(String[] args) in /src/src/QAMS.Api/Program.cs:line 183
  Exception data:
    Severity: ERROR
    SqlState: 42P01
    MessageText: relation "execution_statuses" does not exist
    Position: 90
    File: parse_relation.c
    Line: 1449
    Routine: parserOpenTable
2026-02-14 04:11:50.990 +00:00 [INF] Executed DbCommand (40ms) [Parameters=[], CommandType='"Text"', CommandTimeout='30']
SELECT EXISTS (
    SELECT 1 FROM pg_catalog.pg_class c
    JOIN pg_catalog.pg_namespace n ON n.oid=c.relnamespace
    WHERE n.nspname='public' AND
          c.relname='__EFMigrationsHistory'
)
2026-02-14 04:11:51.074 +00:00 [INF] Executed DbCommand (3ms) [Parameters=[], CommandType='"Text"', CommandTimeout='30']
SELECT "MigrationId", "ProductVersion"
FROM "__EFMigrationsHistory"
ORDER BY "MigrationId";
2026-02-14 04:11:51.090 +00:00 [INF] Executed DbCommand (3ms) [Parameters=[], CommandType='"Text"', CommandTimeout='30']
SELECT EXISTS (
    SELECT 1 FROM pg_catalog.pg_class c
    JOIN pg_catalog.pg_namespace n ON n.oid=c.relnamespace
    WHERE n.nspname='public' AND
          c.relname='__EFMigrationsHistory'
)
2026-02-14 04:11:51.107 +00:00 [INF] Executed DbCommand (2ms) [Parameters=[], CommandType='"Text"', CommandTimeout='30']
SELECT EXISTS (
    SELECT 1 FROM pg_catalog.pg_class c
    JOIN pg_catalog.pg_namespace n ON n.oid=c.relnamespace
    WHERE n.nspname='public' AND
          c.relname='__EFMigrationsHistory'
)
2026-02-14 04:11:51.110 +00:00 [INF] Executed DbCommand (1ms) [Parameters=[], CommandType='"Text"', CommandTimeout='30']
SELECT "MigrationId", "ProductVersion"
FROM "__EFMigrationsHistory"
ORDER BY "MigrationId";
2026-02-14 04:11:51.121 +00:00 [INF] No migrations were applied. The database is already up to date.
2026-02-14 04:11:51.123 +00:00 [INF] Database migrations applied.
2026-02-14 04:11:51.134 +00:00 [INF] Executed DbCommand (1ms) [Parameters=[], CommandType='"Text"', CommandTimeout='30']
SELECT EXISTS (
    SELECT 1 FROM pg_catalog.pg_class c
    JOIN pg_catalog.pg_namespace n ON n.oid=c.relnamespace
    WHERE n.nspname='public' AND
          c.relname='__EFMigrationsHistory'
)
2026-02-14 04:11:51.137 +00:00 [INF] Executed DbCommand (1ms) [Parameters=[], CommandType='"Text"', CommandTimeout='30']
SELECT "MigrationId", "ProductVersion"
FROM "__EFMigrationsHistory"
ORDER BY "MigrationId";
2026-02-14 04:11:51.139 +00:00 [INF] No applied migrations found; calling EnsureCreated() to create schema.
2026-02-14 04:11:51.190 +00:00 [INF] Executed DbCommand (12ms) [Parameters=[], CommandType='"Text"', CommandTimeout='30']
SELECT CASE WHEN COUNT(*) = 0 THEN FALSE ELSE TRUE END
FROM pg_class AS cls
JOIN pg_namespace AS ns ON ns.oid = cls.relnamespace
WHERE
        cls.relkind IN ('r', 'v', 'm', 'f', 'p') AND
        ns.nspname NOT IN ('pg_catalog', 'information_schema') AND
        -- Exclude tables which are members of PG extensions
        NOT EXISTS (
            SELECT 1 FROM pg_depend WHERE
                classid=(
                    SELECT cls.oid
                    FROM pg_class AS cls
                             JOIN pg_namespace AS ns ON ns.oid = cls.relnamespace
                    WHERE relname='pg_class' AND ns.nspname='pg_catalog'
                ) AND
                objid=cls.oid AND
                deptype IN ('e', 'x')
        )
2026-02-14 04:11:51.203 +00:00 [INF] Obteniendo todos del catálogo 'executionstatus'.
2026-02-14 04:11:51.410 +00:00 [ERR] Failed executing DbCommand (13ms) [Parameters=[], CommandType='"Text"', CommandTimeout='30']
SELECT e.id, e.code, e.created_at, e.description, e.is_active, e.name, e.sort_order
FROM execution_statuses AS e
ORDER BY e.sort_order
2026-02-14 04:11:51.431 +00:00 [ERR] An exception occurred while iterating over the results of a query for context type 'QAMS.Infrastructure.Persistence.Configurations.QamsDbContext'.
Npgsql.PostgresException (0x80004005): 42P01: relation "execution_statuses" does not exist

POSITION: 90
   at Npgsql.Internal.NpgsqlConnector.ReadMessageLong(Boolean async, DataRowLoadingMode dataRowLoadingMode, Boolean readingNotifications, Boolean isReadingPrependedMessage)
   at System.Runtime.CompilerServices.PoolingAsyncValueTaskMethodBuilder`1.StateMachineBox`1.System.Threading.Tasks.Sources.IValueTaskSource<TResult>.GetResult(Int16 token)
   at Npgsql.NpgsqlDataReader.NextResult(Boolean async, Boolean isConsuming, CancellationToken cancellationToken)
   at Npgsql.NpgsqlDataReader.NextResult(Boolean async, Boolean isConsuming, CancellationToken cancellationToken)
   at Npgsql.NpgsqlCommand.ExecuteReader(Boolean async, CommandBehavior behavior, CancellationToken cancellationToken)
   at Npgsql.NpgsqlCommand.ExecuteReader(Boolean async, CommandBehavior behavior, CancellationToken cancellationToken)
   at Npgsql.NpgsqlCommand.ExecuteDbDataReaderAsync(CommandBehavior behavior, CancellationToken cancellationToken)
   at Microsoft.EntityFrameworkCore.Storage.RelationalCommand.ExecuteReaderAsync(RelationalCommandParameterObject parameterObject, CancellationToken cancellationToken)
   at Microsoft.EntityFrameworkCore.Storage.RelationalCommand.ExecuteReaderAsync(RelationalCommandParameterObject parameterObject, CancellationToken cancellationToken)
   at Microsoft.EntityFrameworkCore.Query.Internal.SingleQueryingEnumerable`1.AsyncEnumerator.InitializeReaderAsync(AsyncEnumerator enumerator, CancellationToken cancellationToken)
   at Microsoft.EntityFrameworkCore.Storage.ExecutionStrategy.<>c__DisplayClass30_0`2.<<ExecuteAsync>b__0>d.MoveNext()
--- End of stack trace from previous location ---
   at Microsoft.EntityFrameworkCore.Storage.ExecutionStrategy.ExecuteImplementationAsync[TState,TResult](Func`4 operation, Func`4 verifySucceeded, TState state, CancellationToken cancellationToken)
   at Microsoft.EntityFrameworkCore.Storage.ExecutionStrategy.ExecuteImplementationAsync[TState,TResult](Func`4 operation, Func`4 verifySucceeded, TState state, CancellationToken cancellationToken)
   at Microsoft.EntityFrameworkCore.Storage.ExecutionStrategy.ExecuteAsync[TState,TResult](TState state, Func`4 operation, Func`4 verifySucceeded, CancellationToken cancellationToken)
   at Microsoft.EntityFrameworkCore.Query.Internal.SingleQueryingEnumerable`1.AsyncEnumerator.MoveNextAsync()
  Exception data:
    Severity: ERROR
    SqlState: 42P01
    MessageText: relation "execution_statuses" does not exist
    Position: 90
    File: parse_relation.c
    Line: 1449
    Routine: parserOpenTable
Npgsql.PostgresException (0x80004005): 42P01: relation "execution_statuses" does not exist

POSITION: 90
   at Npgsql.Internal.NpgsqlConnector.ReadMessageLong(Boolean async, DataRowLoadingMode dataRowLoadingMode, Boolean readingNotifications, Boolean isReadingPrependedMessage)
   at System.Runtime.CompilerServices.PoolingAsyncValueTaskMethodBuilder`1.StateMachineBox`1.System.Threading.Tasks.Sources.IValueTaskSource<TResult>.GetResult(Int16 token)
   at Npgsql.NpgsqlDataReader.NextResult(Boolean async, Boolean isConsuming, CancellationToken cancellationToken)
   at Npgsql.NpgsqlDataReader.NextResult(Boolean async, Boolean isConsuming, CancellationToken cancellationToken)
   at Npgsql.NpgsqlCommand.ExecuteReader(Boolean async, CommandBehavior behavior, CancellationToken cancellationToken)
   at Npgsql.NpgsqlCommand.ExecuteReader(Boolean async, CommandBehavior behavior, CancellationToken cancellationToken)
   at Npgsql.NpgsqlCommand.ExecuteDbDataReaderAsync(CommandBehavior behavior, CancellationToken cancellationToken)
   at Microsoft.EntityFrameworkCore.Storage.RelationalCommand.ExecuteReaderAsync(RelationalCommandParameterObject parameterObject, CancellationToken cancellationToken)
   at Microsoft.EntityFrameworkCore.Storage.RelationalCommand.ExecuteReaderAsync(RelationalCommandParameterObject parameterObject, CancellationToken cancellationToken)
   at Microsoft.EntityFrameworkCore.Query.Internal.SingleQueryingEnumerable`1.AsyncEnumerator.InitializeReaderAsync(AsyncEnumerator enumerator, CancellationToken cancellationToken)
   at Microsoft.EntityFrameworkCore.Storage.ExecutionStrategy.<>c__DisplayClass30_0`2.<<ExecuteAsync>b__0>d.MoveNext()
--- End of stack trace from previous location ---
   at Microsoft.EntityFrameworkCore.Storage.ExecutionStrategy.ExecuteImplementationAsync[TState,TResult](Func`4 operation, Func`4 verifySucceeded, TState state, CancellationToken cancellationToken)
   at Microsoft.EntityFrameworkCore.Storage.ExecutionStrategy.ExecuteImplementationAsync[TState,TResult](Func`4 operation, Func`4 verifySucceeded, TState state, CancellationToken cancellationToken)
   at Microsoft.EntityFrameworkCore.Storage.ExecutionStrategy.ExecuteAsync[TState,TResult](TState state, Func`4 operation, Func`4 verifySucceeded, CancellationToken cancellationToken)
   at Microsoft.EntityFrameworkCore.Query.Internal.SingleQueryingEnumerable`1.AsyncEnumerator.MoveNextAsync()
  Exception data:
    Severity: ERROR
    SqlState: 42P01
    MessageText: relation "execution_statuses" does not exist
    Position: 90
    File: parse_relation.c
    Line: 1449
    Routine: parserOpenTable
2026-02-14 04:11:51.437 +00:00 [ERR] Error applying migrations or seeding data. Continuing without DB initialization.
Npgsql.PostgresException (0x80004005): 42P01: relation "execution_statuses" does not exist

POSITION: 90
   at Npgsql.Internal.NpgsqlConnector.ReadMessageLong(Boolean async, DataRowLoadingMode dataRowLoadingMode, Boolean readingNotifications, Boolean isReadingPrependedMessage)
   at System.Runtime.CompilerServices.PoolingAsyncValueTaskMethodBuilder`1.StateMachineBox`1.System.Threading.Tasks.Sources.IValueTaskSource<TResult>.GetResult(Int16 token)
   at Npgsql.NpgsqlDataReader.NextResult(Boolean async, Boolean isConsuming, CancellationToken cancellationToken)
   at Npgsql.NpgsqlDataReader.NextResult(Boolean async, Boolean isConsuming, CancellationToken cancellationToken)
   at Npgsql.NpgsqlCommand.ExecuteReader(Boolean async, CommandBehavior behavior, CancellationToken cancellationToken)
   at Npgsql.NpgsqlCommand.ExecuteReader(Boolean async, CommandBehavior behavior, CancellationToken cancellationToken)
   at Npgsql.NpgsqlCommand.ExecuteDbDataReaderAsync(CommandBehavior behavior, CancellationToken cancellationToken)
   at Microsoft.EntityFrameworkCore.Storage.RelationalCommand.ExecuteReaderAsync(RelationalCommandParameterObject parameterObject, CancellationToken cancellationToken)
   at Microsoft.EntityFrameworkCore.Storage.RelationalCommand.ExecuteReaderAsync(RelationalCommandParameterObject parameterObject, CancellationToken cancellationToken)
   at Microsoft.EntityFrameworkCore.Query.Internal.SingleQueryingEnumerable`1.AsyncEnumerator.InitializeReaderAsync(AsyncEnumerator enumerator, CancellationToken cancellationToken)
   at Microsoft.EntityFrameworkCore.Storage.ExecutionStrategy.<>c__DisplayClass30_0`2.<<ExecuteAsync>b__0>d.MoveNext()
--- End of stack trace from previous location ---
   at Microsoft.EntityFrameworkCore.Storage.ExecutionStrategy.ExecuteImplementationAsync[TState,TResult](Func`4 operation, Func`4 verifySucceeded, TState state, CancellationToken cancellationToken)
   at Microsoft.EntityFrameworkCore.Storage.ExecutionStrategy.ExecuteImplementationAsync[TState,TResult](Func`4 operation, Func`4 verifySucceeded, TState state, CancellationToken cancellationToken)
   at Microsoft.EntityFrameworkCore.Storage.ExecutionStrategy.ExecuteAsync[TState,TResult](TState state, Func`4 operation, Func`4 verifySucceeded, CancellationToken cancellationToken)
   at Microsoft.EntityFrameworkCore.Query.Internal.SingleQueryingEnumerable`1.AsyncEnumerator.MoveNextAsync()
   at Microsoft.EntityFrameworkCore.EntityFrameworkQueryableExtensions.ToListAsync[TSource](IQueryable`1 source, CancellationToken cancellationToken)
   at Microsoft.EntityFrameworkCore.EntityFrameworkQueryableExtensions.ToListAsync[TSource](IQueryable`1 source, CancellationToken cancellationToken)
   at QAMS.Infrastructure.Repositories.CatalogRepository`1.GetAllAsync() in /src/src/QAMS.Infrastructure/Repositories/CatalogRepository.cs:line 37
   at QAMS.Application.Services.CatalogService.GetAllByCatalogNameAsync(String catalogName) in /src/src/QAMS.Application/Services/CatalogService.cs:line 59
   at Program.<>c__DisplayClass0_1.<<<Main>$>g__SeedIfEmpty|6>d.MoveNext() in /src/src/QAMS.Api/Program.cs:line 179
--- End of stack trace from previous location ---
   at Program.<Main>$(String[] args) in /src/src/QAMS.Api/Program.cs:line 199
  Exception data:
    Severity: ERROR
    SqlState: 42P01
    MessageText: relation "execution_statuses" does not exist
    Position: 90
    File: parse_relation.c
    Line: 1449
    Routine: parserOpenTable
2026-02-14 04:11:51.528 +00:00 [INF] QAMS API iniciada en Docker.
2026-02-14 04:11:51.538 +00:00 [WRN] Storing keys in a directory '/root/.aspnet/DataProtection-Keys' that may not be persisted outside of the container. Protected data will be unavailable when container is destroyed. For more information go to https://aka.ms/aspnet/dataprotectionwarning
2026-02-14 04:11:51.539 +00:00 [INF] User profile is available. Using '/root/.aspnet/DataProtection-Keys' as key repository; keys will not be encrypted at rest.
2026-02-14 04:11:51.549 +00:00 [INF] Creating key {055d724c-7e00-48f0-b30c-754cf24c9f89} with creation date 2026-02-14 04:11:51Z, activation date 2026-02-14 04:11:51Z, and expiration date 2026-05-15 04:11:51Z.
2026-02-14 04:11:51.560 +00:00 [WRN] No XML encryptor configured. Key {055d724c-7e00-48f0-b30c-754cf24c9f89} may be persisted to storage in unencrypted form.
2026-02-14 04:11:51.565 +00:00 [INF] Writing data to file '/root/.aspnet/DataProtection-Keys/key-055d724c-7e00-48f0-b30c-754cf24c9f89.xml'.
2026-02-14 04:11:51.575 +00:00 [WRN] Overriding HTTP_PORTS '8080' and HTTPS_PORTS ''. Binding to values defined by URLS instead 'http://+:8080'.
2026-02-14 04:11:51.594 +00:00 [WRN] The WebRootPath was not found: /app/wwwroot. Static files may be unavailable.
2026-02-14 04:11:51.638 +00:00 [INF] Now listening on: http://[::]:8080
2026-02-14 04:11:51.639 +00:00 [INF] Application started. Press Ctrl+C to shut down.
2026-02-14 04:11:51.641 +00:00 [INF] Hosting environment: Docker
2026-02-14 04:11:51.642 +00:00 [INF] Content root path: /app
2026-02-14 05:23:11.149 +00:00 [INF] Request starting HTTP/1.1 GET http://localhost:5000/ - null null
2026-02-14 05:23:11.761 +00:00 [INF] Request finished HTTP/1.1 GET http://localhost:5000/ - 404 0 null 648.4561ms
2026-02-14 05:23:11.774 +00:00 [INF] Request reached the end of the middleware pipeline without being handled by application code. Request path: GET http://localhost:5000/, Response status code: 404
2026-02-14 05:23:30.042 +00:00 [INF] Request starting HTTP/1.1 GET http://localhost:5000/swagger/index.html - null null
2026-02-14 05:23:30.252 +00:00 [INF] Request finished HTTP/1.1 GET http://localhost:5000/swagger/index.html - 200 null text/html;charset=utf-8 210.0515ms
2026-02-14 05:23:30.671 +00:00 [INF] Request starting HTTP/1.1 GET http://localhost:5000/swagger/v1/swagger.json - null null
2026-02-14 05:23:31.080 +00:00 [INF] Request finished HTTP/1.1 GET http://localhost:5000/swagger/v1/swagger.json - 200 null application/json;charset=utf-8 409.0819ms
2026-02-14 05:27:49.701 +00:00 [INF] Request starting HTTP/1.1 GET http://localhost:5000/api/Users - null null
2026-02-14 05:27:49.785 +00:00 [INF] Authorization failed. These requirements were not met:
DenyAnonymousAuthorizationRequirement: Requires an authenticated user.
2026-02-14 05:27:49.795 +00:00 [INF] AuthenticationScheme: Bearer was challenged.
2026-02-14 05:27:49.798 +00:00 [INF] Request finished HTTP/1.1 GET http://localhost:5000/api/Users - 401 0 null 97.7168ms
2026-02-14 05:34:53.259 +00:00 [INF] Executed DbCommand (44ms) [Parameters=[], CommandType='"Text"', CommandTimeout='30']
SELECT EXISTS (
    SELECT 1 FROM pg_catalog.pg_class c
    JOIN pg_catalog.pg_namespace n ON n.oid=c.relnamespace
    WHERE n.nspname='public' AND
          c.relname='__EFMigrationsHistory'
)
2026-02-14 05:34:53.363 +00:00 [INF] Executed DbCommand (4ms) [Parameters=[], CommandType='"Text"', CommandTimeout='30']
SELECT "MigrationId", "ProductVersion"
FROM "__EFMigrationsHistory"
ORDER BY "MigrationId";
2026-02-14 05:34:53.382 +00:00 [INF] Executed DbCommand (2ms) [Parameters=[], CommandType='"Text"', CommandTimeout='30']
SELECT EXISTS (
    SELECT 1 FROM pg_catalog.pg_class c
    JOIN pg_catalog.pg_namespace n ON n.oid=c.relnamespace
    WHERE n.nspname='public' AND
          c.relname='__EFMigrationsHistory'
)
2026-02-14 05:34:53.389 +00:00 [INF] Executed DbCommand (1ms) [Parameters=[], CommandType='"Text"', CommandTimeout='30']
SELECT EXISTS (
    SELECT 1 FROM pg_catalog.pg_class c
    JOIN pg_catalog.pg_namespace n ON n.oid=c.relnamespace
    WHERE n.nspname='public' AND
          c.relname='__EFMigrationsHistory'
)
2026-02-14 05:34:53.390 +00:00 [INF] Executed DbCommand (1ms) [Parameters=[], CommandType='"Text"', CommandTimeout='30']
SELECT "MigrationId", "ProductVersion"
FROM "__EFMigrationsHistory"
ORDER BY "MigrationId";
2026-02-14 05:34:53.400 +00:00 [INF] No migrations were applied. The database is already up to date.
2026-02-14 05:34:53.402 +00:00 [INF] Database migrations applied.
2026-02-14 05:34:53.410 +00:00 [INF] Executed DbCommand (1ms) [Parameters=[], CommandType='"Text"', CommandTimeout='30']
SELECT EXISTS (
    SELECT 1 FROM pg_catalog.pg_class c
    JOIN pg_catalog.pg_namespace n ON n.oid=c.relnamespace
    WHERE n.nspname='public' AND
          c.relname='__EFMigrationsHistory'
)
2026-02-14 05:34:53.412 +00:00 [INF] Executed DbCommand (1ms) [Parameters=[], CommandType='"Text"', CommandTimeout='30']
SELECT "MigrationId", "ProductVersion"
FROM "__EFMigrationsHistory"
ORDER BY "MigrationId";
2026-02-14 05:34:53.413 +00:00 [INF] No applied migrations found; calling EnsureCreated() to create schema.
2026-02-14 05:34:53.432 +00:00 [INF] Executed DbCommand (7ms) [Parameters=[], CommandType='"Text"', CommandTimeout='30']
SELECT CASE WHEN COUNT(*) = 0 THEN FALSE ELSE TRUE END
FROM pg_class AS cls
JOIN pg_namespace AS ns ON ns.oid = cls.relnamespace
WHERE
        cls.relkind IN ('r', 'v', 'm', 'f', 'p') AND
        ns.nspname NOT IN ('pg_catalog', 'information_schema') AND
        -- Exclude tables which are members of PG extensions
        NOT EXISTS (
            SELECT 1 FROM pg_depend WHERE
                classid=(
                    SELECT cls.oid
                    FROM pg_class AS cls
                             JOIN pg_namespace AS ns ON ns.oid = cls.relnamespace
                    WHERE relname='pg_class' AND ns.nspname='pg_catalog'
                ) AND
                objid=cls.oid AND
                deptype IN ('e', 'x')
        )
2026-02-14 05:34:53.439 +00:00 [INF] Obteniendo todos del catálogo 'executionstatus'.
2026-02-14 05:34:53.572 +00:00 [ERR] Failed executing DbCommand (7ms) [Parameters=[], CommandType='"Text"', CommandTimeout='30']
SELECT e.id, e.code, e.created_at, e.description, e.is_active, e.name, e.sort_order
FROM execution_statuses AS e
ORDER BY e.sort_order
2026-02-14 05:34:53.604 +00:00 [ERR] An exception occurred while iterating over the results of a query for context type 'QAMS.Infrastructure.Persistence.Configurations.QamsDbContext'.
Npgsql.PostgresException (0x80004005): 42P01: relation "execution_statuses" does not exist

POSITION: 90
   at Npgsql.Internal.NpgsqlConnector.ReadMessageLong(Boolean async, DataRowLoadingMode dataRowLoadingMode, Boolean readingNotifications, Boolean isReadingPrependedMessage)
   at System.Runtime.CompilerServices.PoolingAsyncValueTaskMethodBuilder`1.StateMachineBox`1.System.Threading.Tasks.Sources.IValueTaskSource<TResult>.GetResult(Int16 token)
   at Npgsql.NpgsqlDataReader.NextResult(Boolean async, Boolean isConsuming, CancellationToken cancellationToken)
   at Npgsql.NpgsqlDataReader.NextResult(Boolean async, Boolean isConsuming, CancellationToken cancellationToken)
   at Npgsql.NpgsqlCommand.ExecuteReader(Boolean async, CommandBehavior behavior, CancellationToken cancellationToken)
   at Npgsql.NpgsqlCommand.ExecuteReader(Boolean async, CommandBehavior behavior, CancellationToken cancellationToken)
   at Npgsql.NpgsqlCommand.ExecuteDbDataReaderAsync(CommandBehavior behavior, CancellationToken cancellationToken)
   at Microsoft.EntityFrameworkCore.Storage.RelationalCommand.ExecuteReaderAsync(RelationalCommandParameterObject parameterObject, CancellationToken cancellationToken)
   at Microsoft.EntityFrameworkCore.Storage.RelationalCommand.ExecuteReaderAsync(RelationalCommandParameterObject parameterObject, CancellationToken cancellationToken)
   at Microsoft.EntityFrameworkCore.Query.Internal.SingleQueryingEnumerable`1.AsyncEnumerator.InitializeReaderAsync(AsyncEnumerator enumerator, CancellationToken cancellationToken)
   at Microsoft.EntityFrameworkCore.Storage.ExecutionStrategy.<>c__DisplayClass30_0`2.<<ExecuteAsync>b__0>d.MoveNext()
--- End of stack trace from previous location ---
   at Microsoft.EntityFrameworkCore.Storage.ExecutionStrategy.ExecuteImplementationAsync[TState,TResult](Func`4 operation, Func`4 verifySucceeded, TState state, CancellationToken cancellationToken)
   at Microsoft.EntityFrameworkCore.Storage.ExecutionStrategy.ExecuteImplementationAsync[TState,TResult](Func`4 operation, Func`4 verifySucceeded, TState state, CancellationToken cancellationToken)
   at Microsoft.EntityFrameworkCore.Storage.ExecutionStrategy.ExecuteAsync[TState,TResult](TState state, Func`4 operation, Func`4 verifySucceeded, CancellationToken cancellationToken)
   at Microsoft.EntityFrameworkCore.Query.Internal.SingleQueryingEnumerable`1.AsyncEnumerator.MoveNextAsync()
  Exception data:
    Severity: ERROR
    SqlState: 42P01
    MessageText: relation "execution_statuses" does not exist
    Position: 90
    File: parse_relation.c
    Line: 1449
    Routine: parserOpenTable
Npgsql.PostgresException (0x80004005): 42P01: relation "execution_statuses" does not exist

POSITION: 90
   at Npgsql.Internal.NpgsqlConnector.ReadMessageLong(Boolean async, DataRowLoadingMode dataRowLoadingMode, Boolean readingNotifications, Boolean isReadingPrependedMessage)
   at System.Runtime.CompilerServices.PoolingAsyncValueTaskMethodBuilder`1.StateMachineBox`1.System.Threading.Tasks.Sources.IValueTaskSource<TResult>.GetResult(Int16 token)
   at Npgsql.NpgsqlDataReader.NextResult(Boolean async, Boolean isConsuming, CancellationToken cancellationToken)
   at Npgsql.NpgsqlDataReader.NextResult(Boolean async, Boolean isConsuming, CancellationToken cancellationToken)
   at Npgsql.NpgsqlCommand.ExecuteReader(Boolean async, CommandBehavior behavior, CancellationToken cancellationToken)
   at Npgsql.NpgsqlCommand.ExecuteReader(Boolean async, CommandBehavior behavior, CancellationToken cancellationToken)
   at Npgsql.NpgsqlCommand.ExecuteDbDataReaderAsync(CommandBehavior behavior, CancellationToken cancellationToken)
   at Microsoft.EntityFrameworkCore.Storage.RelationalCommand.ExecuteReaderAsync(RelationalCommandParameterObject parameterObject, CancellationToken cancellationToken)
   at Microsoft.EntityFrameworkCore.Storage.RelationalCommand.ExecuteReaderAsync(RelationalCommandParameterObject parameterObject, CancellationToken cancellationToken)
   at Microsoft.EntityFrameworkCore.Query.Internal.SingleQueryingEnumerable`1.AsyncEnumerator.InitializeReaderAsync(AsyncEnumerator enumerator, CancellationToken cancellationToken)
   at Microsoft.EntityFrameworkCore.Storage.ExecutionStrategy.<>c__DisplayClass30_0`2.<<ExecuteAsync>b__0>d.MoveNext()
--- End of stack trace from previous location ---
   at Microsoft.EntityFrameworkCore.Storage.ExecutionStrategy.ExecuteImplementationAsync[TState,TResult](Func`4 operation, Func`4 verifySucceeded, TState state, CancellationToken cancellationToken)
   at Microsoft.EntityFrameworkCore.Storage.ExecutionStrategy.ExecuteImplementationAsync[TState,TResult](Func`4 operation, Func`4 verifySucceeded, TState state, CancellationToken cancellationToken)
   at Microsoft.EntityFrameworkCore.Storage.ExecutionStrategy.ExecuteAsync[TState,TResult](TState state, Func`4 operation, Func`4 verifySucceeded, CancellationToken cancellationToken)
   at Microsoft.EntityFrameworkCore.Query.Internal.SingleQueryingEnumerable`1.AsyncEnumerator.MoveNextAsync()
  Exception data:
    Severity: ERROR
    SqlState: 42P01
    MessageText: relation "execution_statuses" does not exist
    Position: 90
    File: parse_relation.c
    Line: 1449
    Routine: parserOpenTable
2026-02-14 05:34:53.608 +00:00 [ERR] Error applying migrations or seeding data. Continuing without DB initialization.
Npgsql.PostgresException (0x80004005): 42P01: relation "execution_statuses" does not exist

POSITION: 90
   at Npgsql.Internal.NpgsqlConnector.ReadMessageLong(Boolean async, DataRowLoadingMode dataRowLoadingMode, Boolean readingNotifications, Boolean isReadingPrependedMessage)
   at System.Runtime.CompilerServices.PoolingAsyncValueTaskMethodBuilder`1.StateMachineBox`1.System.Threading.Tasks.Sources.IValueTaskSource<TResult>.GetResult(Int16 token)
   at Npgsql.NpgsqlDataReader.NextResult(Boolean async, Boolean isConsuming, CancellationToken cancellationToken)
   at Npgsql.NpgsqlDataReader.NextResult(Boolean async, Boolean isConsuming, CancellationToken cancellationToken)
   at Npgsql.NpgsqlCommand.ExecuteReader(Boolean async, CommandBehavior behavior, CancellationToken cancellationToken)
   at Npgsql.NpgsqlCommand.ExecuteReader(Boolean async, CommandBehavior behavior, CancellationToken cancellationToken)
   at Npgsql.NpgsqlCommand.ExecuteDbDataReaderAsync(CommandBehavior behavior, CancellationToken cancellationToken)
   at Microsoft.EntityFrameworkCore.Storage.RelationalCommand.ExecuteReaderAsync(RelationalCommandParameterObject parameterObject, CancellationToken cancellationToken)
   at Microsoft.EntityFrameworkCore.Storage.RelationalCommand.ExecuteReaderAsync(RelationalCommandParameterObject parameterObject, CancellationToken cancellationToken)
   at Microsoft.EntityFrameworkCore.Query.Internal.SingleQueryingEnumerable`1.AsyncEnumerator.InitializeReaderAsync(AsyncEnumerator enumerator, CancellationToken cancellationToken)
   at Microsoft.EntityFrameworkCore.Storage.ExecutionStrategy.<>c__DisplayClass30_0`2.<<ExecuteAsync>b__0>d.MoveNext()
--- End of stack trace from previous location ---
   at Microsoft.EntityFrameworkCore.Storage.ExecutionStrategy.ExecuteImplementationAsync[TState,TResult](Func`4 operation, Func`4 verifySucceeded, TState state, CancellationToken cancellationToken)
   at Microsoft.EntityFrameworkCore.Storage.ExecutionStrategy.ExecuteImplementationAsync[TState,TResult](Func`4 operation, Func`4 verifySucceeded, TState state, CancellationToken cancellationToken)
   at Microsoft.EntityFrameworkCore.Storage.ExecutionStrategy.ExecuteAsync[TState,TResult](TState state, Func`4 operation, Func`4 verifySucceeded, CancellationToken cancellationToken)
   at Microsoft.EntityFrameworkCore.Query.Internal.SingleQueryingEnumerable`1.AsyncEnumerator.MoveNextAsync()
   at Microsoft.EntityFrameworkCore.EntityFrameworkQueryableExtensions.ToListAsync[TSource](IQueryable`1 source, CancellationToken cancellationToken)
   at Microsoft.EntityFrameworkCore.EntityFrameworkQueryableExtensions.ToListAsync[TSource](IQueryable`1 source, CancellationToken cancellationToken)
   at QAMS.Infrastructure.Repositories.CatalogRepository`1.GetAllAsync() in /src/src/QAMS.Infrastructure/Repositories/CatalogRepository.cs:line 37
   at QAMS.Application.Services.CatalogService.GetAllByCatalogNameAsync(String catalogName) in /src/src/QAMS.Application/Services/CatalogService.cs:line 59
   at Program.<>c__DisplayClass0_1.<<<Main>$>g__SeedIfEmpty|6>d.MoveNext() in /src/src/QAMS.Api/Program.cs:line 179
--- End of stack trace from previous location ---
   at Program.<Main>$(String[] args) in /src/src/QAMS.Api/Program.cs:line 199
  Exception data:
    Severity: ERROR
    SqlState: 42P01
    MessageText: relation "execution_statuses" does not exist
    Position: 90
    File: parse_relation.c
    Line: 1449
    Routine: parserOpenTable
2026-02-14 05:34:53.671 +00:00 [INF] QAMS API iniciada en Docker.
2026-02-14 05:34:53.682 +00:00 [WRN] Storing keys in a directory '/root/.aspnet/DataProtection-Keys' that may not be persisted outside of the container. Protected data will be unavailable when container is destroyed. For more information go to https://aka.ms/aspnet/dataprotectionwarning
2026-02-14 05:34:53.683 +00:00 [INF] User profile is available. Using '/root/.aspnet/DataProtection-Keys' as key repository; keys will not be encrypted at rest.
2026-02-14 05:34:53.719 +00:00 [WRN] Overriding HTTP_PORTS '8080' and HTTPS_PORTS ''. Binding to values defined by URLS instead 'http://+:8080'.
2026-02-14 05:34:53.729 +00:00 [WRN] The WebRootPath was not found: /app/wwwroot. Static files may be unavailable.
2026-02-14 05:34:53.755 +00:00 [INF] Now listening on: http://[::]:8080
2026-02-14 05:34:53.756 +00:00 [INF] Application started. Press Ctrl+C to shut down.
2026-02-14 05:34:53.758 +00:00 [INF] Hosting environment: Docker
2026-02-14 05:34:53.758 +00:00 [INF] Content root path: /app
2026-02-14 05:35:03.388 +00:00 [INF] Request starting HTTP/1.1 GET http://localhost:5000/swagger/index.html - null null
2026-02-14 05:35:03.474 +00:00 [INF] Request finished HTTP/1.1 GET http://localhost:5000/swagger/index.html - 200 null text/html;charset=utf-8 89.6027ms
2026-02-14 05:35:03.680 +00:00 [INF] Request starting HTTP/1.1 GET http://localhost:5000/swagger/v1/swagger.json - null null
2026-02-14 05:35:03.897 +00:00 [INF] Request finished HTTP/1.1 GET http://localhost:5000/swagger/v1/swagger.json - 200 null application/json;charset=utf-8 216.8825ms
2026-02-14 22:37:42.815 +00:00 [INF] Executed DbCommand (40ms) [Parameters=[], CommandType='"Text"', CommandTimeout='30']
SELECT EXISTS (
    SELECT 1 FROM pg_catalog.pg_class c
    JOIN pg_catalog.pg_namespace n ON n.oid=c.relnamespace
    WHERE n.nspname='public' AND
          c.relname='__EFMigrationsHistory'
)
2026-02-14 22:37:42.870 +00:00 [INF] Executed DbCommand (3ms) [Parameters=[], CommandType='"Text"', CommandTimeout='30']
SELECT "MigrationId", "ProductVersion"
FROM "__EFMigrationsHistory"
ORDER BY "MigrationId";
2026-02-14 22:37:42.882 +00:00 [INF] Executed DbCommand (2ms) [Parameters=[], CommandType='"Text"', CommandTimeout='30']
SELECT EXISTS (
    SELECT 1 FROM pg_catalog.pg_class c
    JOIN pg_catalog.pg_namespace n ON n.oid=c.relnamespace
    WHERE n.nspname='public' AND
          c.relname='__EFMigrationsHistory'
)
2026-02-14 22:37:42.892 +00:00 [INF] Executed DbCommand (1ms) [Parameters=[], CommandType='"Text"', CommandTimeout='30']
SELECT EXISTS (
    SELECT 1 FROM pg_catalog.pg_class c
    JOIN pg_catalog.pg_namespace n ON n.oid=c.relnamespace
    WHERE n.nspname='public' AND
          c.relname='__EFMigrationsHistory'
)
2026-02-14 22:37:42.894 +00:00 [INF] Executed DbCommand (1ms) [Parameters=[], CommandType='"Text"', CommandTimeout='30']
SELECT "MigrationId", "ProductVersion"
FROM "__EFMigrationsHistory"
ORDER BY "MigrationId";
2026-02-14 22:37:42.904 +00:00 [INF] Applying migration '20260214041238_InitialCreate'.
2026-02-14 22:37:43.036 +00:00 [INF] Executed DbCommand (35ms) [Parameters=[], CommandType='"Text"', CommandTimeout='30']
CREATE TABLE "EvidenceTypes" (
    "Id" integer GENERATED BY DEFAULT AS IDENTITY,
    "Code" text NOT NULL,
    "Name" text NOT NULL,
    "Description" text,
    "SortOrder" integer NOT NULL,
    "IsActive" boolean NOT NULL,
    "CreatedAt" timestamp with time zone NOT NULL,
    CONSTRAINT "PK_EvidenceTypes" PRIMARY KEY ("Id")
);
2026-02-14 22:37:43.057 +00:00 [INF] Executed DbCommand (20ms) [Parameters=[], CommandType='"Text"', CommandTimeout='30']
CREATE TABLE execution_statuses (
    id integer GENERATED BY DEFAULT AS IDENTITY,
    code character varying(50) NOT NULL,
    name character varying(100) NOT NULL,
    description character varying(500),
    sort_order integer NOT NULL DEFAULT 0,
    is_active boolean NOT NULL DEFAULT TRUE,
    created_at timestamp with time zone NOT NULL DEFAULT (NOW()),
    CONSTRAINT "PK_execution_statuses" PRIMARY KEY (id)
);
2026-02-14 22:37:43.089 +00:00 [INF] Executed DbCommand (31ms) [Parameters=[], CommandType='"Text"', CommandTimeout='30']
CREATE TABLE "Permissions" (
    "Id" uuid NOT NULL,
    "Code" text NOT NULL,
    "Description" text NOT NULL,
    "Module" text NOT NULL,
    "CreatedAt" timestamp with time zone NOT NULL,
    CONSTRAINT "PK_Permissions" PRIMARY KEY ("Id")
);
2026-02-14 22:37:43.122 +00:00 [INF] Executed DbCommand (32ms) [Parameters=[], CommandType='"Text"', CommandTimeout='30']
CREATE TABLE "Projects" (
    "Id" uuid NOT NULL,
    "Name" text NOT NULL,
    "Description" text,
    "IsActive" boolean NOT NULL,
    "CreatedAt" timestamp with time zone NOT NULL,
    "UpdatedAt" timestamp with time zone,
    CONSTRAINT "PK_Projects" PRIMARY KEY ("Id")
);
2026-02-14 22:37:43.145 +00:00 [INF] Executed DbCommand (22ms) [Parameters=[], CommandType='"Text"', CommandTimeout='30']
CREATE TABLE "Roles" (
    "Id" uuid NOT NULL,
    "Name" text NOT NULL,
    "Description" text,
    "IsActive" boolean NOT NULL,
    "CreatedAt" timestamp with time zone NOT NULL,
    CONSTRAINT "PK_Roles" PRIMARY KEY ("Id")
);
2026-02-14 22:37:43.166 +00:00 [INF] Executed DbCommand (20ms) [Parameters=[], CommandType='"Text"', CommandTimeout='30']
CREATE TABLE "StepResultStatuses" (
    "Id" integer GENERATED BY DEFAULT AS IDENTITY,
    "Code" text NOT NULL,
    "Name" text NOT NULL,
    "Description" text,
    "SortOrder" integer NOT NULL,
    "IsActive" boolean NOT NULL,
    "CreatedAt" timestamp with time zone NOT NULL,
    CONSTRAINT "PK_StepResultStatuses" PRIMARY KEY ("Id")
);
2026-02-14 22:37:43.188 +00:00 [INF] Executed DbCommand (20ms) [Parameters=[], CommandType='"Text"', CommandTimeout='30']
CREATE TABLE "TaskPriorities" (
    "Id" integer GENERATED BY DEFAULT AS IDENTITY,
    "Code" text NOT NULL,
    "Name" text NOT NULL,
    "Description" text,
    "SortOrder" integer NOT NULL,
    "IsActive" boolean NOT NULL,
    "CreatedAt" timestamp with time zone NOT NULL,
    CONSTRAINT "PK_TaskPriorities" PRIMARY KEY ("Id")
);
2026-02-14 22:37:43.218 +00:00 [INF] Executed DbCommand (22ms) [Parameters=[], CommandType='"Text"', CommandTimeout='30']
CREATE TABLE "TestCasePriorities" (
    "Id" integer GENERATED BY DEFAULT AS IDENTITY,
    "Code" text NOT NULL,
    "Name" text NOT NULL,
    "Description" text,
    "SortOrder" integer NOT NULL,
    "IsActive" boolean NOT NULL,
    "CreatedAt" timestamp with time zone NOT NULL,
    CONSTRAINT "PK_TestCasePriorities" PRIMARY KEY ("Id")
);
2026-02-14 22:37:43.237 +00:00 [INF] Executed DbCommand (17ms) [Parameters=[], CommandType='"Text"', CommandTimeout='30']
CREATE TABLE "Users" (
    "Id" uuid NOT NULL,
    "Username" text NOT NULL,
    "Email" text NOT NULL,
    "PasswordHash" text NOT NULL,
    "FullName" text NOT NULL,
    "IsActive" boolean NOT NULL,
    "RefreshToken" text,
    "RefreshTokenExpiryTime" timestamp with time zone,
    "CreatedAt" timestamp with time zone NOT NULL,
    "UpdatedAt" timestamp with time zone,
    CONSTRAINT "PK_Users" PRIMARY KEY ("Id")
);
2026-02-14 22:37:43.258 +00:00 [INF] Executed DbCommand (20ms) [Parameters=[], CommandType='"Text"', CommandTimeout='30']
CREATE TABLE "KanbanBoards" (
    "Id" uuid NOT NULL,
    "ProjectId" uuid NOT NULL,
    "Name" text NOT NULL,
    "CreatedAt" timestamp with time zone NOT NULL,
    CONSTRAINT "PK_KanbanBoards" PRIMARY KEY ("Id"),
    CONSTRAINT "FK_KanbanBoards_Projects_ProjectId" FOREIGN KEY ("ProjectId") REFERENCES "Projects" ("Id") ON DELETE CASCADE
);
2026-02-14 22:37:43.277 +00:00 [INF] Executed DbCommand (17ms) [Parameters=[], CommandType='"Text"', CommandTimeout='30']
CREATE TABLE "TestSuites" (
    "Id" uuid NOT NULL,
    "ProjectId" uuid NOT NULL,
    "Name" text NOT NULL,
    "Description" text,
    "CreatedAt" timestamp with time zone NOT NULL,
    CONSTRAINT "PK_TestSuites" PRIMARY KEY ("Id"),
    CONSTRAINT "FK_TestSuites_Projects_ProjectId" FOREIGN KEY ("ProjectId") REFERENCES "Projects" ("Id") ON DELETE CASCADE
);
2026-02-14 22:37:43.293 +00:00 [INF] Executed DbCommand (14ms) [Parameters=[], CommandType='"Text"', CommandTimeout='30']
CREATE TABLE role_permissions (
    "RoleId" uuid NOT NULL,
    "PermissionId" uuid NOT NULL,
    "AssignedAt" timestamp with time zone NOT NULL,
    CONSTRAINT "PK_role_permissions" PRIMARY KEY ("RoleId", "PermissionId"),
    CONSTRAINT "FK_role_permissions_Permissions_PermissionId" FOREIGN KEY ("PermissionId") REFERENCES "Permissions" ("Id") ON DELETE CASCADE,
    CONSTRAINT "FK_role_permissions_Roles_RoleId" FOREIGN KEY ("RoleId") REFERENCES "Roles" ("Id") ON DELETE CASCADE
);
2026-02-14 22:37:43.305 +00:00 [INF] Executed DbCommand (10ms) [Parameters=[], CommandType='"Text"', CommandTimeout='30']
CREATE TABLE user_roles (
    "UserId" uuid NOT NULL,
    "RoleId" uuid NOT NULL,
    "AssignedAt" timestamp with time zone NOT NULL,
    CONSTRAINT "PK_user_roles" PRIMARY KEY ("UserId", "RoleId"),
    CONSTRAINT "FK_user_roles_Roles_RoleId" FOREIGN KEY ("RoleId") REFERENCES "Roles" ("Id") ON DELETE CASCADE,
    CONSTRAINT "FK_user_roles_Users_UserId" FOREIGN KEY ("UserId") REFERENCES "Users" ("Id") ON DELETE CASCADE
);
2026-02-14 22:37:43.326 +00:00 [INF] Executed DbCommand (21ms) [Parameters=[], CommandType='"Text"', CommandTimeout='30']
CREATE TABLE "KanbanColumns" (
    "Id" uuid NOT NULL,
    "KanbanBoardId" uuid NOT NULL,
    "Name" text NOT NULL,
    "OrderIndex" integer NOT NULL,
    "CreatedAt" timestamp with time zone NOT NULL,
    CONSTRAINT "PK_KanbanColumns" PRIMARY KEY ("Id"),
    CONSTRAINT "FK_KanbanColumns_KanbanBoards_KanbanBoardId" FOREIGN KEY ("KanbanBoardId") REFERENCES "KanbanBoards" ("Id") ON DELETE CASCADE
);
2026-02-14 22:37:43.352 +00:00 [INF] Executed DbCommand (24ms) [Parameters=[], CommandType='"Text"', CommandTimeout='30']
CREATE TABLE "TestCases" (
    "Id" uuid NOT NULL,
    "TestSuiteId" uuid NOT NULL,
    "Title" text NOT NULL,
    "Description" text,
    "Preconditions" text,
    "ExpectedResult" text NOT NULL,
    "PriorityId" integer NOT NULL,
    "IsActive" boolean NOT NULL,
    "CreatedAt" timestamp with time zone NOT NULL,
    "UpdatedAt" timestamp with time zone,
    CONSTRAINT "PK_TestCases" PRIMARY KEY ("Id"),
    CONSTRAINT "FK_TestCases_TestCasePriorities_PriorityId" FOREIGN KEY ("PriorityId") REFERENCES "TestCasePriorities" ("Id") ON DELETE CASCADE,
    CONSTRAINT "FK_TestCases_TestSuites_TestSuiteId" FOREIGN KEY ("TestSuiteId") REFERENCES "TestSuites" ("Id") ON DELETE CASCADE
);
2026-02-14 22:37:43.379 +00:00 [INF] Executed DbCommand (26ms) [Parameters=[], CommandType='"Text"', CommandTimeout='30']
CREATE TABLE "KanbanTasks" (
    "Id" uuid NOT NULL,
    "KanbanColumnId" uuid NOT NULL,
    "Title" text NOT NULL,
    "Description" text,
    "AssigneeId" uuid,
    "TestCaseId" uuid,
    "PriorityId" integer NOT NULL,
    "DueDate" timestamp with time zone,
    "OrderIndex" integer NOT NULL,
    "CreatedAt" timestamp with time zone NOT NULL,
    "UpdatedAt" timestamp with time zone,
    CONSTRAINT "PK_KanbanTasks" PRIMARY KEY ("Id"),
    CONSTRAINT "FK_KanbanTasks_KanbanColumns_KanbanColumnId" FOREIGN KEY ("KanbanColumnId") REFERENCES "KanbanColumns" ("Id") ON DELETE CASCADE,
    CONSTRAINT "FK_KanbanTasks_TaskPriorities_PriorityId" FOREIGN KEY ("PriorityId") REFERENCES "TaskPriorities" ("Id") ON DELETE CASCADE,
    CONSTRAINT "FK_KanbanTasks_TestCases_TestCaseId" FOREIGN KEY ("TestCaseId") REFERENCES "TestCases" ("Id"),
    CONSTRAINT "FK_KanbanTasks_Users_AssigneeId" FOREIGN KEY ("AssigneeId") REFERENCES "Users" ("Id")
);
2026-02-14 22:37:43.402 +00:00 [INF] Executed DbCommand (22ms) [Parameters=[], CommandType='"Text"', CommandTimeout='30']
CREATE TABLE test_executions (
    id uuid NOT NULL,
    test_case_id uuid NOT NULL,
    tester_id uuid NOT NULL,
    status_id integer NOT NULL,
    notes character varying(2000),
    execution_date timestamp with time zone NOT NULL DEFAULT (NOW()),
    completed_at timestamp with time zone,
    CONSTRAINT "PK_test_executions" PRIMARY KEY (id),
    CONSTRAINT "FK_test_executions_TestCases_test_case_id" FOREIGN KEY (test_case_id) REFERENCES "TestCases" ("Id") ON DELETE CASCADE,
    CONSTRAINT "FK_test_executions_Users_tester_id" FOREIGN KEY (tester_id) REFERENCES "Users" ("Id") ON DELETE RESTRICT,
    CONSTRAINT "FK_test_executions_execution_statuses_status_id" FOREIGN KEY (status_id) REFERENCES execution_statuses (id) ON DELETE RESTRICT
);
2026-02-14 22:37:43.425 +00:00 [INF] Executed DbCommand (22ms) [Parameters=[], CommandType='"Text"', CommandTimeout='30']
CREATE TABLE "TestSteps" (
    "Id" uuid NOT NULL,
    "TestCaseId" uuid NOT NULL,
    "StepOrder" integer NOT NULL,
    "Action" text NOT NULL,
    "ExpectedResult" text NOT NULL,
    CONSTRAINT "PK_TestSteps" PRIMARY KEY ("Id"),
    CONSTRAINT "FK_TestSteps_TestCases_TestCaseId" FOREIGN KEY ("TestCaseId") REFERENCES "TestCases" ("Id") ON DELETE CASCADE
);
2026-02-14 22:37:43.446 +00:00 [INF] Executed DbCommand (19ms) [Parameters=[], CommandType='"Text"', CommandTimeout='30']
CREATE TABLE "Evidences" (
    "Id" uuid NOT NULL,
    "TestExecutionId" uuid NOT NULL,
    "FileTypeId" integer NOT NULL,
    "FileName" text NOT NULL,
    "FilePath" text NOT NULL,
    "FileSize" bigint NOT NULL,
    "ContentType" text NOT NULL,
    "Description" text,
    "UploadedAt" timestamp with time zone NOT NULL,
    CONSTRAINT "PK_Evidences" PRIMARY KEY ("Id"),
    CONSTRAINT "FK_Evidences_EvidenceTypes_FileTypeId" FOREIGN KEY ("FileTypeId") REFERENCES "EvidenceTypes" ("Id") ON DELETE CASCADE,
    CONSTRAINT "FK_Evidences_test_executions_TestExecutionId" FOREIGN KEY ("TestExecutionId") REFERENCES test_executions (id) ON DELETE CASCADE
);
2026-02-14 22:37:43.469 +00:00 [INF] Executed DbCommand (22ms) [Parameters=[], CommandType='"Text"', CommandTimeout='30']
CREATE TABLE "ExecutionStepResults" (
    "Id" uuid NOT NULL,
    "TestExecutionId" uuid NOT NULL,
    "TestStepId" uuid NOT NULL,
    "StatusId" integer NOT NULL,
    "ActualResult" text,
    "Notes" text,
    "EvaluatedAt" timestamp with time zone NOT NULL,
    CONSTRAINT "PK_ExecutionStepResults" PRIMARY KEY ("Id"),
    CONSTRAINT "FK_ExecutionStepResults_StepResultStatuses_StatusId" FOREIGN KEY ("StatusId") REFERENCES "StepResultStatuses" ("Id") ON DELETE CASCADE,
    CONSTRAINT "FK_ExecutionStepResults_TestSteps_TestStepId" FOREIGN KEY ("TestStepId") REFERENCES "TestSteps" ("Id") ON DELETE CASCADE,
    CONSTRAINT "FK_ExecutionStepResults_test_executions_TestExecutionId" FOREIGN KEY ("TestExecutionId") REFERENCES test_executions (id) ON DELETE CASCADE
);
2026-02-14 22:37:43.481 +00:00 [INF] Executed DbCommand (11ms) [Parameters=[], CommandType='"Text"', CommandTimeout='30']
INSERT INTO "Permissions" ("Id", "Code", "CreatedAt", "Description", "Module")
VALUES ('41544143-4f4c-5347-5f4d-414e41474500', 'CATALOGS_MANAGE', TIMESTAMPTZ '2025-01-01T00:00:00Z', 'Administrar catálogos', 'Catalogs');
INSERT INTO "Permissions" ("Id", "Code", "CreatedAt", "Description", "Module")
VALUES ('41544143-4f4c-5347-5f56-494557000000', 'CATALOGS_VIEW', TIMESTAMPTZ '2025-01-01T00:00:00Z', 'Ver catálogos', 'Catalogs');
INSERT INTO "Permissions" ("Id", "Code", "CreatedAt", "Description", "Module")
VALUES ('424e414b-4e41-435f-5245-415445000000', 'KANBAN_CREATE', TIMESTAMPTZ '2025-01-01T00:00:00Z', 'Crear tableros/tareas', 'Kanban');
INSERT INTO "Permissions" ("Id", "Code", "CreatedAt", "Description", "Module")
VALUES ('424e414b-4e41-445f-454c-455445000000', 'KANBAN_DELETE', TIMESTAMPTZ '2025-01-01T00:00:00Z', 'Eliminar tareas', 'Kanban');
INSERT INTO "Permissions" ("Id", "Code", "CreatedAt", "Description", "Module")
VALUES ('424e414b-4e41-555f-5044-415445000000', 'KANBAN_UPDATE', TIMESTAMPTZ '2025-01-01T00:00:00Z', 'Mover tareas', 'Kanban');
INSERT INTO "Permissions" ("Id", "Code", "CreatedAt", "Description", "Module")
VALUES ('424e414b-4e41-565f-4945-570000000000', 'KANBAN_VIEW', TIMESTAMPTZ '2025-01-01T00:00:00Z', 'Ver tableros Kanban', 'Kanban');
INSERT INTO "Permissions" ("Id", "Code", "CreatedAt", "Description", "Module")
VALUES ('43455845-5455-4f49-4e53-5f4352454154', 'EXECUTIONS_CREATE', TIMESTAMPTZ '2025-01-01T00:00:00Z', 'Crear ejecuciones', 'Executions');
INSERT INTO "Permissions" ("Id", "Code", "CreatedAt", "Description", "Module")
VALUES ('43455845-5455-4f49-4e53-5f5550444154', 'EXECUTIONS_UPDATE', TIMESTAMPTZ '2025-01-01T00:00:00Z', 'Actualizar ejecuciones', 'Executions');
INSERT INTO "Permissions" ("Id", "Code", "CreatedAt", "Description", "Module")
VALUES ('43455845-5455-4f49-4e53-5f55504c4f41', 'EXECUTIONS_UPLOAD_EVIDENCE', TIMESTAMPTZ '2025-01-01T00:00:00Z', 'Subir evidencia', 'Executions');
INSERT INTO "Permissions" ("Id", "Code", "CreatedAt", "Description", "Module")
VALUES ('43455845-5455-4f49-4e53-5f5649455700', 'EXECUTIONS_VIEW', TIMESTAMPTZ '2025-01-01T00:00:00Z', 'Ver ejecuciones', 'Executions');
INSERT INTO "Permissions" ("Id", "Code", "CreatedAt", "Description", "Module")
VALUES ('454c4f52-5f53-4544-4c45-544500000000', 'ROLES_DELETE', TIMESTAMPTZ '2025-01-01T00:00:00Z', 'Eliminar roles', 'Roles');
INSERT INTO "Permissions" ("Id", "Code", "CreatedAt", "Description", "Module")
VALUES ('454c4f52-5f53-4956-4557-000000000000', 'ROLES_VIEW', TIMESTAMPTZ '2025-01-01T00:00:00Z', 'Ver roles', 'Roles');
INSERT INTO "Permissions" ("Id", "Code", "CreatedAt", "Description", "Module")
VALUES ('454c4f52-5f53-5055-4441-544500000000', 'ROLES_UPDATE', TIMESTAMPTZ '2025-01-01T00:00:00Z', 'Actualizar roles', 'Roles');
INSERT INTO "Permissions" ("Id", "Code", "CreatedAt", "Description", "Module")
VALUES ('454c4f52-5f53-5243-4541-544500000000', 'ROLES_CREATE', TIMESTAMPTZ '2025-01-01T00:00:00Z', 'Crear roles', 'Roles');
INSERT INTO "Permissions" ("Id", "Code", "CreatedAt", "Description", "Module")
VALUES ('454c4f52-5f53-5341-5349-474e5f504552', 'ROLES_ASSIGN_PERMISSIONS', TIMESTAMPTZ '2025-01-01T00:00:00Z', 'Asignar permisos a roles', 'Roles');
INSERT INTO "Permissions" ("Id", "Code", "CreatedAt", "Description", "Module")
VALUES ('48534144-4f42-5241-445f-564945570000', 'DASHBOARD_VIEW', TIMESTAMPTZ '2025-01-01T00:00:00Z', 'Ver dashboard', 'Dashboard');
INSERT INTO "Permissions" ("Id", "Code", "CreatedAt", "Description", "Module")
VALUES ('4a4f5250-4345-5354-5f43-524541544500', 'PROJECTS_CREATE', TIMESTAMPTZ '2025-01-01T00:00:00Z', 'Crear proyectos', 'Projects');
INSERT INTO "Permissions" ("Id", "Code", "CreatedAt", "Description", "Module")
VALUES ('4a4f5250-4345-5354-5f44-454c45544500', 'PROJECTS_DELETE', TIMESTAMPTZ '2025-01-01T00:00:00Z', 'Eliminar proyectos', 'Projects');
INSERT INTO "Permissions" ("Id", "Code", "CreatedAt", "Description", "Module")
VALUES ('4a4f5250-4345-5354-5f55-504441544500', 'PROJECTS_UPDATE', TIMESTAMPTZ '2025-01-01T00:00:00Z', 'Actualizar proyectos', 'Projects');
INSERT INTO "Permissions" ("Id", "Code", "CreatedAt", "Description", "Module")
VALUES ('4a4f5250-4345-5354-5f56-494557000000', 'PROJECTS_VIEW', TIMESTAMPTZ '2025-01-01T00:00:00Z', 'Ver proyectos', 'Projects');
INSERT INTO "Permissions" ("Id", "Code", "CreatedAt", "Description", "Module")
VALUES ('52455355-5f53-4544-4c45-544500000000', 'USERS_DELETE', TIMESTAMPTZ '2025-01-01T00:00:00Z', 'Eliminar usuarios', 'Users');
INSERT INTO "Permissions" ("Id", "Code", "CreatedAt", "Description", "Module")
VALUES ('52455355-5f53-4956-4557-000000000000', 'USERS_VIEW', TIMESTAMPTZ '2025-01-01T00:00:00Z', 'Ver usuarios', 'Users');
INSERT INTO "Permissions" ("Id", "Code", "CreatedAt", "Description", "Module")
VALUES ('52455355-5f53-5055-4441-544500000000', 'USERS_UPDATE', TIMESTAMPTZ '2025-01-01T00:00:00Z', 'Actualizar usuarios', 'Users');
INSERT INTO "Permissions" ("Id", "Code", "CreatedAt", "Description", "Module")
VALUES ('52455355-5f53-5243-4541-544500000000', 'USERS_CREATE', TIMESTAMPTZ '2025-01-01T00:00:00Z', 'Crear usuarios', 'Users');
INSERT INTO "Permissions" ("Id", "Code", "CreatedAt", "Description", "Module")
VALUES ('54534554-435f-5341-4553-5f4352454154', 'TEST_CASES_CREATE', TIMESTAMPTZ '2025-01-01T00:00:00Z', 'Crear casos de prueba', 'TestCases');
INSERT INTO "Permissions" ("Id", "Code", "CreatedAt", "Description", "Module")
VALUES ('54534554-435f-5341-4553-5f44454c4554', 'TEST_CASES_DELETE', TIMESTAMPTZ '2025-01-01T00:00:00Z', 'Eliminar casos de prueba', 'TestCases');
INSERT INTO "Permissions" ("Id", "Code", "CreatedAt", "Description", "Module")
VALUES ('54534554-435f-5341-4553-5f5550444154', 'TEST_CASES_UPDATE', TIMESTAMPTZ '2025-01-01T00:00:00Z', 'Actualizar casos de prueba', 'TestCases');
INSERT INTO "Permissions" ("Id", "Code", "CreatedAt", "Description", "Module")
VALUES ('54534554-435f-5341-4553-5f5649455700', 'TEST_CASES_VIEW', TIMESTAMPTZ '2025-01-01T00:00:00Z', 'Ver casos de prueba', 'TestCases');
2026-02-14 22:37:43.486 +00:00 [INF] Executed DbCommand (2ms) [Parameters=[], CommandType='"Text"', CommandTimeout='30']
INSERT INTO execution_statuses (id, code, created_at, description, is_active, name, sort_order)
VALUES (1, 'PENDING', TIMESTAMPTZ '2026-02-14T04:12:37.143236Z', 'Ejecución creada pero no iniciada.', TRUE, 'Pendiente', 1);
INSERT INTO execution_statuses (id, code, created_at, description, is_active, name, sort_order)
VALUES (2, 'IN_PROGRESS', TIMESTAMPTZ '2026-02-14T04:12:37.143238Z', 'Ejecución en curso.', TRUE, 'En Progreso', 2);
INSERT INTO execution_statuses (id, code, created_at, description, is_active, name, sort_order)
VALUES (3, 'PASSED', TIMESTAMPTZ '2026-02-14T04:12:37.143238Z', 'Todos los pasos exitosos.', TRUE, 'Aprobado', 3);
INSERT INTO execution_statuses (id, code, created_at, description, is_active, name, sort_order)
VALUES (4, 'FAILED', TIMESTAMPTZ '2026-02-14T04:12:37.143238Z', 'Al menos un paso falló.', TRUE, 'Fallido', 4);
INSERT INTO execution_statuses (id, code, created_at, description, is_active, name, sort_order)
VALUES (5, 'BLOCKED', TIMESTAMPTZ '2026-02-14T04:12:37.143239Z', 'Impedimento externo.', TRUE, 'Bloqueado', 5);
INSERT INTO execution_statuses (id, code, created_at, description, is_active, name, sort_order)
VALUES (6, 'SKIPPED', TIMESTAMPTZ '2026-02-14T04:12:37.143239Z', 'Omitido intencionalmente.', TRUE, 'Omitido', 6);
2026-02-14 22:37:43.496 +00:00 [INF] Executed DbCommand (9ms) [Parameters=[], CommandType='"Text"', CommandTimeout='30']
CREATE INDEX "IX_Evidences_FileTypeId" ON "Evidences" ("FileTypeId");
2026-02-14 22:37:43.509 +00:00 [INF] Executed DbCommand (11ms) [Parameters=[], CommandType='"Text"', CommandTimeout='30']
CREATE INDEX "IX_Evidences_TestExecutionId" ON "Evidences" ("TestExecutionId");
2026-02-14 22:37:43.521 +00:00 [INF] Executed DbCommand (11ms) [Parameters=[], CommandType='"Text"', CommandTimeout='30']
CREATE UNIQUE INDEX "IX_execution_statuses_code" ON execution_statuses (code);
2026-02-14 22:37:43.534 +00:00 [INF] Executed DbCommand (12ms) [Parameters=[], CommandType='"Text"', CommandTimeout='30']
CREATE INDEX "IX_ExecutionStepResults_StatusId" ON "ExecutionStepResults" ("StatusId");
2026-02-14 22:37:43.547 +00:00 [INF] Executed DbCommand (12ms) [Parameters=[], CommandType='"Text"', CommandTimeout='30']
CREATE INDEX "IX_ExecutionStepResults_TestExecutionId" ON "ExecutionStepResults" ("TestExecutionId");
2026-02-14 22:37:43.561 +00:00 [INF] Executed DbCommand (13ms) [Parameters=[], CommandType='"Text"', CommandTimeout='30']
CREATE INDEX "IX_ExecutionStepResults_TestStepId" ON "ExecutionStepResults" ("TestStepId");
2026-02-14 22:37:43.573 +00:00 [INF] Executed DbCommand (10ms) [Parameters=[], CommandType='"Text"', CommandTimeout='30']
CREATE INDEX "IX_KanbanBoards_ProjectId" ON "KanbanBoards" ("ProjectId");
2026-02-14 22:37:43.586 +00:00 [INF] Executed DbCommand (12ms) [Parameters=[], CommandType='"Text"', CommandTimeout='30']
CREATE INDEX "IX_KanbanColumns_KanbanBoardId" ON "KanbanColumns" ("KanbanBoardId");
2026-02-14 22:37:43.599 +00:00 [INF] Executed DbCommand (12ms) [Parameters=[], CommandType='"Text"', CommandTimeout='30']
CREATE INDEX "IX_KanbanTasks_AssigneeId" ON "KanbanTasks" ("AssigneeId");
2026-02-14 22:37:43.609 +00:00 [INF] Executed DbCommand (9ms) [Parameters=[], CommandType='"Text"', CommandTimeout='30']
CREATE INDEX "IX_KanbanTasks_KanbanColumnId" ON "KanbanTasks" ("KanbanColumnId");
2026-02-14 22:37:43.620 +00:00 [INF] Executed DbCommand (10ms) [Parameters=[], CommandType='"Text"', CommandTimeout='30']
CREATE INDEX "IX_KanbanTasks_PriorityId" ON "KanbanTasks" ("PriorityId");
2026-02-14 22:37:43.632 +00:00 [INF] Executed DbCommand (11ms) [Parameters=[], CommandType='"Text"', CommandTimeout='30']
CREATE INDEX "IX_KanbanTasks_TestCaseId" ON "KanbanTasks" ("TestCaseId");
2026-02-14 22:37:43.643 +00:00 [INF] Executed DbCommand (10ms) [Parameters=[], CommandType='"Text"', CommandTimeout='30']
CREATE INDEX "IX_role_permissions_PermissionId" ON role_permissions ("PermissionId");
2026-02-14 22:37:43.661 +00:00 [INF] Executed DbCommand (16ms) [Parameters=[], CommandType='"Text"', CommandTimeout='30']
CREATE INDEX "IX_test_executions_status_id" ON test_executions (status_id);
2026-02-14 22:37:43.673 +00:00 [INF] Executed DbCommand (11ms) [Parameters=[], CommandType='"Text"', CommandTimeout='30']
CREATE INDEX "IX_test_executions_test_case_id" ON test_executions (test_case_id);
2026-02-14 22:37:43.686 +00:00 [INF] Executed DbCommand (13ms) [Parameters=[], CommandType='"Text"', CommandTimeout='30']
CREATE INDEX "IX_test_executions_tester_id" ON test_executions (tester_id);
2026-02-14 22:37:43.696 +00:00 [INF] Executed DbCommand (8ms) [Parameters=[], CommandType='"Text"', CommandTimeout='30']
CREATE INDEX "IX_TestCases_PriorityId" ON "TestCases" ("PriorityId");
2026-02-14 22:37:43.706 +00:00 [INF] Executed DbCommand (10ms) [Parameters=[], CommandType='"Text"', CommandTimeout='30']
CREATE INDEX "IX_TestCases_TestSuiteId" ON "TestCases" ("TestSuiteId");
2026-02-14 22:37:43.719 +00:00 [INF] Executed DbCommand (12ms) [Parameters=[], CommandType='"Text"', CommandTimeout='30']
CREATE INDEX "IX_TestSteps_TestCaseId" ON "TestSteps" ("TestCaseId");
2026-02-14 22:37:43.728 +00:00 [INF] Executed DbCommand (8ms) [Parameters=[], CommandType='"Text"', CommandTimeout='30']
CREATE INDEX "IX_TestSuites_ProjectId" ON "TestSuites" ("ProjectId");
2026-02-14 22:37:43.738 +00:00 [INF] Executed DbCommand (9ms) [Parameters=[], CommandType='"Text"', CommandTimeout='30']
CREATE INDEX "IX_user_roles_RoleId" ON user_roles ("RoleId");
2026-02-14 22:37:43.743 +00:00 [INF] Executed DbCommand (5ms) [Parameters=[], CommandType='"Text"', CommandTimeout='30']
SELECT setval(
    pg_get_serial_sequence('execution_statuses', 'id'),
    GREATEST(
        (SELECT MAX(id) FROM execution_statuses) + 1,
        nextval(pg_get_serial_sequence('execution_statuses', 'id'))),
    false);
2026-02-14 22:37:43.746 +00:00 [INF] Executed DbCommand (1ms) [Parameters=[], CommandType='"Text"', CommandTimeout='30']
INSERT INTO "__EFMigrationsHistory" ("MigrationId", "ProductVersion")
VALUES ('20260214041238_InitialCreate', '8.0.11');
2026-02-14 22:37:43.766 +00:00 [INF] Database migrations applied.
2026-02-14 22:37:43.775 +00:00 [INF] Executed DbCommand (1ms) [Parameters=[], CommandType='"Text"', CommandTimeout='30']
SELECT EXISTS (
    SELECT 1 FROM pg_catalog.pg_class c
    JOIN pg_catalog.pg_namespace n ON n.oid=c.relnamespace
    WHERE n.nspname='public' AND
          c.relname='__EFMigrationsHistory'
)
2026-02-14 22:37:43.776 +00:00 [INF] Executed DbCommand (1ms) [Parameters=[], CommandType='"Text"', CommandTimeout='30']
SELECT "MigrationId", "ProductVersion"
FROM "__EFMigrationsHistory"
ORDER BY "MigrationId";
2026-02-14 22:37:43.786 +00:00 [INF] Obteniendo todos del catálogo 'executionstatus'.
2026-02-14 22:37:43.932 +00:00 [INF] Executed DbCommand (6ms) [Parameters=[], CommandType='"Text"', CommandTimeout='30']
SELECT e.id, e.code, e.created_at, e.description, e.is_active, e.name, e.sort_order
FROM execution_statuses AS e
ORDER BY e.sort_order
2026-02-14 22:37:43.949 +00:00 [INF] Obteniendo todos del catálogo 'evidencetype'.
2026-02-14 22:37:43.955 +00:00 [INF] Executed DbCommand (1ms) [Parameters=[], CommandType='"Text"', CommandTimeout='30']
SELECT e."Id", e."Code", e."CreatedAt", e."Description", e."IsActive", e."Name", e."SortOrder"
FROM "EvidenceTypes" AS e
ORDER BY e."SortOrder"
2026-02-14 22:37:43.957 +00:00 [INF] Creando valor en catálogo 'evidencetype': IMAGE.
2026-02-14 22:37:44.012 +00:00 [INF] Executed DbCommand (9ms) [Parameters=[@__ToLower_0='?'], CommandType='"Text"', CommandTimeout='30']
SELECT EXISTS (
    SELECT 1
    FROM "EvidenceTypes" AS e
    WHERE lower(e."Code") = @__ToLower_0)
2026-02-14 22:37:44.114 +00:00 [INF] Executed DbCommand (5ms) [Parameters=[@p0='?', @p1='?' (DbType = DateTime), @p2='?', @p3='?' (DbType = Boolean), @p4='?', @p5='?' (DbType = Int32)], CommandType='"Text"', CommandTimeout='30']
INSERT INTO "EvidenceTypes" ("Code", "CreatedAt", "Description", "IsActive", "Name", "SortOrder")
VALUES (@p0, @p1, @p2, @p3, @p4, @p5)
RETURNING "Id";
2026-02-14 22:37:44.127 +00:00 [INF] 1 cambios persistidos.
2026-02-14 22:37:44.128 +00:00 [INF] Creando valor en catálogo 'evidencetype': VIDEO.
2026-02-14 22:37:44.131 +00:00 [INF] Executed DbCommand (1ms) [Parameters=[@__ToLower_0='?'], CommandType='"Text"', CommandTimeout='30']
SELECT EXISTS (
    SELECT 1
    FROM "EvidenceTypes" AS e
    WHERE lower(e."Code") = @__ToLower_0)
2026-02-14 22:37:44.138 +00:00 [INF] Executed DbCommand (4ms) [Parameters=[@p0='?', @p1='?' (DbType = DateTime), @p2='?', @p3='?' (DbType = Boolean), @p4='?', @p5='?' (DbType = Int32)], CommandType='"Text"', CommandTimeout='30']
INSERT INTO "EvidenceTypes" ("Code", "CreatedAt", "Description", "IsActive", "Name", "SortOrder")
VALUES (@p0, @p1, @p2, @p3, @p4, @p5)
RETURNING "Id";
2026-02-14 22:37:44.139 +00:00 [INF] 1 cambios persistidos.
2026-02-14 22:37:44.140 +00:00 [INF] Creando valor en catálogo 'evidencetype': DOCUMENT.
2026-02-14 22:37:44.141 +00:00 [INF] Executed DbCommand (0ms) [Parameters=[@__ToLower_0='?'], CommandType='"Text"', CommandTimeout='30']
SELECT EXISTS (
    SELECT 1
    FROM "EvidenceTypes" AS e
    WHERE lower(e."Code") = @__ToLower_0)
2026-02-14 22:37:44.146 +00:00 [INF] Executed DbCommand (4ms) [Parameters=[@p0='?', @p1='?' (DbType = DateTime), @p2='?', @p3='?' (DbType = Boolean), @p4='?', @p5='?' (DbType = Int32)], CommandType='"Text"', CommandTimeout='30']
INSERT INTO "EvidenceTypes" ("Code", "CreatedAt", "Description", "IsActive", "Name", "SortOrder")
VALUES (@p0, @p1, @p2, @p3, @p4, @p5)
RETURNING "Id";
2026-02-14 22:37:44.147 +00:00 [INF] 1 cambios persistidos.
2026-02-14 22:37:44.148 +00:00 [INF] Creando valor en catálogo 'evidencetype': LOG_FILE.
2026-02-14 22:37:44.150 +00:00 [INF] Executed DbCommand (1ms) [Parameters=[@__ToLower_0='?'], CommandType='"Text"', CommandTimeout='30']
SELECT EXISTS (
    SELECT 1
    FROM "EvidenceTypes" AS e
    WHERE lower(e."Code") = @__ToLower_0)
2026-02-14 22:37:44.156 +00:00 [INF] Executed DbCommand (4ms) [Parameters=[@p0='?', @p1='?' (DbType = DateTime), @p2='?', @p3='?' (DbType = Boolean), @p4='?', @p5='?' (DbType = Int32)], CommandType='"Text"', CommandTimeout='30']
INSERT INTO "EvidenceTypes" ("Code", "CreatedAt", "Description", "IsActive", "Name", "SortOrder")
VALUES (@p0, @p1, @p2, @p3, @p4, @p5)
RETURNING "Id";
2026-02-14 22:37:44.157 +00:00 [INF] 1 cambios persistidos.
2026-02-14 22:37:44.158 +00:00 [INF] Seeded catalog evidencetype with 4 items.
2026-02-14 22:37:44.159 +00:00 [INF] Obteniendo todos del catálogo 'stepresultstatus'.
2026-02-14 22:37:44.165 +00:00 [INF] Executed DbCommand (1ms) [Parameters=[], CommandType='"Text"', CommandTimeout='30']
SELECT s."Id", s."Code", s."CreatedAt", s."Description", s."IsActive", s."Name", s."SortOrder"
FROM "StepResultStatuses" AS s
ORDER BY s."SortOrder"
2026-02-14 22:37:44.167 +00:00 [INF] Creando valor en catálogo 'stepresultstatus': NOT_EXECUTED.
2026-02-14 22:37:44.171 +00:00 [INF] Executed DbCommand (1ms) [Parameters=[@__ToLower_0='?'], CommandType='"Text"', CommandTimeout='30']
SELECT EXISTS (
    SELECT 1
    FROM "StepResultStatuses" AS s
    WHERE lower(s."Code") = @__ToLower_0)
2026-02-14 22:37:44.224 +00:00 [INF] Executed DbCommand (11ms) [Parameters=[@p0='?', @p1='?' (DbType = DateTime), @p2='?', @p3='?' (DbType = Boolean), @p4='?', @p5='?' (DbType = Int32)], CommandType='"Text"', CommandTimeout='30']
INSERT INTO "StepResultStatuses" ("Code", "CreatedAt", "Description", "IsActive", "Name", "SortOrder")
VALUES (@p0, @p1, @p2, @p3, @p4, @p5)
RETURNING "Id";
2026-02-14 22:37:44.232 +00:00 [INF] 1 cambios persistidos.
2026-02-14 22:37:44.238 +00:00 [INF] Creando valor en catálogo 'stepresultstatus': PASSED.
2026-02-14 22:37:44.240 +00:00 [INF] Executed DbCommand (1ms) [Parameters=[@__ToLower_0='?'], CommandType='"Text"', CommandTimeout='30']
SELECT EXISTS (
    SELECT 1
    FROM "StepResultStatuses" AS s
    WHERE lower(s."Code") = @__ToLower_0)
2026-02-14 22:37:44.245 +00:00 [INF] Executed DbCommand (4ms) [Parameters=[@p0='?', @p1='?' (DbType = DateTime), @p2='?', @p3='?' (DbType = Boolean), @p4='?', @p5='?' (DbType = Int32)], CommandType='"Text"', CommandTimeout='30']
INSERT INTO "StepResultStatuses" ("Code", "CreatedAt", "Description", "IsActive", "Name", "SortOrder")
VALUES (@p0, @p1, @p2, @p3, @p4, @p5)
RETURNING "Id";
2026-02-14 22:37:44.246 +00:00 [INF] 1 cambios persistidos.
2026-02-14 22:37:44.247 +00:00 [INF] Creando valor en catálogo 'stepresultstatus': FAILED.
2026-02-14 22:37:44.248 +00:00 [INF] Executed DbCommand (1ms) [Parameters=[@__ToLower_0='?'], CommandType='"Text"', CommandTimeout='30']
SELECT EXISTS (
    SELECT 1
    FROM "StepResultStatuses" AS s
    WHERE lower(s."Code") = @__ToLower_0)
2026-02-14 22:37:44.254 +00:00 [INF] Executed DbCommand (5ms) [Parameters=[@p0='?', @p1='?' (DbType = DateTime), @p2='?', @p3='?' (DbType = Boolean), @p4='?', @p5='?' (DbType = Int32)], CommandType='"Text"', CommandTimeout='30']
INSERT INTO "StepResultStatuses" ("Code", "CreatedAt", "Description", "IsActive", "Name", "SortOrder")
VALUES (@p0, @p1, @p2, @p3, @p4, @p5)
RETURNING "Id";
2026-02-14 22:37:44.255 +00:00 [INF] 1 cambios persistidos.
2026-02-14 22:37:44.256 +00:00 [INF] Creando valor en catálogo 'stepresultstatus': BLOCKED.
2026-02-14 22:37:44.258 +00:00 [INF] Executed DbCommand (1ms) [Parameters=[@__ToLower_0='?'], CommandType='"Text"', CommandTimeout='30']
SELECT EXISTS (
    SELECT 1
    FROM "StepResultStatuses" AS s
    WHERE lower(s."Code") = @__ToLower_0)
2026-02-14 22:37:44.265 +00:00 [INF] Executed DbCommand (5ms) [Parameters=[@p0='?', @p1='?' (DbType = DateTime), @p2='?', @p3='?' (DbType = Boolean), @p4='?', @p5='?' (DbType = Int32)], CommandType='"Text"', CommandTimeout='30']
INSERT INTO "StepResultStatuses" ("Code", "CreatedAt", "Description", "IsActive", "Name", "SortOrder")
VALUES (@p0, @p1, @p2, @p3, @p4, @p5)
RETURNING "Id";
2026-02-14 22:37:44.271 +00:00 [INF] 1 cambios persistidos.
2026-02-14 22:37:44.277 +00:00 [INF] Seeded catalog stepresultstatus with 4 items.
2026-02-14 22:37:44.282 +00:00 [INF] Obteniendo todos del catálogo 'taskpriority'.
2026-02-14 22:37:44.293 +00:00 [INF] Executed DbCommand (1ms) [Parameters=[], CommandType='"Text"', CommandTimeout='30']
SELECT t."Id", t."Code", t."CreatedAt", t."Description", t."IsActive", t."Name", t."SortOrder"
FROM "TaskPriorities" AS t
ORDER BY t."SortOrder"
2026-02-14 22:37:44.294 +00:00 [INF] Creando valor en catálogo 'taskpriority': LOW.
2026-02-14 22:37:44.299 +00:00 [INF] Executed DbCommand (1ms) [Parameters=[@__ToLower_0='?'], CommandType='"Text"', CommandTimeout='30']
SELECT EXISTS (
    SELECT 1
    FROM "TaskPriorities" AS t
    WHERE lower(t."Code") = @__ToLower_0)
2026-02-14 22:37:44.320 +00:00 [INF] Executed DbCommand (5ms) [Parameters=[@p0='?', @p1='?' (DbType = DateTime), @p2='?', @p3='?' (DbType = Boolean), @p4='?', @p5='?' (DbType = Int32)], CommandType='"Text"', CommandTimeout='30']
INSERT INTO "TaskPriorities" ("Code", "CreatedAt", "Description", "IsActive", "Name", "SortOrder")
VALUES (@p0, @p1, @p2, @p3, @p4, @p5)
RETURNING "Id";
2026-02-14 22:37:44.322 +00:00 [INF] 1 cambios persistidos.
2026-02-14 22:37:44.323 +00:00 [INF] Creando valor en catálogo 'taskpriority': MEDIUM.
2026-02-14 22:37:44.324 +00:00 [INF] Executed DbCommand (1ms) [Parameters=[@__ToLower_0='?'], CommandType='"Text"', CommandTimeout='30']
SELECT EXISTS (
    SELECT 1
    FROM "TaskPriorities" AS t
    WHERE lower(t."Code") = @__ToLower_0)
2026-02-14 22:37:44.329 +00:00 [INF] Executed DbCommand (4ms) [Parameters=[@p0='?', @p1='?' (DbType = DateTime), @p2='?', @p3='?' (DbType = Boolean), @p4='?', @p5='?' (DbType = Int32)], CommandType='"Text"', CommandTimeout='30']
INSERT INTO "TaskPriorities" ("Code", "CreatedAt", "Description", "IsActive", "Name", "SortOrder")
VALUES (@p0, @p1, @p2, @p3, @p4, @p5)
RETURNING "Id";
2026-02-14 22:37:44.330 +00:00 [INF] 1 cambios persistidos.
2026-02-14 22:37:44.330 +00:00 [INF] Creando valor en catálogo 'taskpriority': HIGH.
2026-02-14 22:37:44.332 +00:00 [INF] Executed DbCommand (1ms) [Parameters=[@__ToLower_0='?'], CommandType='"Text"', CommandTimeout='30']
SELECT EXISTS (
    SELECT 1
    FROM "TaskPriorities" AS t
    WHERE lower(t."Code") = @__ToLower_0)
2026-02-14 22:37:44.339 +00:00 [INF] Executed DbCommand (5ms) [Parameters=[@p0='?', @p1='?' (DbType = DateTime), @p2='?', @p3='?' (DbType = Boolean), @p4='?', @p5='?' (DbType = Int32)], CommandType='"Text"', CommandTimeout='30']
INSERT INTO "TaskPriorities" ("Code", "CreatedAt", "Description", "IsActive", "Name", "SortOrder")
VALUES (@p0, @p1, @p2, @p3, @p4, @p5)
RETURNING "Id";
2026-02-14 22:37:44.340 +00:00 [INF] 1 cambios persistidos.
2026-02-14 22:37:44.341 +00:00 [INF] Creando valor en catálogo 'taskpriority': CRITICAL.
2026-02-14 22:37:44.343 +00:00 [INF] Executed DbCommand (1ms) [Parameters=[@__ToLower_0='?'], CommandType='"Text"', CommandTimeout='30']
SELECT EXISTS (
    SELECT 1
    FROM "TaskPriorities" AS t
    WHERE lower(t."Code") = @__ToLower_0)
2026-02-14 22:37:44.350 +00:00 [INF] Executed DbCommand (4ms) [Parameters=[@p0='?', @p1='?' (DbType = DateTime), @p2='?', @p3='?' (DbType = Boolean), @p4='?', @p5='?' (DbType = Int32)], CommandType='"Text"', CommandTimeout='30']
INSERT INTO "TaskPriorities" ("Code", "CreatedAt", "Description", "IsActive", "Name", "SortOrder")
VALUES (@p0, @p1, @p2, @p3, @p4, @p5)
RETURNING "Id";
2026-02-14 22:37:44.351 +00:00 [INF] 1 cambios persistidos.
2026-02-14 22:37:44.351 +00:00 [INF] Seeded catalog taskpriority with 4 items.
2026-02-14 22:37:44.352 +00:00 [INF] Obteniendo todos del catálogo 'testcasepriority'.
2026-02-14 22:37:44.359 +00:00 [INF] Executed DbCommand (1ms) [Parameters=[], CommandType='"Text"', CommandTimeout='30']
SELECT t."Id", t."Code", t."CreatedAt", t."Description", t."IsActive", t."Name", t."SortOrder"
FROM "TestCasePriorities" AS t
ORDER BY t."SortOrder"
2026-02-14 22:37:44.360 +00:00 [INF] Creando valor en catálogo 'testcasepriority': LOW.
2026-02-14 22:37:44.364 +00:00 [INF] Executed DbCommand (1ms) [Parameters=[@__ToLower_0='?'], CommandType='"Text"', CommandTimeout='30']
SELECT EXISTS (
    SELECT 1
    FROM "TestCasePriorities" AS t
    WHERE lower(t."Code") = @__ToLower_0)
2026-02-14 22:37:44.391 +00:00 [INF] Executed DbCommand (4ms) [Parameters=[@p0='?', @p1='?' (DbType = DateTime), @p2='?', @p3='?' (DbType = Boolean), @p4='?', @p5='?' (DbType = Int32)], CommandType='"Text"', CommandTimeout='30']
INSERT INTO "TestCasePriorities" ("Code", "CreatedAt", "Description", "IsActive", "Name", "SortOrder")
VALUES (@p0, @p1, @p2, @p3, @p4, @p5)
RETURNING "Id";
2026-02-14 22:37:44.393 +00:00 [INF] 1 cambios persistidos.
2026-02-14 22:37:44.394 +00:00 [INF] Creando valor en catálogo 'testcasepriority': MEDIUM.
2026-02-14 22:37:44.396 +00:00 [INF] Executed DbCommand (0ms) [Parameters=[@__ToLower_0='?'], CommandType='"Text"', CommandTimeout='30']
SELECT EXISTS (
    SELECT 1
    FROM "TestCasePriorities" AS t
    WHERE lower(t."Code") = @__ToLower_0)
2026-02-14 22:37:44.402 +00:00 [INF] Executed DbCommand (4ms) [Parameters=[@p0='?', @p1='?' (DbType = DateTime), @p2='?', @p3='?' (DbType = Boolean), @p4='?', @p5='?' (DbType = Int32)], CommandType='"Text"', CommandTimeout='30']
INSERT INTO "TestCasePriorities" ("Code", "CreatedAt", "Description", "IsActive", "Name", "SortOrder")
VALUES (@p0, @p1, @p2, @p3, @p4, @p5)
RETURNING "Id";
2026-02-14 22:37:44.403 +00:00 [INF] 1 cambios persistidos.
2026-02-14 22:37:44.403 +00:00 [INF] Creando valor en catálogo 'testcasepriority': HIGH.
2026-02-14 22:37:44.405 +00:00 [INF] Executed DbCommand (1ms) [Parameters=[@__ToLower_0='?'], CommandType='"Text"', CommandTimeout='30']
SELECT EXISTS (
    SELECT 1
    FROM "TestCasePriorities" AS t
    WHERE lower(t."Code") = @__ToLower_0)
2026-02-14 22:37:44.410 +00:00 [INF] Executed DbCommand (4ms) [Parameters=[@p0='?', @p1='?' (DbType = DateTime), @p2='?', @p3='?' (DbType = Boolean), @p4='?', @p5='?' (DbType = Int32)], CommandType='"Text"', CommandTimeout='30']
INSERT INTO "TestCasePriorities" ("Code", "CreatedAt", "Description", "IsActive", "Name", "SortOrder")
VALUES (@p0, @p1, @p2, @p3, @p4, @p5)
RETURNING "Id";
2026-02-14 22:37:44.411 +00:00 [INF] 1 cambios persistidos.
2026-02-14 22:37:44.412 +00:00 [INF] Creando valor en catálogo 'testcasepriority': CRITICAL.
2026-02-14 22:37:44.413 +00:00 [INF] Executed DbCommand (1ms) [Parameters=[@__ToLower_0='?'], CommandType='"Text"', CommandTimeout='30']
SELECT EXISTS (
    SELECT 1
    FROM "TestCasePriorities" AS t
    WHERE lower(t."Code") = @__ToLower_0)
2026-02-14 22:37:44.419 +00:00 [INF] Executed DbCommand (5ms) [Parameters=[@p0='?', @p1='?' (DbType = DateTime), @p2='?', @p3='?' (DbType = Boolean), @p4='?', @p5='?' (DbType = Int32)], CommandType='"Text"', CommandTimeout='30']
INSERT INTO "TestCasePriorities" ("Code", "CreatedAt", "Description", "IsActive", "Name", "SortOrder")
VALUES (@p0, @p1, @p2, @p3, @p4, @p5)
RETURNING "Id";
2026-02-14 22:37:44.422 +00:00 [INF] 1 cambios persistidos.
2026-02-14 22:37:44.423 +00:00 [INF] Seeded catalog testcasepriority with 4 items.
2026-02-14 22:37:44.483 +00:00 [INF] QAMS API iniciada en Docker.
2026-02-14 22:37:44.489 +00:00 [WRN] Storing keys in a directory '/root/.aspnet/DataProtection-Keys' that may not be persisted outside of the container. Protected data will be unavailable when container is destroyed. For more information go to https://aka.ms/aspnet/dataprotectionwarning
2026-02-14 22:37:44.490 +00:00 [INF] User profile is available. Using '/root/.aspnet/DataProtection-Keys' as key repository; keys will not be encrypted at rest.
2026-02-14 22:37:44.498 +00:00 [INF] Creating key {3a10fb11-d7fc-4b32-bc68-cd37166cf696} with creation date 2026-02-14 22:37:44Z, activation date 2026-02-14 22:37:44Z, and expiration date 2026-05-15 22:37:44Z.
2026-02-14 22:37:44.503 +00:00 [WRN] No XML encryptor configured. Key {3a10fb11-d7fc-4b32-bc68-cd37166cf696} may be persisted to storage in unencrypted form.
2026-02-14 22:37:44.506 +00:00 [INF] Writing data to file '/root/.aspnet/DataProtection-Keys/key-3a10fb11-d7fc-4b32-bc68-cd37166cf696.xml'.
2026-02-14 22:37:44.515 +00:00 [WRN] Overriding HTTP_PORTS '8080' and HTTPS_PORTS ''. Binding to values defined by URLS instead 'http://+:8080'.
2026-02-14 22:37:44.533 +00:00 [WRN] The WebRootPath was not found: /app/wwwroot. Static files may be unavailable.
2026-02-14 22:37:44.548 +00:00 [INF] Now listening on: http://[::]:8080
2026-02-14 22:37:44.549 +00:00 [INF] Application started. Press Ctrl+C to shut down.
2026-02-14 22:37:44.549 +00:00 [INF] Hosting environment: Docker
2026-02-14 22:37:44.550 +00:00 [INF] Content root path: /app
2026-02-14 22:43:32.076 +00:00 [INF] Request starting HTTP/1.1 GET http://localhost:5000/swagger/index.html - null null
2026-02-14 22:43:32.609 +00:00 [INF] Request finished HTTP/1.1 GET http://localhost:5000/swagger/index.html - 200 null text/html;charset=utf-8 558.7243ms
2026-02-14 22:43:32.997 +00:00 [INF] Request starting HTTP/1.1 GET http://localhost:5000/swagger/v1/swagger.json - null null
2026-02-14 22:43:33.204 +00:00 [INF] Request finished HTTP/1.1 GET http://localhost:5000/swagger/v1/swagger.json - 200 null application/json;charset=utf-8 206.9248ms
2026-02-14 22:49:48.198 +00:00 [INF] Request starting HTTP/1.1 OPTIONS http://localhost:5000/api/auth/login - null 0
2026-02-14 22:49:48.325 +00:00 [INF] CORS policy execution successful.
2026-02-14 22:49:48.335 +00:00 [INF] Request finished HTTP/1.1 OPTIONS http://localhost:5000/api/auth/login - 204 null null 141.5494ms
2026-02-14 22:49:57.036 +00:00 [INF] Request starting HTTP/1.1 OPTIONS http://localhost:5000/api/auth/login - null 0
2026-02-14 22:49:57.048 +00:00 [INF] CORS policy execution successful.
2026-02-14 22:49:57.051 +00:00 [INF] Request finished HTTP/1.1 OPTIONS http://localhost:5000/api/auth/login - 204 null null 15.0639ms
2026-02-14 22:50:06.964 +00:00 [INF] Request starting HTTP/1.1 OPTIONS http://localhost:5000/api/auth/login - null 0
2026-02-14 22:50:06.970 +00:00 [INF] CORS policy execution successful.
2026-02-14 22:50:06.971 +00:00 [INF] Request finished HTTP/1.1 OPTIONS http://localhost:5000/api/auth/login - 204 null null 6.9013ms
2026-02-14 23:16:23.105 +00:00 [INF] Request starting HTTP/1.1 GET http://localhost:5000/swagger/index.html - null null
2026-02-14 23:16:23.407 +00:00 [INF] Request finished HTTP/1.1 GET http://localhost:5000/swagger/index.html - 200 null text/html;charset=utf-8 320.5478ms
2026-02-14 23:16:23.814 +00:00 [INF] Request starting HTTP/1.1 GET http://localhost:5000/swagger/v1/swagger.json - null null
2026-02-14 23:16:24.091 +00:00 [INF] Request finished HTTP/1.1 GET http://localhost:5000/swagger/v1/swagger.json - 200 null application/json;charset=utf-8 276.7835ms
2026-02-14 23:17:10.461 +00:00 [INF] Request starting HTTP/1.1 POST http://localhost:5000/api/Auth/register - application/json 105
2026-02-14 23:17:10.489 +00:00 [INF] CORS policy execution failed.
2026-02-14 23:17:10.495 +00:00 [INF] Request origin http://localhost:5000 does not have permission to access the resource.
2026-02-14 23:17:10.676 +00:00 [INF] Executing endpoint 'QAMS.Api.Controllers.AuthController.Register (QAMS.Api)'
2026-02-14 23:17:10.811 +00:00 [INF] Route matched with {action = "Register", controller = "Auth"}. Executing controller action with signature System.Threading.Tasks.Task`1[Microsoft.AspNetCore.Mvc.IActionResult] Register(QAMS.Application.DTOs.Auth.RegisterRequestDto) on controller QAMS.Api.Controllers.AuthController (QAMS.Api).
2026-02-14 23:17:10.969 +00:00 [INF] POST /api/auth/register - Usuario: gusgus
2026-02-14 23:17:10.973 +00:00 [INF] Registro: 'gusgus'.
2026-02-14 23:17:11.318 +00:00 [INF] Executed DbCommand (48ms) [Parameters=[@__username_0='?'], CommandType='"Text"', CommandTimeout='30']
SELECT u."Id", u."CreatedAt", u."Email", u."FullName", u."IsActive", u."PasswordHash", u."RefreshToken", u."RefreshTokenExpiryTime", u."UpdatedAt", u."Username"
FROM "Users" AS u
WHERE u."Username" = @__username_0
LIMIT 1
2026-02-14 23:17:11.340 +00:00 [INF] Executed DbCommand (2ms) [Parameters=[@__email_0='?'], CommandType='"Text"', CommandTimeout='30']
SELECT u."Id", u."CreatedAt", u."Email", u."FullName", u."IsActive", u."PasswordHash", u."RefreshToken", u."RefreshTokenExpiryTime", u."UpdatedAt", u."Username"
FROM "Users" AS u
WHERE u."Email" = @__email_0
LIMIT 1
2026-02-14 23:17:12.072 +00:00 [INF] Executed DbCommand (18ms) [Parameters=[@p0='?' (DbType = Guid), @p1='?' (DbType = DateTime), @p2='?', @p3='?', @p4='?' (DbType = Boolean), @p5='?', @p6='?', @p7='?' (DbType = DateTime), @p8='?' (DbType = DateTime), @p9='?'], CommandType='"Text"', CommandTimeout='30']
INSERT INTO "Users" ("Id", "CreatedAt", "Email", "FullName", "IsActive", "PasswordHash", "RefreshToken", "RefreshTokenExpiryTime", "UpdatedAt", "Username")
VALUES (@p0, @p1, @p2, @p3, @p4, @p5, @p6, @p7, @p8, @p9);
2026-02-14 23:17:12.078 +00:00 [INF] 1 cambios persistidos.
2026-02-14 23:17:12.079 +00:00 [INF] Usuario registrado: 'gusgus' ("b5613aad-36dc-46bb-afbb-2902017cc6d5").
2026-02-14 23:17:12.083 +00:00 [INF] Intento de login: 'gusgus'.
2026-02-14 23:17:12.341 +00:00 [WRN] Compiling a query which loads related collections for more than one collection navigation, either via 'Include' or through projection, but no 'QuerySplittingBehavior' has been configured. By default, Entity Framework will use 'QuerySplittingBehavior.SingleQuery', which can potentially result in slow query performance. See https://go.microsoft.com/fwlink/?linkid=2134277 for more information. To identify the query that's triggering this warning call 'ConfigureWarnings(w => w.Throw(RelationalEventId.MultipleCollectionIncludeWarning))'.
2026-02-14 23:17:12.384 +00:00 [INF] Executed DbCommand (33ms) [Parameters=[@__username_0='?'], CommandType='"Text"', CommandTimeout='30']
SELECT t."Id", t."CreatedAt", t."Email", t."FullName", t."IsActive", t."PasswordHash", t."RefreshToken", t."RefreshTokenExpiryTime", t."UpdatedAt", t."Username", t0."UserId", t0."RoleId", t0."AssignedAt", t0."Id", t0."CreatedAt", t0."Description", t0."IsActive", t0."Name", t0."RoleId0", t0."PermissionId", t0."AssignedAt0", t0."Id0", t0."Code", t0."CreatedAt0", t0."Description0", t0."Module"
FROM (
    SELECT u."Id", u."CreatedAt", u."Email", u."FullName", u."IsActive", u."PasswordHash", u."RefreshToken", u."RefreshTokenExpiryTime", u."UpdatedAt", u."Username"
    FROM "Users" AS u
    WHERE u."Username" = @__username_0
    LIMIT 1
) AS t
LEFT JOIN (
    SELECT u0."UserId", u0."RoleId", u0."AssignedAt", r."Id", r."CreatedAt", r."Description", r."IsActive", r."Name", t1."RoleId" AS "RoleId0", t1."PermissionId", t1."AssignedAt" AS "AssignedAt0", t1."Id" AS "Id0", t1."Code", t1."CreatedAt" AS "CreatedAt0", t1."Description" AS "Description0", t1."Module"
    FROM user_roles AS u0
    INNER JOIN "Roles" AS r ON u0."RoleId" = r."Id"
    LEFT JOIN (
        SELECT r0."RoleId", r0."PermissionId", r0."AssignedAt", p."Id", p."Code", p."CreatedAt", p."Description", p."Module"
        FROM role_permissions AS r0
        INNER JOIN "Permissions" AS p ON r0."PermissionId" = p."Id"
    ) AS t1 ON r."Id" = t1."RoleId"
) AS t0 ON t."Id" = t0."UserId"
ORDER BY t."Id", t0."UserId", t0."RoleId", t0."Id", t0."RoleId0", t0."PermissionId"
2026-02-14 23:17:12.664 +00:00 [INF] Obteniendo permisos del usuario '"b5613aad-36dc-46bb-afbb-2902017cc6d5"'.
2026-02-14 23:17:12.710 +00:00 [INF] Executed DbCommand (7ms) [Parameters=[@__userId_0='?' (DbType = Guid)], CommandType='"Text"', CommandTimeout='30']
SELECT DISTINCT p."Code"
FROM user_roles AS u
INNER JOIN "Roles" AS r ON u."RoleId" = r."Id"
INNER JOIN role_permissions AS r0 ON r."Id" = r0."RoleId"
INNER JOIN "Permissions" AS p ON r0."PermissionId" = p."Id"
WHERE u."UserId" = @__userId_0
2026-02-14 23:17:12.712 +00:00 [INF] Usuario '"b5613aad-36dc-46bb-afbb-2902017cc6d5"' tiene 0 permisos.
2026-02-14 23:17:12.802 +00:00 [INF] Executed DbCommand (15ms) [Parameters=[@p9='?' (DbType = Guid), @p0='?' (DbType = DateTime), @p1='?', @p2='?', @p3='?' (DbType = Boolean), @p4='?', @p5='?', @p6='?' (DbType = DateTime), @p7='?' (DbType = DateTime), @p8='?'], CommandType='"Text"', CommandTimeout='30']
UPDATE "Users" SET "CreatedAt" = @p0, "Email" = @p1, "FullName" = @p2, "IsActive" = @p3, "PasswordHash" = @p4, "RefreshToken" = @p5, "RefreshTokenExpiryTime" = @p6, "UpdatedAt" = @p7, "Username" = @p8
WHERE "Id" = @p9;
2026-02-14 23:17:12.804 +00:00 [INF] 1 cambios persistidos.
2026-02-14 23:17:12.805 +00:00 [INF] Login exitoso: 'gusgus', 0 permisos.
2026-02-14 23:17:12.814 +00:00 [INF] Executing CreatedResult, writing value of type 'QAMS.Application.DTOs.Auth.LoginResponseDto'.
2026-02-14 23:17:12.841 +00:00 [INF] Executed action QAMS.Api.Controllers.AuthController.Register (QAMS.Api) in 2023.093ms
2026-02-14 23:17:12.845 +00:00 [INF] Executed endpoint 'QAMS.Api.Controllers.AuthController.Register (QAMS.Api)'
2026-02-14 23:17:12.850 +00:00 [INF] Request finished HTTP/1.1 POST http://localhost:5000/api/Auth/register - 201 null application/json; charset=utf-8 2388.9005ms
2026-02-14 23:24:08.423 +00:00 [INF] Request starting HTTP/1.1 GET http://localhost:5000/swagger/index.html - null null
2026-02-14 23:24:08.646 +00:00 [INF] Request finished HTTP/1.1 GET http://localhost:5000/swagger/index.html - 200 null text/html;charset=utf-8 232.9469ms
2026-02-14 23:24:09.059 +00:00 [INF] Request starting HTTP/1.1 GET http://localhost:5000/swagger/v1/swagger.json - null null
2026-02-14 23:24:09.477 +00:00 [INF] Request finished HTTP/1.1 GET http://localhost:5000/swagger/v1/swagger.json - 200 null application/json;charset=utf-8 422.358ms
2026-02-14 23:44:49.846 +00:00 [INF] Request starting HTTP/1.1 GET http://localhost:5000/swagger/index.html - null null
2026-02-14 23:44:49.951 +00:00 [INF] Request finished HTTP/1.1 GET http://localhost:5000/swagger/index.html - 200 null text/html;charset=utf-8 115.4836ms
2026-02-14 23:44:49.965 +00:00 [INF] Request starting HTTP/1.1 GET http://localhost:5000/swagger/index.html - null null
2026-02-14 23:44:49.983 +00:00 [INF] Request finished HTTP/1.1 GET http://localhost:5000/swagger/index.html - 200 null text/html;charset=utf-8 19.2206ms
2026-02-14 23:44:50.356 +00:00 [INF] Request starting HTTP/1.1 GET http://localhost:5000/swagger/v1/swagger.json - null null
2026-02-14 23:44:50.633 +00:00 [INF] Request finished HTTP/1.1 GET http://localhost:5000/swagger/v1/swagger.json - 200 null application/json;charset=utf-8 277.1079ms
2026-02-14 23:44:50.646 +00:00 [INF] Request starting HTTP/1.1 GET http://localhost:5000/swagger/v1/swagger.json - null null
2026-02-14 23:44:50.690 +00:00 [INF] Request finished HTTP/1.1 GET http://localhost:5000/swagger/v1/swagger.json - 200 null application/json;charset=utf-8 43.5791ms
2026-02-14 23:45:20.084 +00:00 [INF] Request starting HTTP/1.1 OPTIONS http://localhost:5000/api/Auth/register - null null
2026-02-14 23:45:20.111 +00:00 [INF] CORS policy execution successful.
2026-02-14 23:45:20.120 +00:00 [INF] Request finished HTTP/1.1 OPTIONS http://localhost:5000/api/Auth/register - 204 null null 36.6218ms
2026-02-14 23:45:20.128 +00:00 [INF] Request starting HTTP/1.1 POST http://localhost:5000/api/Auth/register - application/json 85
2026-02-14 23:45:20.140 +00:00 [INF] CORS policy execution successful.
2026-02-14 23:45:20.188 +00:00 [INF] Executing endpoint 'QAMS.Api.Controllers.AuthController.Register (QAMS.Api)'
2026-02-14 23:45:20.210 +00:00 [INF] Route matched with {action = "Register", controller = "Auth"}. Executing controller action with signature System.Threading.Tasks.Task`1[Microsoft.AspNetCore.Mvc.IActionResult] Register(QAMS.Application.DTOs.Auth.RegisterRequestDto) on controller QAMS.Api.Controllers.AuthController (QAMS.Api).
2026-02-14 23:45:20.411 +00:00 [INF] POST /api/auth/register - Usuario: juan
2026-02-14 23:45:20.412 +00:00 [INF] Registro: 'juan'.
2026-02-14 23:45:20.565 +00:00 [INF] Executed DbCommand (47ms) [Parameters=[@__username_0='?'], CommandType='"Text"', CommandTimeout='30']
SELECT u."Id", u."CreatedAt", u."Email", u."FullName", u."IsActive", u."PasswordHash", u."RefreshToken", u."RefreshTokenExpiryTime", u."UpdatedAt", u."Username"
FROM "Users" AS u
WHERE u."Username" = @__username_0
LIMIT 1
2026-02-14 23:45:20.577 +00:00 [INF] Executed DbCommand (2ms) [Parameters=[@__email_0='?'], CommandType='"Text"', CommandTimeout='30']
SELECT u."Id", u."CreatedAt", u."Email", u."FullName", u."IsActive", u."PasswordHash", u."RefreshToken", u."RefreshTokenExpiryTime", u."UpdatedAt", u."Username"
FROM "Users" AS u
WHERE u."Email" = @__email_0
LIMIT 1
2026-02-14 23:45:20.841 +00:00 [INF] Executed DbCommand (12ms) [Parameters=[@p0='?' (DbType = Guid), @p1='?' (DbType = DateTime), @p2='?', @p3='?', @p4='?' (DbType = Boolean), @p5='?', @p6='?', @p7='?' (DbType = DateTime), @p8='?' (DbType = DateTime), @p9='?'], CommandType='"Text"', CommandTimeout='30']
INSERT INTO "Users" ("Id", "CreatedAt", "Email", "FullName", "IsActive", "PasswordHash", "RefreshToken", "RefreshTokenExpiryTime", "UpdatedAt", "Username")
VALUES (@p0, @p1, @p2, @p3, @p4, @p5, @p6, @p7, @p8, @p9);
2026-02-14 23:45:20.843 +00:00 [INF] 1 cambios persistidos.
2026-02-14 23:45:20.843 +00:00 [INF] Usuario registrado: 'juan' ("e235409c-cadc-4836-be63-aa24d59a7f2e").
2026-02-14 23:45:20.844 +00:00 [INF] Intento de login: 'juan'.
2026-02-14 23:45:20.857 +00:00 [INF] Executed DbCommand (10ms) [Parameters=[@__username_0='?'], CommandType='"Text"', CommandTimeout='30']
SELECT t."Id", t."CreatedAt", t."Email", t."FullName", t."IsActive", t."PasswordHash", t."RefreshToken", t."RefreshTokenExpiryTime", t."UpdatedAt", t."Username", t0."UserId", t0."RoleId", t0."AssignedAt", t0."Id", t0."CreatedAt", t0."Description", t0."IsActive", t0."Name", t0."RoleId0", t0."PermissionId", t0."AssignedAt0", t0."Id0", t0."Code", t0."CreatedAt0", t0."Description0", t0."Module"
FROM (
    SELECT u."Id", u."CreatedAt", u."Email", u."FullName", u."IsActive", u."PasswordHash", u."RefreshToken", u."RefreshTokenExpiryTime", u."UpdatedAt", u."Username"
    FROM "Users" AS u
    WHERE u."Username" = @__username_0
    LIMIT 1
) AS t
LEFT JOIN (
    SELECT u0."UserId", u0."RoleId", u0."AssignedAt", r."Id", r."CreatedAt", r."Description", r."IsActive", r."Name", t1."RoleId" AS "RoleId0", t1."PermissionId", t1."AssignedAt" AS "AssignedAt0", t1."Id" AS "Id0", t1."Code", t1."CreatedAt" AS "CreatedAt0", t1."Description" AS "Description0", t1."Module"
    FROM user_roles AS u0
    INNER JOIN "Roles" AS r ON u0."RoleId" = r."Id"
    LEFT JOIN (
        SELECT r0."RoleId", r0."PermissionId", r0."AssignedAt", p."Id", p."Code", p."CreatedAt", p."Description", p."Module"
        FROM role_permissions AS r0
        INNER JOIN "Permissions" AS p ON r0."PermissionId" = p."Id"
    ) AS t1 ON r."Id" = t1."RoleId"
) AS t0 ON t."Id" = t0."UserId"
ORDER BY t."Id", t0."UserId", t0."RoleId", t0."Id", t0."RoleId0", t0."PermissionId"
2026-02-14 23:45:21.088 +00:00 [INF] Obteniendo permisos del usuario '"e235409c-cadc-4836-be63-aa24d59a7f2e"'.
2026-02-14 23:45:21.104 +00:00 [INF] Executed DbCommand (3ms) [Parameters=[@__userId_0='?' (DbType = Guid)], CommandType='"Text"', CommandTimeout='30']
SELECT DISTINCT p."Code"
FROM user_roles AS u
INNER JOIN "Roles" AS r ON u."RoleId" = r."Id"
INNER JOIN role_permissions AS r0 ON r."Id" = r0."RoleId"
INNER JOIN "Permissions" AS p ON r0."PermissionId" = p."Id"
WHERE u."UserId" = @__userId_0
2026-02-14 23:45:21.107 +00:00 [INF] Usuario '"e235409c-cadc-4836-be63-aa24d59a7f2e"' tiene 0 permisos.
2026-02-14 23:45:21.129 +00:00 [INF] Executed DbCommand (7ms) [Parameters=[@p9='?' (DbType = Guid), @p0='?' (DbType = DateTime), @p1='?', @p2='?', @p3='?' (DbType = Boolean), @p4='?', @p5='?', @p6='?' (DbType = DateTime), @p7='?' (DbType = DateTime), @p8='?'], CommandType='"Text"', CommandTimeout='30']
UPDATE "Users" SET "CreatedAt" = @p0, "Email" = @p1, "FullName" = @p2, "IsActive" = @p3, "PasswordHash" = @p4, "RefreshToken" = @p5, "RefreshTokenExpiryTime" = @p6, "UpdatedAt" = @p7, "Username" = @p8
WHERE "Id" = @p9;
2026-02-14 23:45:21.130 +00:00 [INF] 1 cambios persistidos.
2026-02-14 23:45:21.131 +00:00 [INF] Login exitoso: 'juan', 0 permisos.
2026-02-14 23:45:21.132 +00:00 [INF] Executing CreatedResult, writing value of type 'QAMS.Application.DTOs.Auth.LoginResponseDto'.
2026-02-14 23:45:21.136 +00:00 [INF] Executed action QAMS.Api.Controllers.AuthController.Register (QAMS.Api) in 924.5102ms
2026-02-14 23:45:21.137 +00:00 [INF] Executed endpoint 'QAMS.Api.Controllers.AuthController.Register (QAMS.Api)'
2026-02-14 23:45:21.138 +00:00 [INF] Request finished HTTP/1.1 POST http://localhost:5000/api/Auth/register - 201 null application/json; charset=utf-8 1010.0314ms
2026-02-14 23:57:20.991 +00:00 [INF] Request starting HTTP/1.1 OPTIONS http://localhost:5000/api/Auth/login - null null
2026-02-14 23:57:21.079 +00:00 [INF] CORS policy execution successful.
2026-02-14 23:57:21.109 +00:00 [INF] Request finished HTTP/1.1 OPTIONS http://localhost:5000/api/Auth/login - 204 null null 127.0131ms
2026-02-14 23:57:21.123 +00:00 [INF] Request starting HTTP/1.1 POST http://localhost:5000/api/Auth/login - application/json 43
2026-02-14 23:57:21.135 +00:00 [INF] CORS policy execution successful.
2026-02-14 23:57:21.206 +00:00 [INF] Executing endpoint 'QAMS.Api.Controllers.AuthController.Login (QAMS.Api)'
2026-02-14 23:57:21.439 +00:00 [INF] Route matched with {action = "Login", controller = "Auth"}. Executing controller action with signature System.Threading.Tasks.Task`1[Microsoft.AspNetCore.Mvc.IActionResult] Login(QAMS.Application.DTOs.Auth.LoginRequestDto) on controller QAMS.Api.Controllers.AuthController (QAMS.Api).
2026-02-14 23:57:21.642 +00:00 [INF] POST /api/auth/login - Usuario: admin
2026-02-14 23:57:21.643 +00:00 [INF] Intento de login: 'admin'.
2026-02-14 23:57:21.783 +00:00 [INF] Executed DbCommand (47ms) [Parameters=[@__username_0='?'], CommandType='"Text"', CommandTimeout='30']
SELECT t."Id", t."CreatedAt", t."Email", t."FullName", t."IsActive", t."PasswordHash", t."RefreshToken", t."RefreshTokenExpiryTime", t."UpdatedAt", t."Username", t0."UserId", t0."RoleId", t0."AssignedAt", t0."Id", t0."CreatedAt", t0."Description", t0."IsActive", t0."Name", t0."RoleId0", t0."PermissionId", t0."AssignedAt0", t0."Id0", t0."Code", t0."CreatedAt0", t0."Description0", t0."Module"
FROM (
    SELECT u."Id", u."CreatedAt", u."Email", u."FullName", u."IsActive", u."PasswordHash", u."RefreshToken", u."RefreshTokenExpiryTime", u."UpdatedAt", u."Username"
    FROM "Users" AS u
    WHERE u."Username" = @__username_0
    LIMIT 1
) AS t
LEFT JOIN (
    SELECT u0."UserId", u0."RoleId", u0."AssignedAt", r."Id", r."CreatedAt", r."Description", r."IsActive", r."Name", t1."RoleId" AS "RoleId0", t1."PermissionId", t1."AssignedAt" AS "AssignedAt0", t1."Id" AS "Id0", t1."Code", t1."CreatedAt" AS "CreatedAt0", t1."Description" AS "Description0", t1."Module"
    FROM user_roles AS u0
    INNER JOIN "Roles" AS r ON u0."RoleId" = r."Id"
    LEFT JOIN (
        SELECT r0."RoleId", r0."PermissionId", r0."AssignedAt", p."Id", p."Code", p."CreatedAt", p."Description", p."Module"
        FROM role_permissions AS r0
        INNER JOIN "Permissions" AS p ON r0."PermissionId" = p."Id"
    ) AS t1 ON r."Id" = t1."RoleId"
) AS t0 ON t."Id" = t0."UserId"
ORDER BY t."Id", t0."UserId", t0."RoleId", t0."Id", t0."RoleId0", t0."PermissionId"
2026-02-14 23:57:21.794 +00:00 [WRN] Login fallido para 'admin'.
2026-02-14 23:57:21.826 +00:00 [INF] Executed action QAMS.Api.Controllers.AuthController.Login (QAMS.Api) in 385.0392ms
2026-02-14 23:57:21.838 +00:00 [INF] Executed endpoint 'QAMS.Api.Controllers.AuthController.Login (QAMS.Api)'
2026-02-14 23:57:21.851 +00:00 [WRN] Error de dominio: Credenciales inválidas.
QAMS.Domain.Exceptions.DomainException: Credenciales inválidas.
   at QAMS.Application.Services.AuthService.LoginAsync(LoginRequestDto request) in /src/src/QAMS.Application/Services/AuthService.cs:line 42
   at QAMS.Api.Controllers.AuthController.Login(LoginRequestDto request) in /src/src/QAMS.Api/Controllers/AuthController.cs:line 29
   at Microsoft.AspNetCore.Mvc.Infrastructure.ActionMethodExecutor.TaskOfIActionResultExecutor.Execute(ActionContext actionContext, IActionResultTypeMapper mapper, ObjectMethodExecutor executor, Object controller, Object[] arguments)
   at Microsoft.AspNetCore.Mvc.Infrastructure.ControllerActionInvoker.<InvokeActionMethodAsync>g__Awaited|12_0(ControllerActionInvoker invoker, ValueTask`1 actionResultValueTask)
   at Microsoft.AspNetCore.Mvc.Infrastructure.ControllerActionInvoker.<InvokeNextActionFilterAsync>g__Awaited|10_0(ControllerActionInvoker invoker, Task lastTask, State next, Scope scope, Object state, Boolean isCompleted)
   at Microsoft.AspNetCore.Mvc.Infrastructure.ControllerActionInvoker.Rethrow(ActionExecutedContextSealed context)
   at Microsoft.AspNetCore.Mvc.Infrastructure.ControllerActionInvoker.Next(State& next, Scope& scope, Object& state, Boolean& isCompleted)
   at Microsoft.AspNetCore.Mvc.Infrastructure.ControllerActionInvoker.<InvokeInnerFilterAsync>g__Awaited|13_0(ControllerActionInvoker invoker, Task lastTask, State next, Scope scope, Object state, Boolean isCompleted)
   at Microsoft.AspNetCore.Mvc.Infrastructure.ResourceInvoker.<InvokeFilterPipelineAsync>g__Awaited|20_0(ResourceInvoker invoker, Task lastTask, State next, Scope scope, Object state, Boolean isCompleted)
   at Microsoft.AspNetCore.Mvc.Infrastructure.ResourceInvoker.<InvokeAsync>g__Logged|17_1(ResourceInvoker invoker)
   at Microsoft.AspNetCore.Mvc.Infrastructure.ResourceInvoker.<InvokeAsync>g__Logged|17_1(ResourceInvoker invoker)
   at Microsoft.AspNetCore.Routing.EndpointMiddleware.<Invoke>g__AwaitRequestTask|7_0(Endpoint endpoint, Task requestTask, ILogger logger)
   at Microsoft.AspNetCore.Authorization.AuthorizationMiddleware.Invoke(HttpContext context)
   at Microsoft.AspNetCore.Authentication.AuthenticationMiddleware.Invoke(HttpContext context)
   at Swashbuckle.AspNetCore.SwaggerUI.SwaggerUIMiddleware.Invoke(HttpContext httpContext)
   at Swashbuckle.AspNetCore.Swagger.SwaggerMiddleware.Invoke(HttpContext httpContext, ISwaggerProvider swaggerProvider)
   at QAMS.Api.Middleware.ExceptionHandlingMiddleware.InvokeAsync(HttpContext context) in /src/src/QAMS.Api/Middleware/ExceptionHandlingMiddleware.cs:line 27
2026-02-14 23:57:22.054 +00:00 [INF] Request finished HTTP/1.1 POST http://localhost:5000/api/Auth/login - 400 null application/json 933.1585ms
