2026-02-15 00:02:38.532 +00:00 [INF] Application is shutting down...
2026-02-15 00:02:45.688 +00:00 [INF] Executed DbCommand (47ms) [Parameters=[], CommandType='"Text"', CommandTimeout='30']
SELECT EXISTS (
    SELECT 1 FROM pg_catalog.pg_class c
    JOIN pg_catalog.pg_namespace n ON n.oid=c.relnamespace
    WHERE n.nspname='public' AND
          c.relname='__EFMigrationsHistory'
)
2026-02-15 00:02:45.767 +00:00 [INF] Executed DbCommand (7ms) [Parameters=[], CommandType='"Text"', CommandTimeout='30']
SELECT "MigrationId", "ProductVersion"
FROM "__EFMigrationsHistory"
ORDER BY "MigrationId";
2026-02-15 00:02:45.784 +00:00 [INF] Executed DbCommand (1ms) [Parameters=[], CommandType='"Text"', CommandTimeout='30']
SELECT EXISTS (
    SELECT 1 FROM pg_catalog.pg_class c
    JOIN pg_catalog.pg_namespace n ON n.oid=c.relnamespace
    WHERE n.nspname='public' AND
          c.relname='__EFMigrationsHistory'
)
2026-02-15 00:02:45.791 +00:00 [INF] Executed DbCommand (1ms) [Parameters=[], CommandType='"Text"', CommandTimeout='30']
SELECT EXISTS (
    SELECT 1 FROM pg_catalog.pg_class c
    JOIN pg_catalog.pg_namespace n ON n.oid=c.relnamespace
    WHERE n.nspname='public' AND
          c.relname='__EFMigrationsHistory'
)
2026-02-15 00:02:45.792 +00:00 [INF] Executed DbCommand (0ms) [Parameters=[], CommandType='"Text"', CommandTimeout='30']
SELECT "MigrationId", "ProductVersion"
FROM "__EFMigrationsHistory"
ORDER BY "MigrationId";
2026-02-15 00:02:45.798 +00:00 [INF] No migrations were applied. The database is already up to date.
2026-02-15 00:02:45.800 +00:00 [INF] Database migrations applied.
2026-02-15 00:02:45.807 +00:00 [INF] Executed DbCommand (1ms) [Parameters=[], CommandType='"Text"', CommandTimeout='30']
SELECT EXISTS (
    SELECT 1 FROM pg_catalog.pg_class c
    JOIN pg_catalog.pg_namespace n ON n.oid=c.relnamespace
    WHERE n.nspname='public' AND
          c.relname='__EFMigrationsHistory'
)
2026-02-15 00:02:45.808 +00:00 [INF] Executed DbCommand (0ms) [Parameters=[], CommandType='"Text"', CommandTimeout='30']
SELECT "MigrationId", "ProductVersion"
FROM "__EFMigrationsHistory"
ORDER BY "MigrationId";
2026-02-15 00:02:45.813 +00:00 [INF] Obteniendo todos del catálogo 'executionstatus'.
2026-02-15 00:02:45.955 +00:00 [INF] Executed DbCommand (9ms) [Parameters=[], CommandType='"Text"', CommandTimeout='30']
SELECT e.id, e.code, e.created_at, e.description, e.is_active, e.name, e.sort_order
FROM execution_statuses AS e
ORDER BY e.sort_order
2026-02-15 00:02:45.973 +00:00 [INF] Obteniendo todos del catálogo 'evidencetype'.
2026-02-15 00:02:45.980 +00:00 [INF] Executed DbCommand (2ms) [Parameters=[], CommandType='"Text"', CommandTimeout='30']
SELECT e."Id", e."Code", e."CreatedAt", e."Description", e."IsActive", e."Name", e."SortOrder"
FROM "EvidenceTypes" AS e
ORDER BY e."SortOrder"
2026-02-15 00:02:45.981 +00:00 [INF] Obteniendo todos del catálogo 'stepresultstatus'.
2026-02-15 00:02:45.986 +00:00 [INF] Executed DbCommand (1ms) [Parameters=[], CommandType='"Text"', CommandTimeout='30']
SELECT s."Id", s."Code", s."CreatedAt", s."Description", s."IsActive", s."Name", s."SortOrder"
FROM "StepResultStatuses" AS s
ORDER BY s."SortOrder"
2026-02-15 00:02:45.987 +00:00 [INF] Obteniendo todos del catálogo 'taskpriority'.
2026-02-15 00:02:45.992 +00:00 [INF] Executed DbCommand (2ms) [Parameters=[], CommandType='"Text"', CommandTimeout='30']
SELECT t."Id", t."Code", t."CreatedAt", t."Description", t."IsActive", t."Name", t."SortOrder"
FROM "TaskPriorities" AS t
ORDER BY t."SortOrder"
2026-02-15 00:02:45.993 +00:00 [INF] Obteniendo todos del catálogo 'testcasepriority'.
2026-02-15 00:02:45.999 +00:00 [INF] Executed DbCommand (2ms) [Parameters=[], CommandType='"Text"', CommandTimeout='30']
SELECT t."Id", t."Code", t."CreatedAt", t."Description", t."IsActive", t."Name", t."SortOrder"
FROM "TestCasePriorities" AS t
ORDER BY t."SortOrder"
2026-02-15 00:02:46.042 +00:00 [INF] Obteniendo todos los roles.
2026-02-15 00:02:46.121 +00:00 [INF] Executed DbCommand (5ms) [Parameters=[], CommandType='"Text"', CommandTimeout='30']
SELECT r."Id", r."CreatedAt", r."Description", r."IsActive", r."Name", t."RoleId", t."PermissionId", t."AssignedAt", t."Id", t."Code", t."CreatedAt", t."Description", t."Module"
FROM "Roles" AS r
LEFT JOIN (
    SELECT r0."RoleId", r0."PermissionId", r0."AssignedAt", p."Id", p."Code", p."CreatedAt", p."Description", p."Module"
    FROM role_permissions AS r0
    INNER JOIN "Permissions" AS p ON r0."PermissionId" = p."Id"
) AS t ON r."Id" = t."RoleId"
ORDER BY r."Name", r."Id", t."RoleId", t."PermissionId"
2026-02-15 00:02:46.134 +00:00 [INF] Creando rol 'Administrator'.
2026-02-15 00:02:46.164 +00:00 [INF] Executed DbCommand (6ms) [Parameters=[@__ToLower_0='?'], CommandType='"Text"', CommandTimeout='30']
SELECT r."Id", r."CreatedAt", r."Description", r."IsActive", r."Name"
FROM "Roles" AS r
WHERE lower(r."Name") = @__ToLower_0
LIMIT 1
2026-02-15 00:02:46.259 +00:00 [INF] Executed DbCommand (12ms) [Parameters=[@p0='?' (DbType = Guid), @p1='?' (DbType = DateTime), @p2='?', @p3='?' (DbType = Boolean), @p4='?'], CommandType='"Text"', CommandTimeout='30']
INSERT INTO "Roles" ("Id", "CreatedAt", "Description", "IsActive", "Name")
VALUES (@p0, @p1, @p2, @p3, @p4);
2026-02-15 00:02:46.267 +00:00 [INF] 1 cambios persistidos.
2026-02-15 00:02:46.268 +00:00 [INF] Rol 'Administrator' creado con ID "2d8189c7-d8b0-4016-ad8e-88841f7d0368".
2026-02-15 00:02:46.272 +00:00 [ERR] Error al crear datos semilla de seguridad.
AutoMapper.AutoMapperMappingException: Missing type map configuration or unsupported mapping.

Mapping types:
Role -> RoleDto
QAMS.Domain.Entities.Role -> QAMS.Application.DTOs.Roles.RoleDto
   at lambda_method182(Closure, Object, RoleDto, ResolutionContext)
   at QAMS.Application.Services.RoleService.CreateAsync(CreateRoleDto dto) in /src/src/QAMS.Application/Services/RoleService.cs:line 70
   at Program.<Main>$(String[] args) in /src/src/QAMS.Api/Program.cs:line 244
2026-02-15 00:02:46.373 +00:00 [INF] QAMS API iniciada en Docker.
2026-02-15 00:02:46.382 +00:00 [WRN] Storing keys in a directory '/root/.aspnet/DataProtection-Keys' that may not be persisted outside of the container. Protected data will be unavailable when container is destroyed. For more information go to https://aka.ms/aspnet/dataprotectionwarning
2026-02-15 00:02:46.383 +00:00 [INF] User profile is available. Using '/root/.aspnet/DataProtection-Keys' as key repository; keys will not be encrypted at rest.
2026-02-15 00:02:46.392 +00:00 [INF] Creating key {38427b25-8d25-4ff2-ab81-a995fe9c7343} with creation date 2026-02-15 00:02:46Z, activation date 2026-02-15 00:02:46Z, and expiration date 2026-05-16 00:02:46Z.
2026-02-15 00:02:46.399 +00:00 [WRN] No XML encryptor configured. Key {38427b25-8d25-4ff2-ab81-a995fe9c7343} may be persisted to storage in unencrypted form.
2026-02-15 00:02:46.402 +00:00 [INF] Writing data to file '/root/.aspnet/DataProtection-Keys/key-38427b25-8d25-4ff2-ab81-a995fe9c7343.xml'.
2026-02-15 00:02:46.413 +00:00 [WRN] Overriding HTTP_PORTS '8080' and HTTPS_PORTS ''. Binding to values defined by URLS instead 'http://+:8080'.
2026-02-15 00:02:46.431 +00:00 [WRN] The WebRootPath was not found: /app/wwwroot. Static files may be unavailable.
2026-02-15 00:02:46.448 +00:00 [INF] Now listening on: http://[::]:8080
2026-02-15 00:02:46.449 +00:00 [INF] Application started. Press Ctrl+C to shut down.
2026-02-15 00:02:46.450 +00:00 [INF] Hosting environment: Docker
2026-02-15 00:02:46.450 +00:00 [INF] Content root path: /app
2026-02-15 00:06:26.715 +00:00 [INF] Request starting HTTP/1.1 OPTIONS http://localhost:5000/api/Auth/login - null null
2026-02-15 00:06:26.967 +00:00 [INF] CORS policy execution successful.
2026-02-15 00:06:26.989 +00:00 [INF] Request finished HTTP/1.1 OPTIONS http://localhost:5000/api/Auth/login - 204 null null 294.2613ms
2026-02-15 00:06:27.007 +00:00 [INF] Request starting HTTP/1.1 POST http://localhost:5000/api/Auth/login - application/json 42
2026-02-15 00:06:27.016 +00:00 [INF] CORS policy execution successful.
2026-02-15 00:06:27.161 +00:00 [INF] Executing endpoint 'QAMS.Api.Controllers.AuthController.Login (QAMS.Api)'
2026-02-15 00:06:27.273 +00:00 [INF] Route matched with {action = "Login", controller = "Auth"}. Executing controller action with signature System.Threading.Tasks.Task`1[Microsoft.AspNetCore.Mvc.IActionResult] Login(QAMS.Application.DTOs.Auth.LoginRequestDto) on controller QAMS.Api.Controllers.AuthController (QAMS.Api).
2026-02-15 00:06:27.515 +00:00 [INF] POST /api/auth/login - Usuario: admin
2026-02-15 00:06:27.520 +00:00 [INF] Intento de login: 'admin'.
2026-02-15 00:06:27.703 +00:00 [WRN] Compiling a query which loads related collections for more than one collection navigation, either via 'Include' or through projection, but no 'QuerySplittingBehavior' has been configured. By default, Entity Framework will use 'QuerySplittingBehavior.SingleQuery', which can potentially result in slow query performance. See https://go.microsoft.com/fwlink/?linkid=2134277 for more information. To identify the query that's triggering this warning call 'ConfigureWarnings(w => w.Throw(RelationalEventId.MultipleCollectionIncludeWarning))'.
2026-02-15 00:06:27.807 +00:00 [INF] Executed DbCommand (65ms) [Parameters=[@__username_0='?'], CommandType='"Text"', CommandTimeout='30']
SELECT t."Id", t."CreatedAt", t."Email", t."FullName", t."IsActive", t."PasswordHash", t."RefreshToken", t."RefreshTokenExpiryTime", t."UpdatedAt", t."Username", t0."UserId", t0."RoleId", t0."AssignedAt", t0."Id", t0."CreatedAt", t0."Description", t0."IsActive", t0."Name", t0."RoleId0", t0."PermissionId", t0."AssignedAt0", t0."Id0", t0."Code", t0."CreatedAt0", t0."Description0", t0."Module"
FROM (
    SELECT u."Id", u."CreatedAt", u."Email", u."FullName", u."IsActive", u."PasswordHash", u."RefreshToken", u."RefreshTokenExpiryTime", u."UpdatedAt", u."Username"
    FROM "Users" AS u
    WHERE u."Username" = @__username_0
    LIMIT 1
) AS t
LEFT JOIN (
    SELECT u0."UserId", u0."RoleId", u0."AssignedAt", r."Id", r."CreatedAt", r."Description", r."IsActive", r."Name", t1."RoleId" AS "RoleId0", t1."PermissionId", t1."AssignedAt" AS "AssignedAt0", t1."Id" AS "Id0", t1."Code", t1."CreatedAt" AS "CreatedAt0", t1."Description" AS "Description0", t1."Module"
    FROM user_roles AS u0
    INNER JOIN "Roles" AS r ON u0."RoleId" = r."Id"
    LEFT JOIN (
        SELECT r0."RoleId", r0."PermissionId", r0."AssignedAt", p."Id", p."Code", p."CreatedAt", p."Description", p."Module"
        FROM role_permissions AS r0
        INNER JOIN "Permissions" AS p ON r0."PermissionId" = p."Id"
    ) AS t1 ON r."Id" = t1."RoleId"
) AS t0 ON t."Id" = t0."UserId"
ORDER BY t."Id", t0."UserId", t0."RoleId", t0."Id", t0."RoleId0", t0."PermissionId"
2026-02-15 00:06:27.816 +00:00 [WRN] Login fallido para 'admin'.
2026-02-15 00:06:27.825 +00:00 [INF] Executed action QAMS.Api.Controllers.AuthController.Login (QAMS.Api) in 544.8671ms
2026-02-15 00:06:27.828 +00:00 [INF] Executed endpoint 'QAMS.Api.Controllers.AuthController.Login (QAMS.Api)'
2026-02-15 00:06:27.831 +00:00 [WRN] Error de dominio: Credenciales inválidas.
QAMS.Domain.Exceptions.DomainException: Credenciales inválidas.
   at QAMS.Application.Services.AuthService.LoginAsync(LoginRequestDto request) in /src/src/QAMS.Application/Services/AuthService.cs:line 42
   at QAMS.Api.Controllers.AuthController.Login(LoginRequestDto request) in /src/src/QAMS.Api/Controllers/AuthController.cs:line 29
   at Microsoft.AspNetCore.Mvc.Infrastructure.ActionMethodExecutor.TaskOfIActionResultExecutor.Execute(ActionContext actionContext, IActionResultTypeMapper mapper, ObjectMethodExecutor executor, Object controller, Object[] arguments)
   at Microsoft.AspNetCore.Mvc.Infrastructure.ControllerActionInvoker.<InvokeActionMethodAsync>g__Awaited|12_0(ControllerActionInvoker invoker, ValueTask`1 actionResultValueTask)
   at Microsoft.AspNetCore.Mvc.Infrastructure.ControllerActionInvoker.<InvokeNextActionFilterAsync>g__Awaited|10_0(ControllerActionInvoker invoker, Task lastTask, State next, Scope scope, Object state, Boolean isCompleted)
   at Microsoft.AspNetCore.Mvc.Infrastructure.ControllerActionInvoker.Rethrow(ActionExecutedContextSealed context)
   at Microsoft.AspNetCore.Mvc.Infrastructure.ControllerActionInvoker.Next(State& next, Scope& scope, Object& state, Boolean& isCompleted)
   at Microsoft.AspNetCore.Mvc.Infrastructure.ControllerActionInvoker.<InvokeInnerFilterAsync>g__Awaited|13_0(ControllerActionInvoker invoker, Task lastTask, State next, Scope scope, Object state, Boolean isCompleted)
   at Microsoft.AspNetCore.Mvc.Infrastructure.ResourceInvoker.<InvokeFilterPipelineAsync>g__Awaited|20_0(ResourceInvoker invoker, Task lastTask, State next, Scope scope, Object state, Boolean isCompleted)
   at Microsoft.AspNetCore.Mvc.Infrastructure.ResourceInvoker.<InvokeAsync>g__Logged|17_1(ResourceInvoker invoker)
   at Microsoft.AspNetCore.Mvc.Infrastructure.ResourceInvoker.<InvokeAsync>g__Logged|17_1(ResourceInvoker invoker)
   at Microsoft.AspNetCore.Routing.EndpointMiddleware.<Invoke>g__AwaitRequestTask|7_0(Endpoint endpoint, Task requestTask, ILogger logger)
   at Microsoft.AspNetCore.Authorization.AuthorizationMiddleware.Invoke(HttpContext context)
   at Microsoft.AspNetCore.Authentication.AuthenticationMiddleware.Invoke(HttpContext context)
   at Swashbuckle.AspNetCore.SwaggerUI.SwaggerUIMiddleware.Invoke(HttpContext httpContext)
   at Swashbuckle.AspNetCore.Swagger.SwaggerMiddleware.Invoke(HttpContext httpContext, ISwaggerProvider swaggerProvider)
   at QAMS.Api.Middleware.ExceptionHandlingMiddleware.InvokeAsync(HttpContext context) in /src/src/QAMS.Api/Middleware/ExceptionHandlingMiddleware.cs:line 27
2026-02-15 00:06:27.876 +00:00 [INF] Request finished HTTP/1.1 POST http://localhost:5000/api/Auth/login - 400 null application/json 868.2991ms
2026-02-15 00:06:50.624 +00:00 [INF] Request starting HTTP/1.1 OPTIONS http://localhost:5000/api/Auth/login - null null
2026-02-15 00:06:50.630 +00:00 [INF] CORS policy execution successful.
2026-02-15 00:06:50.633 +00:00 [INF] Request finished HTTP/1.1 OPTIONS http://localhost:5000/api/Auth/login - 204 null null 8.8844ms
2026-02-15 00:06:50.640 +00:00 [INF] Request starting HTTP/1.1 POST http://localhost:5000/api/Auth/login - application/json 43
2026-02-15 00:06:50.643 +00:00 [INF] CORS policy execution successful.
2026-02-15 00:06:50.648 +00:00 [INF] Executing endpoint 'QAMS.Api.Controllers.AuthController.Login (QAMS.Api)'
2026-02-15 00:06:50.650 +00:00 [INF] Route matched with {action = "Login", controller = "Auth"}. Executing controller action with signature System.Threading.Tasks.Task`1[Microsoft.AspNetCore.Mvc.IActionResult] Login(QAMS.Application.DTOs.Auth.LoginRequestDto) on controller QAMS.Api.Controllers.AuthController (QAMS.Api).
2026-02-15 00:06:50.725 +00:00 [INF] POST /api/auth/login - Usuario: admin
2026-02-15 00:06:50.725 +00:00 [INF] Intento de login: 'admin'.
2026-02-15 00:06:50.744 +00:00 [INF] Executed DbCommand (2ms) [Parameters=[@__username_0='?'], CommandType='"Text"', CommandTimeout='30']
SELECT t."Id", t."CreatedAt", t."Email", t."FullName", t."IsActive", t."PasswordHash", t."RefreshToken", t."RefreshTokenExpiryTime", t."UpdatedAt", t."Username", t0."UserId", t0."RoleId", t0."AssignedAt", t0."Id", t0."CreatedAt", t0."Description", t0."IsActive", t0."Name", t0."RoleId0", t0."PermissionId", t0."AssignedAt0", t0."Id0", t0."Code", t0."CreatedAt0", t0."Description0", t0."Module"
FROM (
    SELECT u."Id", u."CreatedAt", u."Email", u."FullName", u."IsActive", u."PasswordHash", u."RefreshToken", u."RefreshTokenExpiryTime", u."UpdatedAt", u."Username"
    FROM "Users" AS u
    WHERE u."Username" = @__username_0
    LIMIT 1
) AS t
LEFT JOIN (
    SELECT u0."UserId", u0."RoleId", u0."AssignedAt", r."Id", r."CreatedAt", r."Description", r."IsActive", r."Name", t1."RoleId" AS "RoleId0", t1."PermissionId", t1."AssignedAt" AS "AssignedAt0", t1."Id" AS "Id0", t1."Code", t1."CreatedAt" AS "CreatedAt0", t1."Description" AS "Description0", t1."Module"
    FROM user_roles AS u0
    INNER JOIN "Roles" AS r ON u0."RoleId" = r."Id"
    LEFT JOIN (
        SELECT r0."RoleId", r0."PermissionId", r0."AssignedAt", p."Id", p."Code", p."CreatedAt", p."Description", p."Module"
        FROM role_permissions AS r0
        INNER JOIN "Permissions" AS p ON r0."PermissionId" = p."Id"
    ) AS t1 ON r."Id" = t1."RoleId"
) AS t0 ON t."Id" = t0."UserId"
ORDER BY t."Id", t0."UserId", t0."RoleId", t0."Id", t0."RoleId0", t0."PermissionId"
2026-02-15 00:06:50.747 +00:00 [WRN] Login fallido para 'admin'.
2026-02-15 00:06:50.749 +00:00 [INF] Executed action QAMS.Api.Controllers.AuthController.Login (QAMS.Api) in 97.619ms
2026-02-15 00:06:50.750 +00:00 [INF] Executed endpoint 'QAMS.Api.Controllers.AuthController.Login (QAMS.Api)'
2026-02-15 00:06:50.750 +00:00 [WRN] Error de dominio: Credenciales inválidas.
QAMS.Domain.Exceptions.DomainException: Credenciales inválidas.
   at QAMS.Application.Services.AuthService.LoginAsync(LoginRequestDto request) in /src/src/QAMS.Application/Services/AuthService.cs:line 42
   at QAMS.Api.Controllers.AuthController.Login(LoginRequestDto request) in /src/src/QAMS.Api/Controllers/AuthController.cs:line 29
   at Microsoft.AspNetCore.Mvc.Infrastructure.ActionMethodExecutor.TaskOfIActionResultExecutor.Execute(ActionContext actionContext, IActionResultTypeMapper mapper, ObjectMethodExecutor executor, Object controller, Object[] arguments)
   at Microsoft.AspNetCore.Mvc.Infrastructure.ControllerActionInvoker.<InvokeActionMethodAsync>g__Awaited|12_0(ControllerActionInvoker invoker, ValueTask`1 actionResultValueTask)
   at Microsoft.AspNetCore.Mvc.Infrastructure.ControllerActionInvoker.<InvokeNextActionFilterAsync>g__Awaited|10_0(ControllerActionInvoker invoker, Task lastTask, State next, Scope scope, Object state, Boolean isCompleted)
   at Microsoft.AspNetCore.Mvc.Infrastructure.ControllerActionInvoker.Rethrow(ActionExecutedContextSealed context)
   at Microsoft.AspNetCore.Mvc.Infrastructure.ControllerActionInvoker.Next(State& next, Scope& scope, Object& state, Boolean& isCompleted)
   at Microsoft.AspNetCore.Mvc.Infrastructure.ControllerActionInvoker.<InvokeInnerFilterAsync>g__Awaited|13_0(ControllerActionInvoker invoker, Task lastTask, State next, Scope scope, Object state, Boolean isCompleted)
   at Microsoft.AspNetCore.Mvc.Infrastructure.ResourceInvoker.<InvokeFilterPipelineAsync>g__Awaited|20_0(ResourceInvoker invoker, Task lastTask, State next, Scope scope, Object state, Boolean isCompleted)
   at Microsoft.AspNetCore.Mvc.Infrastructure.ResourceInvoker.<InvokeAsync>g__Logged|17_1(ResourceInvoker invoker)
   at Microsoft.AspNetCore.Mvc.Infrastructure.ResourceInvoker.<InvokeAsync>g__Logged|17_1(ResourceInvoker invoker)
   at Microsoft.AspNetCore.Routing.EndpointMiddleware.<Invoke>g__AwaitRequestTask|7_0(Endpoint endpoint, Task requestTask, ILogger logger)
   at Microsoft.AspNetCore.Authorization.AuthorizationMiddleware.Invoke(HttpContext context)
   at Microsoft.AspNetCore.Authentication.AuthenticationMiddleware.Invoke(HttpContext context)
   at Swashbuckle.AspNetCore.SwaggerUI.SwaggerUIMiddleware.Invoke(HttpContext httpContext)
   at Swashbuckle.AspNetCore.Swagger.SwaggerMiddleware.Invoke(HttpContext httpContext, ISwaggerProvider swaggerProvider)
   at QAMS.Api.Middleware.ExceptionHandlingMiddleware.InvokeAsync(HttpContext context) in /src/src/QAMS.Api/Middleware/ExceptionHandlingMiddleware.cs:line 27
2026-02-15 00:06:50.754 +00:00 [INF] Request finished HTTP/1.1 POST http://localhost:5000/api/Auth/login - 400 null application/json 114.0931ms
2026-02-15 00:34:38.812 +00:00 [INF] Application is shutting down...
2026-02-15 00:34:43.237 +00:00 [INF] Executed DbCommand (57ms) [Parameters=[], CommandType='"Text"', CommandTimeout='30']
SELECT EXISTS (
    SELECT 1 FROM pg_catalog.pg_class c
    JOIN pg_catalog.pg_namespace n ON n.oid=c.relnamespace
    WHERE n.nspname='public' AND
          c.relname='__EFMigrationsHistory'
)
2026-02-15 00:34:43.347 +00:00 [INF] Executed DbCommand (7ms) [Parameters=[], CommandType='"Text"', CommandTimeout='30']
SELECT "MigrationId", "ProductVersion"
FROM "__EFMigrationsHistory"
ORDER BY "MigrationId";
2026-02-15 00:34:43.372 +00:00 [INF] Executed DbCommand (1ms) [Parameters=[], CommandType='"Text"', CommandTimeout='30']
SELECT EXISTS (
    SELECT 1 FROM pg_catalog.pg_class c
    JOIN pg_catalog.pg_namespace n ON n.oid=c.relnamespace
    WHERE n.nspname='public' AND
          c.relname='__EFMigrationsHistory'
)
2026-02-15 00:34:43.385 +00:00 [INF] Executed DbCommand (3ms) [Parameters=[], CommandType='"Text"', CommandTimeout='30']
SELECT EXISTS (
    SELECT 1 FROM pg_catalog.pg_class c
    JOIN pg_catalog.pg_namespace n ON n.oid=c.relnamespace
    WHERE n.nspname='public' AND
          c.relname='__EFMigrationsHistory'
)
2026-02-15 00:34:43.386 +00:00 [INF] Executed DbCommand (1ms) [Parameters=[], CommandType='"Text"', CommandTimeout='30']
SELECT "MigrationId", "ProductVersion"
FROM "__EFMigrationsHistory"
ORDER BY "MigrationId";
2026-02-15 00:34:43.401 +00:00 [INF] No migrations were applied. The database is already up to date.
2026-02-15 00:34:43.403 +00:00 [INF] Database migrations applied.
2026-02-15 00:34:43.415 +00:00 [INF] Executed DbCommand (1ms) [Parameters=[], CommandType='"Text"', CommandTimeout='30']
SELECT EXISTS (
    SELECT 1 FROM pg_catalog.pg_class c
    JOIN pg_catalog.pg_namespace n ON n.oid=c.relnamespace
    WHERE n.nspname='public' AND
          c.relname='__EFMigrationsHistory'
)
2026-02-15 00:34:43.417 +00:00 [INF] Executed DbCommand (0ms) [Parameters=[], CommandType='"Text"', CommandTimeout='30']
SELECT "MigrationId", "ProductVersion"
FROM "__EFMigrationsHistory"
ORDER BY "MigrationId";
2026-02-15 00:34:43.423 +00:00 [INF] Obteniendo todos del catálogo 'executionstatus'.
2026-02-15 00:34:43.659 +00:00 [INF] Executed DbCommand (19ms) [Parameters=[], CommandType='"Text"', CommandTimeout='30']
SELECT e.id, e.code, e.created_at, e.description, e.is_active, e.name, e.sort_order
FROM execution_statuses AS e
ORDER BY e.sort_order
2026-02-15 00:34:43.717 +00:00 [INF] Obteniendo todos del catálogo 'evidencetype'.
2026-02-15 00:34:43.726 +00:00 [INF] Executed DbCommand (3ms) [Parameters=[], CommandType='"Text"', CommandTimeout='30']
SELECT e."Id", e."Code", e."CreatedAt", e."Description", e."IsActive", e."Name", e."SortOrder"
FROM "EvidenceTypes" AS e
ORDER BY e."SortOrder"
2026-02-15 00:34:43.729 +00:00 [INF] Obteniendo todos del catálogo 'stepresultstatus'.
2026-02-15 00:34:43.742 +00:00 [INF] Executed DbCommand (3ms) [Parameters=[], CommandType='"Text"', CommandTimeout='30']
SELECT s."Id", s."Code", s."CreatedAt", s."Description", s."IsActive", s."Name", s."SortOrder"
FROM "StepResultStatuses" AS s
ORDER BY s."SortOrder"
2026-02-15 00:34:43.744 +00:00 [INF] Obteniendo todos del catálogo 'taskpriority'.
2026-02-15 00:34:43.769 +00:00 [INF] Executed DbCommand (10ms) [Parameters=[], CommandType='"Text"', CommandTimeout='30']
SELECT t."Id", t."Code", t."CreatedAt", t."Description", t."IsActive", t."Name", t."SortOrder"
FROM "TaskPriorities" AS t
ORDER BY t."SortOrder"
2026-02-15 00:34:43.772 +00:00 [INF] Obteniendo todos del catálogo 'testcasepriority'.
2026-02-15 00:34:43.796 +00:00 [INF] Executed DbCommand (6ms) [Parameters=[], CommandType='"Text"', CommandTimeout='30']
SELECT t."Id", t."Code", t."CreatedAt", t."Description", t."IsActive", t."Name", t."SortOrder"
FROM "TestCasePriorities" AS t
ORDER BY t."SortOrder"
2026-02-15 00:34:43.883 +00:00 [INF] Obteniendo todos los roles.
2026-02-15 00:34:44.003 +00:00 [INF] Executed DbCommand (36ms) [Parameters=[], CommandType='"Text"', CommandTimeout='30']
SELECT r."Id", r."CreatedAt", r."Description", r."IsActive", r."Name", t."RoleId", t."PermissionId", t."AssignedAt", t."Id", t."Code", t."CreatedAt", t."Description", t."Module"
FROM "Roles" AS r
LEFT JOIN (
    SELECT r0."RoleId", r0."PermissionId", r0."AssignedAt", p."Id", p."Code", p."CreatedAt", p."Description", p."Module"
    FROM role_permissions AS r0
    INNER JOIN "Permissions" AS p ON r0."PermissionId" = p."Id"
) AS t ON r."Id" = t."RoleId"
ORDER BY r."Name", r."Id", t."RoleId", t."PermissionId"
2026-02-15 00:34:44.022 +00:00 [INF] Obteniendo todos los usuarios.
2026-02-15 00:34:44.034 +00:00 [INF] Executed DbCommand (6ms) [Parameters=[], CommandType='"Text"', CommandTimeout='30']
SELECT u."Id", u."CreatedAt", u."Email", u."FullName", u."IsActive", u."PasswordHash", u."RefreshToken", u."RefreshTokenExpiryTime", u."UpdatedAt", u."Username"
FROM "Users" AS u
2026-02-15 00:34:44.042 +00:00 [INF] Creando usuario 'admin'.
2026-02-15 00:34:44.082 +00:00 [INF] Executed DbCommand (13ms) [Parameters=[@__dto_Username_0='?'], CommandType='"Text"', CommandTimeout='30']
SELECT EXISTS (
    SELECT 1
    FROM "Users" AS u
    WHERE u."Username" = @__dto_Username_0)
2026-02-15 00:34:44.088 +00:00 [INF] Executed DbCommand (1ms) [Parameters=[@__dto_Email_0='?'], CommandType='"Text"', CommandTimeout='30']
SELECT EXISTS (
    SELECT 1
    FROM "Users" AS u
    WHERE u."Email" = @__dto_Email_0)
2026-02-15 00:34:44.724 +00:00 [INF] Executed DbCommand (106ms) [Parameters=[@p0='?' (DbType = Guid), @p1='?' (DbType = DateTime), @p2='?', @p3='?', @p4='?' (DbType = Boolean), @p5='?', @p6='?', @p7='?' (DbType = DateTime), @p8='?' (DbType = DateTime), @p9='?'], CommandType='"Text"', CommandTimeout='30']
INSERT INTO "Users" ("Id", "CreatedAt", "Email", "FullName", "IsActive", "PasswordHash", "RefreshToken", "RefreshTokenExpiryTime", "UpdatedAt", "Username")
VALUES (@p0, @p1, @p2, @p3, @p4, @p5, @p6, @p7, @p8, @p9);
2026-02-15 00:34:44.736 +00:00 [INF] 1 cambios persistidos.
2026-02-15 00:34:44.744 +00:00 [INF] Executed DbCommand (3ms) [Parameters=[@__roleId_0='?' (DbType = Guid)], CommandType='"Text"', CommandTimeout='30']
SELECT EXISTS (
    SELECT 1
    FROM "Roles" AS r
    WHERE r."Id" = @__roleId_0)
2026-02-15 00:34:44.756 +00:00 [INF] Executed DbCommand (4ms) [Parameters=[@__userId_0='?' (DbType = Guid), @__roleId_1='?' (DbType = Guid)], CommandType='"Text"', CommandTimeout='30']
SELECT EXISTS (
    SELECT 1
    FROM user_roles AS u
    WHERE u."UserId" = @__userId_0 AND u."RoleId" = @__roleId_1)
2026-02-15 00:34:44.834 +00:00 [INF] Executed DbCommand (46ms) [Parameters=[@p0='?' (DbType = Guid), @p1='?' (DbType = Guid), @p2='?' (DbType = DateTime)], CommandType='"Text"', CommandTimeout='30']
INSERT INTO user_roles ("RoleId", "UserId", "AssignedAt")
VALUES (@p0, @p1, @p2);
2026-02-15 00:34:44.837 +00:00 [INF] 1 cambios persistidos.
2026-02-15 00:34:44.838 +00:00 [INF] Usuario 'admin' creado con ID "dfb95df7-afe1-4f69-9ebd-0d2482f09403".
2026-02-15 00:34:44.877 +00:00 [INF] Executed DbCommand (3ms) [Parameters=[@__userId_0='?' (DbType = Guid)], CommandType='"Text"', CommandTimeout='30']
SELECT t."Id", t."CreatedAt", t."Email", t."FullName", t."IsActive", t."PasswordHash", t."RefreshToken", t."RefreshTokenExpiryTime", t."UpdatedAt", t."Username", t0."UserId", t0."RoleId", t0."AssignedAt", t0."Id", t0."CreatedAt", t0."Description", t0."IsActive", t0."Name"
FROM (
    SELECT u."Id", u."CreatedAt", u."Email", u."FullName", u."IsActive", u."PasswordHash", u."RefreshToken", u."RefreshTokenExpiryTime", u."UpdatedAt", u."Username"
    FROM "Users" AS u
    WHERE u."Id" = @__userId_0
    LIMIT 1
) AS t
LEFT JOIN (
    SELECT u0."UserId", u0."RoleId", u0."AssignedAt", r."Id", r."CreatedAt", r."Description", r."IsActive", r."Name"
    FROM user_roles AS u0
    INNER JOIN "Roles" AS r ON u0."RoleId" = r."Id"
) AS t0 ON t."Id" = t0."UserId"
ORDER BY t."Id", t0."UserId", t0."RoleId"
2026-02-15 00:34:44.892 +00:00 [INF] Usuario 'admin' creado con éxito.
2026-02-15 00:34:44.958 +00:00 [INF] QAMS API iniciada en Docker.
2026-02-15 00:34:44.967 +00:00 [WRN] Storing keys in a directory '/root/.aspnet/DataProtection-Keys' that may not be persisted outside of the container. Protected data will be unavailable when container is destroyed. For more information go to https://aka.ms/aspnet/dataprotectionwarning
2026-02-15 00:34:44.968 +00:00 [INF] User profile is available. Using '/root/.aspnet/DataProtection-Keys' as key repository; keys will not be encrypted at rest.
2026-02-15 00:34:44.976 +00:00 [INF] Creating key {7461cbf4-f2a3-4e5a-9304-efa576ce63ad} with creation date 2026-02-15 00:34:44Z, activation date 2026-02-15 00:34:44Z, and expiration date 2026-05-16 00:34:44Z.
2026-02-15 00:34:44.982 +00:00 [WRN] No XML encryptor configured. Key {7461cbf4-f2a3-4e5a-9304-efa576ce63ad} may be persisted to storage in unencrypted form.
2026-02-15 00:34:44.985 +00:00 [INF] Writing data to file '/root/.aspnet/DataProtection-Keys/key-7461cbf4-f2a3-4e5a-9304-efa576ce63ad.xml'.
2026-02-15 00:34:44.994 +00:00 [WRN] Overriding HTTP_PORTS '8080' and HTTPS_PORTS ''. Binding to values defined by URLS instead 'http://+:8080'.
2026-02-15 00:34:45.006 +00:00 [WRN] The WebRootPath was not found: /app/wwwroot. Static files may be unavailable.
2026-02-15 00:34:45.024 +00:00 [INF] Now listening on: http://[::]:8080
2026-02-15 00:34:45.025 +00:00 [INF] Application started. Press Ctrl+C to shut down.
2026-02-15 00:34:45.026 +00:00 [INF] Hosting environment: Docker
2026-02-15 00:34:45.026 +00:00 [INF] Content root path: /app
2026-02-15 00:36:13.475 +00:00 [INF] Request starting HTTP/1.1 OPTIONS http://localhost:5000/api/Auth/login - null null
2026-02-15 00:36:13.622 +00:00 [INF] CORS policy execution successful.
2026-02-15 00:36:13.634 +00:00 [INF] Request finished HTTP/1.1 OPTIONS http://localhost:5000/api/Auth/login - 204 null null 168.8912ms
2026-02-15 00:36:13.643 +00:00 [INF] Request starting HTTP/1.1 POST http://localhost:5000/api/Auth/login - application/json 43
2026-02-15 00:36:13.652 +00:00 [INF] CORS policy execution successful.
2026-02-15 00:36:13.719 +00:00 [INF] Executing endpoint 'QAMS.Api.Controllers.AuthController.Login (QAMS.Api)'
2026-02-15 00:36:13.766 +00:00 [INF] Route matched with {action = "Login", controller = "Auth"}. Executing controller action with signature System.Threading.Tasks.Task`1[Microsoft.AspNetCore.Mvc.IActionResult] Login(QAMS.Application.DTOs.Auth.LoginRequestDto) on controller QAMS.Api.Controllers.AuthController (QAMS.Api).
2026-02-15 00:36:13.845 +00:00 [INF] POST /api/auth/login - Usuario: admin
2026-02-15 00:36:13.848 +00:00 [INF] Intento de login: 'admin'.
2026-02-15 00:36:13.926 +00:00 [WRN] Compiling a query which loads related collections for more than one collection navigation, either via 'Include' or through projection, but no 'QuerySplittingBehavior' has been configured. By default, Entity Framework will use 'QuerySplittingBehavior.SingleQuery', which can potentially result in slow query performance. See https://go.microsoft.com/fwlink/?linkid=2134277 for more information. To identify the query that's triggering this warning call 'ConfigureWarnings(w => w.Throw(RelationalEventId.MultipleCollectionIncludeWarning))'.
2026-02-15 00:36:13.950 +00:00 [INF] Executed DbCommand (6ms) [Parameters=[@__username_0='?'], CommandType='"Text"', CommandTimeout='30']
SELECT t."Id", t."CreatedAt", t."Email", t."FullName", t."IsActive", t."PasswordHash", t."RefreshToken", t."RefreshTokenExpiryTime", t."UpdatedAt", t."Username", t0."UserId", t0."RoleId", t0."AssignedAt", t0."Id", t0."CreatedAt", t0."Description", t0."IsActive", t0."Name", t0."RoleId0", t0."PermissionId", t0."AssignedAt0", t0."Id0", t0."Code", t0."CreatedAt0", t0."Description0", t0."Module"
FROM (
    SELECT u."Id", u."CreatedAt", u."Email", u."FullName", u."IsActive", u."PasswordHash", u."RefreshToken", u."RefreshTokenExpiryTime", u."UpdatedAt", u."Username"
    FROM "Users" AS u
    WHERE u."Username" = @__username_0
    LIMIT 1
) AS t
LEFT JOIN (
    SELECT u0."UserId", u0."RoleId", u0."AssignedAt", r."Id", r."CreatedAt", r."Description", r."IsActive", r."Name", t1."RoleId" AS "RoleId0", t1."PermissionId", t1."AssignedAt" AS "AssignedAt0", t1."Id" AS "Id0", t1."Code", t1."CreatedAt" AS "CreatedAt0", t1."Description" AS "Description0", t1."Module"
    FROM user_roles AS u0
    INNER JOIN "Roles" AS r ON u0."RoleId" = r."Id"
    LEFT JOIN (
        SELECT r0."RoleId", r0."PermissionId", r0."AssignedAt", p."Id", p."Code", p."CreatedAt", p."Description", p."Module"
        FROM role_permissions AS r0
        INNER JOIN "Permissions" AS p ON r0."PermissionId" = p."Id"
    ) AS t1 ON r."Id" = t1."RoleId"
) AS t0 ON t."Id" = t0."UserId"
ORDER BY t."Id", t0."UserId", t0."RoleId", t0."Id", t0."RoleId0", t0."PermissionId"
2026-02-15 00:36:14.275 +00:00 [INF] Obteniendo permisos del usuario '"dfb95df7-afe1-4f69-9ebd-0d2482f09403"'.
2026-02-15 00:36:14.353 +00:00 [INF] Executed DbCommand (3ms) [Parameters=[@__userId_0='?' (DbType = Guid)], CommandType='"Text"', CommandTimeout='30']
SELECT DISTINCT p."Code"
FROM user_roles AS u
INNER JOIN "Roles" AS r ON u."RoleId" = r."Id"
INNER JOIN role_permissions AS r0 ON r."Id" = r0."RoleId"
INNER JOIN "Permissions" AS p ON r0."PermissionId" = p."Id"
WHERE u."UserId" = @__userId_0
2026-02-15 00:36:14.364 +00:00 [INF] Usuario '"dfb95df7-afe1-4f69-9ebd-0d2482f09403"' tiene 0 permisos.
2026-02-15 00:36:14.454 +00:00 [INF] Executed DbCommand (20ms) [Parameters=[@p9='?' (DbType = Guid), @p0='?' (DbType = DateTime), @p1='?', @p2='?', @p3='?' (DbType = Boolean), @p4='?', @p5='?', @p6='?' (DbType = DateTime), @p7='?' (DbType = DateTime), @p8='?'], CommandType='"Text"', CommandTimeout='30']
UPDATE "Users" SET "CreatedAt" = @p0, "Email" = @p1, "FullName" = @p2, "IsActive" = @p3, "PasswordHash" = @p4, "RefreshToken" = @p5, "RefreshTokenExpiryTime" = @p6, "UpdatedAt" = @p7, "Username" = @p8
WHERE "Id" = @p9;
2026-02-15 00:36:14.467 +00:00 [INF] 1 cambios persistidos.
2026-02-15 00:36:14.475 +00:00 [INF] Login exitoso: 'admin', 0 permisos.
2026-02-15 00:36:14.487 +00:00 [INF] Executing OkObjectResult, writing value of type 'QAMS.Application.DTOs.Auth.LoginResponseDto'.
2026-02-15 00:36:14.533 +00:00 [INF] Executed action QAMS.Api.Controllers.AuthController.Login (QAMS.Api) in 755.1955ms
2026-02-15 00:36:14.539 +00:00 [INF] Executed endpoint 'QAMS.Api.Controllers.AuthController.Login (QAMS.Api)'
2026-02-15 00:36:14.547 +00:00 [INF] Request finished HTTP/1.1 POST http://localhost:5000/api/Auth/login - 200 null application/json; charset=utf-8 903.8728ms
2026-02-15 00:36:32.094 +00:00 [INF] Request starting HTTP/1.1 OPTIONS http://localhost:5000/api/Auth/login - null null
2026-02-15 00:36:32.099 +00:00 [INF] CORS policy execution successful.
2026-02-15 00:36:32.101 +00:00 [INF] Request finished HTTP/1.1 OPTIONS http://localhost:5000/api/Auth/login - 204 null null 6.8161ms
2026-02-15 00:36:32.103 +00:00 [INF] Request starting HTTP/1.1 POST http://localhost:5000/api/Auth/login - application/json 43
2026-02-15 00:36:32.104 +00:00 [INF] CORS policy execution successful.
2026-02-15 00:36:32.107 +00:00 [INF] Executing endpoint 'QAMS.Api.Controllers.AuthController.Login (QAMS.Api)'
2026-02-15 00:36:32.108 +00:00 [INF] Route matched with {action = "Login", controller = "Auth"}. Executing controller action with signature System.Threading.Tasks.Task`1[Microsoft.AspNetCore.Mvc.IActionResult] Login(QAMS.Application.DTOs.Auth.LoginRequestDto) on controller QAMS.Api.Controllers.AuthController (QAMS.Api).
2026-02-15 00:36:32.165 +00:00 [INF] POST /api/auth/login - Usuario: admin
2026-02-15 00:36:32.166 +00:00 [INF] Intento de login: 'admin'.
2026-02-15 00:36:32.178 +00:00 [INF] Executed DbCommand (2ms) [Parameters=[@__username_0='?'], CommandType='"Text"', CommandTimeout='30']
SELECT t."Id", t."CreatedAt", t."Email", t."FullName", t."IsActive", t."PasswordHash", t."RefreshToken", t."RefreshTokenExpiryTime", t."UpdatedAt", t."Username", t0."UserId", t0."RoleId", t0."AssignedAt", t0."Id", t0."CreatedAt", t0."Description", t0."IsActive", t0."Name", t0."RoleId0", t0."PermissionId", t0."AssignedAt0", t0."Id0", t0."Code", t0."CreatedAt0", t0."Description0", t0."Module"
FROM (
    SELECT u."Id", u."CreatedAt", u."Email", u."FullName", u."IsActive", u."PasswordHash", u."RefreshToken", u."RefreshTokenExpiryTime", u."UpdatedAt", u."Username"
    FROM "Users" AS u
    WHERE u."Username" = @__username_0
    LIMIT 1
) AS t
LEFT JOIN (
    SELECT u0."UserId", u0."RoleId", u0."AssignedAt", r."Id", r."CreatedAt", r."Description", r."IsActive", r."Name", t1."RoleId" AS "RoleId0", t1."PermissionId", t1."AssignedAt" AS "AssignedAt0", t1."Id" AS "Id0", t1."Code", t1."CreatedAt" AS "CreatedAt0", t1."Description" AS "Description0", t1."Module"
    FROM user_roles AS u0
    INNER JOIN "Roles" AS r ON u0."RoleId" = r."Id"
    LEFT JOIN (
        SELECT r0."RoleId", r0."PermissionId", r0."AssignedAt", p."Id", p."Code", p."CreatedAt", p."Description", p."Module"
        FROM role_permissions AS r0
        INNER JOIN "Permissions" AS p ON r0."PermissionId" = p."Id"
    ) AS t1 ON r."Id" = t1."RoleId"
) AS t0 ON t."Id" = t0."UserId"
ORDER BY t."Id", t0."UserId", t0."RoleId", t0."Id", t0."RoleId0", t0."PermissionId"
2026-02-15 00:36:32.412 +00:00 [INF] Obteniendo permisos del usuario '"dfb95df7-afe1-4f69-9ebd-0d2482f09403"'.
2026-02-15 00:36:32.416 +00:00 [INF] Executed DbCommand (1ms) [Parameters=[@__userId_0='?' (DbType = Guid)], CommandType='"Text"', CommandTimeout='30']
SELECT DISTINCT p."Code"
FROM user_roles AS u
INNER JOIN "Roles" AS r ON u."RoleId" = r."Id"
INNER JOIN role_permissions AS r0 ON r."Id" = r0."RoleId"
INNER JOIN "Permissions" AS p ON r0."PermissionId" = p."Id"
WHERE u."UserId" = @__userId_0
2026-02-15 00:36:32.417 +00:00 [INF] Usuario '"dfb95df7-afe1-4f69-9ebd-0d2482f09403"' tiene 0 permisos.
2026-02-15 00:36:32.424 +00:00 [INF] Executed DbCommand (5ms) [Parameters=[@p9='?' (DbType = Guid), @p0='?' (DbType = DateTime), @p1='?', @p2='?', @p3='?' (DbType = Boolean), @p4='?', @p5='?', @p6='?' (DbType = DateTime), @p7='?' (DbType = DateTime), @p8='?'], CommandType='"Text"', CommandTimeout='30']
UPDATE "Users" SET "CreatedAt" = @p0, "Email" = @p1, "FullName" = @p2, "IsActive" = @p3, "PasswordHash" = @p4, "RefreshToken" = @p5, "RefreshTokenExpiryTime" = @p6, "UpdatedAt" = @p7, "Username" = @p8
WHERE "Id" = @p9;
2026-02-15 00:36:32.425 +00:00 [INF] 1 cambios persistidos.
2026-02-15 00:36:32.425 +00:00 [INF] Login exitoso: 'admin', 0 permisos.
2026-02-15 00:36:32.426 +00:00 [INF] Executing OkObjectResult, writing value of type 'QAMS.Application.DTOs.Auth.LoginResponseDto'.
2026-02-15 00:36:32.427 +00:00 [INF] Executed action QAMS.Api.Controllers.AuthController.Login (QAMS.Api) in 319.0014ms
2026-02-15 00:36:32.428 +00:00 [INF] Executed endpoint 'QAMS.Api.Controllers.AuthController.Login (QAMS.Api)'
2026-02-15 00:36:32.428 +00:00 [INF] Request finished HTTP/1.1 POST http://localhost:5000/api/Auth/login - 200 null application/json; charset=utf-8 325.784ms
2026-02-15 00:42:01.828 +00:00 [INF] Request starting HTTP/1.1 OPTIONS http://localhost:5000/api/Auth/login - null null
2026-02-15 00:42:01.888 +00:00 [INF] CORS policy execution successful.
2026-02-15 00:42:01.896 +00:00 [INF] Request finished HTTP/1.1 OPTIONS http://localhost:5000/api/Auth/login - 204 null null 78.4042ms
2026-02-15 00:42:01.905 +00:00 [INF] Request starting HTTP/1.1 POST http://localhost:5000/api/Auth/login - application/json 43
2026-02-15 00:42:01.907 +00:00 [INF] CORS policy execution successful.
2026-02-15 00:42:01.937 +00:00 [INF] Executing endpoint 'QAMS.Api.Controllers.AuthController.Login (QAMS.Api)'
2026-02-15 00:42:01.943 +00:00 [INF] Route matched with {action = "Login", controller = "Auth"}. Executing controller action with signature System.Threading.Tasks.Task`1[Microsoft.AspNetCore.Mvc.IActionResult] Login(QAMS.Application.DTOs.Auth.LoginRequestDto) on controller QAMS.Api.Controllers.AuthController (QAMS.Api).
2026-02-15 00:42:02.009 +00:00 [INF] POST /api/auth/login - Usuario: admin
2026-02-15 00:42:02.010 +00:00 [INF] Intento de login: 'admin'.
2026-02-15 00:42:02.217 +00:00 [INF] Executed DbCommand (41ms) [Parameters=[@__username_0='?'], CommandType='"Text"', CommandTimeout='30']
SELECT t."Id", t."CreatedAt", t."Email", t."FullName", t."IsActive", t."PasswordHash", t."RefreshToken", t."RefreshTokenExpiryTime", t."UpdatedAt", t."Username", t0."UserId", t0."RoleId", t0."AssignedAt", t0."Id", t0."CreatedAt", t0."Description", t0."IsActive", t0."Name", t0."RoleId0", t0."PermissionId", t0."AssignedAt0", t0."Id0", t0."Code", t0."CreatedAt0", t0."Description0", t0."Module"
FROM (
    SELECT u."Id", u."CreatedAt", u."Email", u."FullName", u."IsActive", u."PasswordHash", u."RefreshToken", u."RefreshTokenExpiryTime", u."UpdatedAt", u."Username"
    FROM "Users" AS u
    WHERE u."Username" = @__username_0
    LIMIT 1
) AS t
LEFT JOIN (
    SELECT u0."UserId", u0."RoleId", u0."AssignedAt", r."Id", r."CreatedAt", r."Description", r."IsActive", r."Name", t1."RoleId" AS "RoleId0", t1."PermissionId", t1."AssignedAt" AS "AssignedAt0", t1."Id" AS "Id0", t1."Code", t1."CreatedAt" AS "CreatedAt0", t1."Description" AS "Description0", t1."Module"
    FROM user_roles AS u0
    INNER JOIN "Roles" AS r ON u0."RoleId" = r."Id"
    LEFT JOIN (
        SELECT r0."RoleId", r0."PermissionId", r0."AssignedAt", p."Id", p."Code", p."CreatedAt", p."Description", p."Module"
        FROM role_permissions AS r0
        INNER JOIN "Permissions" AS p ON r0."PermissionId" = p."Id"
    ) AS t1 ON r."Id" = t1."RoleId"
) AS t0 ON t."Id" = t0."UserId"
ORDER BY t."Id", t0."UserId", t0."RoleId", t0."Id", t0."RoleId0", t0."PermissionId"
2026-02-15 00:42:02.509 +00:00 [INF] Obteniendo permisos del usuario '"dfb95df7-afe1-4f69-9ebd-0d2482f09403"'.
2026-02-15 00:42:02.515 +00:00 [INF] Executed DbCommand (4ms) [Parameters=[@__userId_0='?' (DbType = Guid)], CommandType='"Text"', CommandTimeout='30']
SELECT DISTINCT p."Code"
FROM user_roles AS u
INNER JOIN "Roles" AS r ON u."RoleId" = r."Id"
INNER JOIN role_permissions AS r0 ON r."Id" = r0."RoleId"
INNER JOIN "Permissions" AS p ON r0."PermissionId" = p."Id"
WHERE u."UserId" = @__userId_0
2026-02-15 00:42:02.516 +00:00 [INF] Usuario '"dfb95df7-afe1-4f69-9ebd-0d2482f09403"' tiene 0 permisos.
2026-02-15 00:42:02.538 +00:00 [INF] Executed DbCommand (12ms) [Parameters=[@p9='?' (DbType = Guid), @p0='?' (DbType = DateTime), @p1='?', @p2='?', @p3='?' (DbType = Boolean), @p4='?', @p5='?', @p6='?' (DbType = DateTime), @p7='?' (DbType = DateTime), @p8='?'], CommandType='"Text"', CommandTimeout='30']
UPDATE "Users" SET "CreatedAt" = @p0, "Email" = @p1, "FullName" = @p2, "IsActive" = @p3, "PasswordHash" = @p4, "RefreshToken" = @p5, "RefreshTokenExpiryTime" = @p6, "UpdatedAt" = @p7, "Username" = @p8
WHERE "Id" = @p9;
2026-02-15 00:42:02.540 +00:00 [INF] 1 cambios persistidos.
2026-02-15 00:42:02.540 +00:00 [INF] Login exitoso: 'admin', 0 permisos.
2026-02-15 00:42:02.543 +00:00 [INF] Executing OkObjectResult, writing value of type 'QAMS.Application.DTOs.Auth.LoginResponseDto'.
2026-02-15 00:42:02.546 +00:00 [INF] Executed action QAMS.Api.Controllers.AuthController.Login (QAMS.Api) in 600.2702ms
2026-02-15 00:42:02.547 +00:00 [INF] Executed endpoint 'QAMS.Api.Controllers.AuthController.Login (QAMS.Api)'
2026-02-15 00:42:02.548 +00:00 [INF] Request finished HTTP/1.1 POST http://localhost:5000/api/Auth/login - 200 null application/json; charset=utf-8 642.4279ms
2026-02-15 00:43:43.626 +00:00 [INF] Request starting HTTP/1.1 GET http://localhost:5000/swagger/index.html - null null
2026-02-15 00:43:43.797 +00:00 [INF] Request finished HTTP/1.1 GET http://localhost:5000/swagger/index.html - 200 null text/html;charset=utf-8 171.5205ms
2026-02-15 00:43:44.233 +00:00 [INF] Request starting HTTP/1.1 GET http://localhost:5000/swagger/v1/swagger.json - null null
2026-02-15 00:43:44.716 +00:00 [INF] Request finished HTTP/1.1 GET http://localhost:5000/swagger/v1/swagger.json - 200 null application/json;charset=utf-8 483.1292ms
2026-02-15 00:44:21.437 +00:00 [INF] Request starting HTTP/1.1 POST http://localhost:5000/api/Auth/login - application/json 51
2026-02-15 00:44:21.463 +00:00 [INF] CORS policy execution failed.
2026-02-15 00:44:21.475 +00:00 [INF] Request origin http://localhost:5000 does not have permission to access the resource.
2026-02-15 00:44:21.476 +00:00 [INF] Executing endpoint 'QAMS.Api.Controllers.AuthController.Login (QAMS.Api)'
2026-02-15 00:44:21.476 +00:00 [INF] Route matched with {action = "Login", controller = "Auth"}. Executing controller action with signature System.Threading.Tasks.Task`1[Microsoft.AspNetCore.Mvc.IActionResult] Login(QAMS.Application.DTOs.Auth.LoginRequestDto) on controller QAMS.Api.Controllers.AuthController (QAMS.Api).
2026-02-15 00:44:21.479 +00:00 [INF] POST /api/auth/login - Usuario: juan
2026-02-15 00:44:21.480 +00:00 [INF] Intento de login: 'juan'.
2026-02-15 00:44:21.483 +00:00 [INF] Executed DbCommand (2ms) [Parameters=[@__username_0='?'], CommandType='"Text"', CommandTimeout='30']
SELECT t."Id", t."CreatedAt", t."Email", t."FullName", t."IsActive", t."PasswordHash", t."RefreshToken", t."RefreshTokenExpiryTime", t."UpdatedAt", t."Username", t0."UserId", t0."RoleId", t0."AssignedAt", t0."Id", t0."CreatedAt", t0."Description", t0."IsActive", t0."Name", t0."RoleId0", t0."PermissionId", t0."AssignedAt0", t0."Id0", t0."Code", t0."CreatedAt0", t0."Description0", t0."Module"
FROM (
    SELECT u."Id", u."CreatedAt", u."Email", u."FullName", u."IsActive", u."PasswordHash", u."RefreshToken", u."RefreshTokenExpiryTime", u."UpdatedAt", u."Username"
    FROM "Users" AS u
    WHERE u."Username" = @__username_0
    LIMIT 1
) AS t
LEFT JOIN (
    SELECT u0."UserId", u0."RoleId", u0."AssignedAt", r."Id", r."CreatedAt", r."Description", r."IsActive", r."Name", t1."RoleId" AS "RoleId0", t1."PermissionId", t1."AssignedAt" AS "AssignedAt0", t1."Id" AS "Id0", t1."Code", t1."CreatedAt" AS "CreatedAt0", t1."Description" AS "Description0", t1."Module"
    FROM user_roles AS u0
    INNER JOIN "Roles" AS r ON u0."RoleId" = r."Id"
    LEFT JOIN (
        SELECT r0."RoleId", r0."PermissionId", r0."AssignedAt", p."Id", p."Code", p."CreatedAt", p."Description", p."Module"
        FROM role_permissions AS r0
        INNER JOIN "Permissions" AS p ON r0."PermissionId" = p."Id"
    ) AS t1 ON r."Id" = t1."RoleId"
) AS t0 ON t."Id" = t0."UserId"
ORDER BY t."Id", t0."UserId", t0."RoleId", t0."Id", t0."RoleId0", t0."PermissionId"
2026-02-15 00:44:21.737 +00:00 [WRN] Contraseña incorrecta para 'juan'.
2026-02-15 00:44:21.752 +00:00 [INF] Executed action QAMS.Api.Controllers.AuthController.Login (QAMS.Api) in 275.5317ms
2026-02-15 00:44:21.755 +00:00 [INF] Executed endpoint 'QAMS.Api.Controllers.AuthController.Login (QAMS.Api)'
2026-02-15 00:44:21.761 +00:00 [WRN] Error de dominio: Credenciales inválidas.
QAMS.Domain.Exceptions.DomainException: Credenciales inválidas.
   at QAMS.Application.Services.AuthService.LoginAsync(LoginRequestDto request) in /src/src/QAMS.Application/Services/AuthService.cs:line 48
   at QAMS.Api.Controllers.AuthController.Login(LoginRequestDto request) in /src/src/QAMS.Api/Controllers/AuthController.cs:line 29
   at Microsoft.AspNetCore.Mvc.Infrastructure.ActionMethodExecutor.TaskOfIActionResultExecutor.Execute(ActionContext actionContext, IActionResultTypeMapper mapper, ObjectMethodExecutor executor, Object controller, Object[] arguments)
   at Microsoft.AspNetCore.Mvc.Infrastructure.ControllerActionInvoker.<InvokeActionMethodAsync>g__Awaited|12_0(ControllerActionInvoker invoker, ValueTask`1 actionResultValueTask)
   at Microsoft.AspNetCore.Mvc.Infrastructure.ControllerActionInvoker.<InvokeNextActionFilterAsync>g__Awaited|10_0(ControllerActionInvoker invoker, Task lastTask, State next, Scope scope, Object state, Boolean isCompleted)
   at Microsoft.AspNetCore.Mvc.Infrastructure.ControllerActionInvoker.Rethrow(ActionExecutedContextSealed context)
   at Microsoft.AspNetCore.Mvc.Infrastructure.ControllerActionInvoker.Next(State& next, Scope& scope, Object& state, Boolean& isCompleted)
   at Microsoft.AspNetCore.Mvc.Infrastructure.ControllerActionInvoker.<InvokeInnerFilterAsync>g__Awaited|13_0(ControllerActionInvoker invoker, Task lastTask, State next, Scope scope, Object state, Boolean isCompleted)
   at Microsoft.AspNetCore.Mvc.Infrastructure.ResourceInvoker.<InvokeFilterPipelineAsync>g__Awaited|20_0(ResourceInvoker invoker, Task lastTask, State next, Scope scope, Object state, Boolean isCompleted)
   at Microsoft.AspNetCore.Mvc.Infrastructure.ResourceInvoker.<InvokeAsync>g__Logged|17_1(ResourceInvoker invoker)
   at Microsoft.AspNetCore.Mvc.Infrastructure.ResourceInvoker.<InvokeAsync>g__Logged|17_1(ResourceInvoker invoker)
   at Microsoft.AspNetCore.Routing.EndpointMiddleware.<Invoke>g__AwaitRequestTask|7_0(Endpoint endpoint, Task requestTask, ILogger logger)
   at Microsoft.AspNetCore.Authorization.AuthorizationMiddleware.Invoke(HttpContext context)
   at Microsoft.AspNetCore.Authentication.AuthenticationMiddleware.Invoke(HttpContext context)
   at Swashbuckle.AspNetCore.SwaggerUI.SwaggerUIMiddleware.Invoke(HttpContext httpContext)
   at Swashbuckle.AspNetCore.Swagger.SwaggerMiddleware.Invoke(HttpContext httpContext, ISwaggerProvider swaggerProvider)
   at QAMS.Api.Middleware.ExceptionHandlingMiddleware.InvokeAsync(HttpContext context) in /src/src/QAMS.Api/Middleware/ExceptionHandlingMiddleware.cs:line 27
2026-02-15 00:44:21.967 +00:00 [INF] Request finished HTTP/1.1 POST http://localhost:5000/api/Auth/login - 400 null application/json 529.939ms
2026-02-15 00:44:46.090 +00:00 [INF] Request starting HTTP/1.1 POST http://localhost:5000/api/Auth/login - application/json 51
2026-02-15 00:44:46.094 +00:00 [INF] CORS policy execution failed.
2026-02-15 00:44:46.095 +00:00 [INF] Request origin http://localhost:5000 does not have permission to access the resource.
2026-02-15 00:44:46.096 +00:00 [INF] Executing endpoint 'QAMS.Api.Controllers.AuthController.Login (QAMS.Api)'
2026-02-15 00:44:46.097 +00:00 [INF] Route matched with {action = "Login", controller = "Auth"}. Executing controller action with signature System.Threading.Tasks.Task`1[Microsoft.AspNetCore.Mvc.IActionResult] Login(QAMS.Application.DTOs.Auth.LoginRequestDto) on controller QAMS.Api.Controllers.AuthController (QAMS.Api).
2026-02-15 00:44:46.121 +00:00 [INF] POST /api/auth/login - Usuario: juan
2026-02-15 00:44:46.122 +00:00 [INF] Intento de login: 'juan'.
2026-02-15 00:44:46.129 +00:00 [INF] Executed DbCommand (4ms) [Parameters=[@__username_0='?'], CommandType='"Text"', CommandTimeout='30']
SELECT t."Id", t."CreatedAt", t."Email", t."FullName", t."IsActive", t."PasswordHash", t."RefreshToken", t."RefreshTokenExpiryTime", t."UpdatedAt", t."Username", t0."UserId", t0."RoleId", t0."AssignedAt", t0."Id", t0."CreatedAt", t0."Description", t0."IsActive", t0."Name", t0."RoleId0", t0."PermissionId", t0."AssignedAt0", t0."Id0", t0."Code", t0."CreatedAt0", t0."Description0", t0."Module"
FROM (
    SELECT u."Id", u."CreatedAt", u."Email", u."FullName", u."IsActive", u."PasswordHash", u."RefreshToken", u."RefreshTokenExpiryTime", u."UpdatedAt", u."Username"
    FROM "Users" AS u
    WHERE u."Username" = @__username_0
    LIMIT 1
) AS t
LEFT JOIN (
    SELECT u0."UserId", u0."RoleId", u0."AssignedAt", r."Id", r."CreatedAt", r."Description", r."IsActive", r."Name", t1."RoleId" AS "RoleId0", t1."PermissionId", t1."AssignedAt" AS "AssignedAt0", t1."Id" AS "Id0", t1."Code", t1."CreatedAt" AS "CreatedAt0", t1."Description" AS "Description0", t1."Module"
    FROM user_roles AS u0
    INNER JOIN "Roles" AS r ON u0."RoleId" = r."Id"
    LEFT JOIN (
        SELECT r0."RoleId", r0."PermissionId", r0."AssignedAt", p."Id", p."Code", p."CreatedAt", p."Description", p."Module"
        FROM role_permissions AS r0
        INNER JOIN "Permissions" AS p ON r0."PermissionId" = p."Id"
    ) AS t1 ON r."Id" = t1."RoleId"
) AS t0 ON t."Id" = t0."UserId"
ORDER BY t."Id", t0."UserId", t0."RoleId", t0."Id", t0."RoleId0", t0."PermissionId"
2026-02-15 00:44:46.406 +00:00 [WRN] Contraseña incorrecta para 'juan'.
2026-02-15 00:44:46.408 +00:00 [INF] Executed action QAMS.Api.Controllers.AuthController.Login (QAMS.Api) in 309.1867ms
2026-02-15 00:44:46.409 +00:00 [INF] Executed endpoint 'QAMS.Api.Controllers.AuthController.Login (QAMS.Api)'
2026-02-15 00:44:46.410 +00:00 [WRN] Error de dominio: Credenciales inválidas.
QAMS.Domain.Exceptions.DomainException: Credenciales inválidas.
   at QAMS.Application.Services.AuthService.LoginAsync(LoginRequestDto request) in /src/src/QAMS.Application/Services/AuthService.cs:line 48
   at QAMS.Api.Controllers.AuthController.Login(LoginRequestDto request) in /src/src/QAMS.Api/Controllers/AuthController.cs:line 29
   at Microsoft.AspNetCore.Mvc.Infrastructure.ActionMethodExecutor.TaskOfIActionResultExecutor.Execute(ActionContext actionContext, IActionResultTypeMapper mapper, ObjectMethodExecutor executor, Object controller, Object[] arguments)
   at Microsoft.AspNetCore.Mvc.Infrastructure.ControllerActionInvoker.<InvokeActionMethodAsync>g__Awaited|12_0(ControllerActionInvoker invoker, ValueTask`1 actionResultValueTask)
   at Microsoft.AspNetCore.Mvc.Infrastructure.ControllerActionInvoker.<InvokeNextActionFilterAsync>g__Awaited|10_0(ControllerActionInvoker invoker, Task lastTask, State next, Scope scope, Object state, Boolean isCompleted)
   at Microsoft.AspNetCore.Mvc.Infrastructure.ControllerActionInvoker.Rethrow(ActionExecutedContextSealed context)
   at Microsoft.AspNetCore.Mvc.Infrastructure.ControllerActionInvoker.Next(State& next, Scope& scope, Object& state, Boolean& isCompleted)
   at Microsoft.AspNetCore.Mvc.Infrastructure.ControllerActionInvoker.<InvokeInnerFilterAsync>g__Awaited|13_0(ControllerActionInvoker invoker, Task lastTask, State next, Scope scope, Object state, Boolean isCompleted)
   at Microsoft.AspNetCore.Mvc.Infrastructure.ResourceInvoker.<InvokeFilterPipelineAsync>g__Awaited|20_0(ResourceInvoker invoker, Task lastTask, State next, Scope scope, Object state, Boolean isCompleted)
   at Microsoft.AspNetCore.Mvc.Infrastructure.ResourceInvoker.<InvokeAsync>g__Logged|17_1(ResourceInvoker invoker)
   at Microsoft.AspNetCore.Mvc.Infrastructure.ResourceInvoker.<InvokeAsync>g__Logged|17_1(ResourceInvoker invoker)
   at Microsoft.AspNetCore.Routing.EndpointMiddleware.<Invoke>g__AwaitRequestTask|7_0(Endpoint endpoint, Task requestTask, ILogger logger)
   at Microsoft.AspNetCore.Authorization.AuthorizationMiddleware.Invoke(HttpContext context)
   at Microsoft.AspNetCore.Authentication.AuthenticationMiddleware.Invoke(HttpContext context)
   at Swashbuckle.AspNetCore.SwaggerUI.SwaggerUIMiddleware.Invoke(HttpContext httpContext)
   at Swashbuckle.AspNetCore.Swagger.SwaggerMiddleware.Invoke(HttpContext httpContext, ISwaggerProvider swaggerProvider)
   at QAMS.Api.Middleware.ExceptionHandlingMiddleware.InvokeAsync(HttpContext context) in /src/src/QAMS.Api/Middleware/ExceptionHandlingMiddleware.cs:line 27
2026-02-15 00:44:46.414 +00:00 [INF] Request finished HTTP/1.1 POST http://localhost:5000/api/Auth/login - 400 null application/json 323.3007ms
2026-02-15 00:44:58.110 +00:00 [INF] Request starting HTTP/1.1 POST http://localhost:5000/api/Auth/login - application/json 51
2026-02-15 00:44:58.112 +00:00 [INF] CORS policy execution failed.
2026-02-15 00:44:58.113 +00:00 [INF] Request origin http://localhost:5000 does not have permission to access the resource.
2026-02-15 00:44:58.116 +00:00 [INF] Executing endpoint 'QAMS.Api.Controllers.AuthController.Login (QAMS.Api)'
2026-02-15 00:44:58.118 +00:00 [INF] Route matched with {action = "Login", controller = "Auth"}. Executing controller action with signature System.Threading.Tasks.Task`1[Microsoft.AspNetCore.Mvc.IActionResult] Login(QAMS.Application.DTOs.Auth.LoginRequestDto) on controller QAMS.Api.Controllers.AuthController (QAMS.Api).
2026-02-15 00:44:58.121 +00:00 [INF] POST /api/auth/login - Usuario: juan
2026-02-15 00:44:58.123 +00:00 [INF] Intento de login: 'juan'.
2026-02-15 00:44:58.129 +00:00 [INF] Executed DbCommand (4ms) [Parameters=[@__username_0='?'], CommandType='"Text"', CommandTimeout='30']
SELECT t."Id", t."CreatedAt", t."Email", t."FullName", t."IsActive", t."PasswordHash", t."RefreshToken", t."RefreshTokenExpiryTime", t."UpdatedAt", t."Username", t0."UserId", t0."RoleId", t0."AssignedAt", t0."Id", t0."CreatedAt", t0."Description", t0."IsActive", t0."Name", t0."RoleId0", t0."PermissionId", t0."AssignedAt0", t0."Id0", t0."Code", t0."CreatedAt0", t0."Description0", t0."Module"
FROM (
    SELECT u."Id", u."CreatedAt", u."Email", u."FullName", u."IsActive", u."PasswordHash", u."RefreshToken", u."RefreshTokenExpiryTime", u."UpdatedAt", u."Username"
    FROM "Users" AS u
    WHERE u."Username" = @__username_0
    LIMIT 1
) AS t
LEFT JOIN (
    SELECT u0."UserId", u0."RoleId", u0."AssignedAt", r."Id", r."CreatedAt", r."Description", r."IsActive", r."Name", t1."RoleId" AS "RoleId0", t1."PermissionId", t1."AssignedAt" AS "AssignedAt0", t1."Id" AS "Id0", t1."Code", t1."CreatedAt" AS "CreatedAt0", t1."Description" AS "Description0", t1."Module"
    FROM user_roles AS u0
    INNER JOIN "Roles" AS r ON u0."RoleId" = r."Id"
    LEFT JOIN (
        SELECT r0."RoleId", r0."PermissionId", r0."AssignedAt", p."Id", p."Code", p."CreatedAt", p."Description", p."Module"
        FROM role_permissions AS r0
        INNER JOIN "Permissions" AS p ON r0."PermissionId" = p."Id"
    ) AS t1 ON r."Id" = t1."RoleId"
) AS t0 ON t."Id" = t0."UserId"
ORDER BY t."Id", t0."UserId", t0."RoleId", t0."Id", t0."RoleId0", t0."PermissionId"
2026-02-15 00:44:58.513 +00:00 [WRN] Contraseña incorrecta para 'juan'.
2026-02-15 00:44:58.515 +00:00 [INF] Executed action QAMS.Api.Controllers.AuthController.Login (QAMS.Api) in 395.3262ms
2026-02-15 00:44:58.515 +00:00 [INF] Executed endpoint 'QAMS.Api.Controllers.AuthController.Login (QAMS.Api)'
2026-02-15 00:44:58.516 +00:00 [WRN] Error de dominio: Credenciales inválidas.
QAMS.Domain.Exceptions.DomainException: Credenciales inválidas.
   at QAMS.Application.Services.AuthService.LoginAsync(LoginRequestDto request) in /src/src/QAMS.Application/Services/AuthService.cs:line 48
   at QAMS.Api.Controllers.AuthController.Login(LoginRequestDto request) in /src/src/QAMS.Api/Controllers/AuthController.cs:line 29
   at Microsoft.AspNetCore.Mvc.Infrastructure.ActionMethodExecutor.TaskOfIActionResultExecutor.Execute(ActionContext actionContext, IActionResultTypeMapper mapper, ObjectMethodExecutor executor, Object controller, Object[] arguments)
   at Microsoft.AspNetCore.Mvc.Infrastructure.ControllerActionInvoker.<InvokeActionMethodAsync>g__Awaited|12_0(ControllerActionInvoker invoker, ValueTask`1 actionResultValueTask)
   at Microsoft.AspNetCore.Mvc.Infrastructure.ControllerActionInvoker.<InvokeNextActionFilterAsync>g__Awaited|10_0(ControllerActionInvoker invoker, Task lastTask, State next, Scope scope, Object state, Boolean isCompleted)
   at Microsoft.AspNetCore.Mvc.Infrastructure.ControllerActionInvoker.Rethrow(ActionExecutedContextSealed context)
   at Microsoft.AspNetCore.Mvc.Infrastructure.ControllerActionInvoker.Next(State& next, Scope& scope, Object& state, Boolean& isCompleted)
   at Microsoft.AspNetCore.Mvc.Infrastructure.ControllerActionInvoker.<InvokeInnerFilterAsync>g__Awaited|13_0(ControllerActionInvoker invoker, Task lastTask, State next, Scope scope, Object state, Boolean isCompleted)
   at Microsoft.AspNetCore.Mvc.Infrastructure.ResourceInvoker.<InvokeFilterPipelineAsync>g__Awaited|20_0(ResourceInvoker invoker, Task lastTask, State next, Scope scope, Object state, Boolean isCompleted)
   at Microsoft.AspNetCore.Mvc.Infrastructure.ResourceInvoker.<InvokeAsync>g__Logged|17_1(ResourceInvoker invoker)
   at Microsoft.AspNetCore.Mvc.Infrastructure.ResourceInvoker.<InvokeAsync>g__Logged|17_1(ResourceInvoker invoker)
   at Microsoft.AspNetCore.Routing.EndpointMiddleware.<Invoke>g__AwaitRequestTask|7_0(Endpoint endpoint, Task requestTask, ILogger logger)
   at Microsoft.AspNetCore.Authorization.AuthorizationMiddleware.Invoke(HttpContext context)
   at Microsoft.AspNetCore.Authentication.AuthenticationMiddleware.Invoke(HttpContext context)
   at Swashbuckle.AspNetCore.SwaggerUI.SwaggerUIMiddleware.Invoke(HttpContext httpContext)
   at Swashbuckle.AspNetCore.Swagger.SwaggerMiddleware.Invoke(HttpContext httpContext, ISwaggerProvider swaggerProvider)
   at QAMS.Api.Middleware.ExceptionHandlingMiddleware.InvokeAsync(HttpContext context) in /src/src/QAMS.Api/Middleware/ExceptionHandlingMiddleware.cs:line 27
2026-02-15 00:44:58.518 +00:00 [INF] Request finished HTTP/1.1 POST http://localhost:5000/api/Auth/login - 400 null application/json 407.9992ms
2026-02-15 00:45:26.024 +00:00 [INF] Request starting HTTP/1.1 POST http://localhost:5000/api/Auth/login - application/json 51
2026-02-15 00:45:26.026 +00:00 [INF] CORS policy execution failed.
2026-02-15 00:45:26.026 +00:00 [INF] Request origin http://localhost:5000 does not have permission to access the resource.
2026-02-15 00:45:26.028 +00:00 [INF] Executing endpoint 'QAMS.Api.Controllers.AuthController.Login (QAMS.Api)'
2026-02-15 00:45:26.029 +00:00 [INF] Route matched with {action = "Login", controller = "Auth"}. Executing controller action with signature System.Threading.Tasks.Task`1[Microsoft.AspNetCore.Mvc.IActionResult] Login(QAMS.Application.DTOs.Auth.LoginRequestDto) on controller QAMS.Api.Controllers.AuthController (QAMS.Api).
2026-02-15 00:45:26.033 +00:00 [INF] POST /api/auth/login - Usuario: juan
2026-02-15 00:45:26.034 +00:00 [INF] Intento de login: 'juan'.
2026-02-15 00:45:26.039 +00:00 [INF] Executed DbCommand (3ms) [Parameters=[@__username_0='?'], CommandType='"Text"', CommandTimeout='30']
SELECT t."Id", t."CreatedAt", t."Email", t."FullName", t."IsActive", t."PasswordHash", t."RefreshToken", t."RefreshTokenExpiryTime", t."UpdatedAt", t."Username", t0."UserId", t0."RoleId", t0."AssignedAt", t0."Id", t0."CreatedAt", t0."Description", t0."IsActive", t0."Name", t0."RoleId0", t0."PermissionId", t0."AssignedAt0", t0."Id0", t0."Code", t0."CreatedAt0", t0."Description0", t0."Module"
FROM (
    SELECT u."Id", u."CreatedAt", u."Email", u."FullName", u."IsActive", u."PasswordHash", u."RefreshToken", u."RefreshTokenExpiryTime", u."UpdatedAt", u."Username"
    FROM "Users" AS u
    WHERE u."Username" = @__username_0
    LIMIT 1
) AS t
LEFT JOIN (
    SELECT u0."UserId", u0."RoleId", u0."AssignedAt", r."Id", r."CreatedAt", r."Description", r."IsActive", r."Name", t1."RoleId" AS "RoleId0", t1."PermissionId", t1."AssignedAt" AS "AssignedAt0", t1."Id" AS "Id0", t1."Code", t1."CreatedAt" AS "CreatedAt0", t1."Description" AS "Description0", t1."Module"
    FROM user_roles AS u0
    INNER JOIN "Roles" AS r ON u0."RoleId" = r."Id"
    LEFT JOIN (
        SELECT r0."RoleId", r0."PermissionId", r0."AssignedAt", p."Id", p."Code", p."CreatedAt", p."Description", p."Module"
        FROM role_permissions AS r0
        INNER JOIN "Permissions" AS p ON r0."PermissionId" = p."Id"
    ) AS t1 ON r."Id" = t1."RoleId"
) AS t0 ON t."Id" = t0."UserId"
ORDER BY t."Id", t0."UserId", t0."RoleId", t0."Id", t0."RoleId0", t0."PermissionId"
2026-02-15 00:45:26.287 +00:00 [WRN] Contraseña incorrecta para 'juan'.
2026-02-15 00:45:26.288 +00:00 [INF] Executed action QAMS.Api.Controllers.AuthController.Login (QAMS.Api) in 258.9437ms
2026-02-15 00:45:26.289 +00:00 [INF] Executed endpoint 'QAMS.Api.Controllers.AuthController.Login (QAMS.Api)'
2026-02-15 00:45:26.290 +00:00 [WRN] Error de dominio: Credenciales inválidas.
QAMS.Domain.Exceptions.DomainException: Credenciales inválidas.
   at QAMS.Application.Services.AuthService.LoginAsync(LoginRequestDto request) in /src/src/QAMS.Application/Services/AuthService.cs:line 48
   at QAMS.Api.Controllers.AuthController.Login(LoginRequestDto request) in /src/src/QAMS.Api/Controllers/AuthController.cs:line 29
   at Microsoft.AspNetCore.Mvc.Infrastructure.ActionMethodExecutor.TaskOfIActionResultExecutor.Execute(ActionContext actionContext, IActionResultTypeMapper mapper, ObjectMethodExecutor executor, Object controller, Object[] arguments)
   at Microsoft.AspNetCore.Mvc.Infrastructure.ControllerActionInvoker.<InvokeActionMethodAsync>g__Awaited|12_0(ControllerActionInvoker invoker, ValueTask`1 actionResultValueTask)
   at Microsoft.AspNetCore.Mvc.Infrastructure.ControllerActionInvoker.<InvokeNextActionFilterAsync>g__Awaited|10_0(ControllerActionInvoker invoker, Task lastTask, State next, Scope scope, Object state, Boolean isCompleted)
   at Microsoft.AspNetCore.Mvc.Infrastructure.ControllerActionInvoker.Rethrow(ActionExecutedContextSealed context)
   at Microsoft.AspNetCore.Mvc.Infrastructure.ControllerActionInvoker.Next(State& next, Scope& scope, Object& state, Boolean& isCompleted)
   at Microsoft.AspNetCore.Mvc.Infrastructure.ControllerActionInvoker.<InvokeInnerFilterAsync>g__Awaited|13_0(ControllerActionInvoker invoker, Task lastTask, State next, Scope scope, Object state, Boolean isCompleted)
   at Microsoft.AspNetCore.Mvc.Infrastructure.ResourceInvoker.<InvokeFilterPipelineAsync>g__Awaited|20_0(ResourceInvoker invoker, Task lastTask, State next, Scope scope, Object state, Boolean isCompleted)
   at Microsoft.AspNetCore.Mvc.Infrastructure.ResourceInvoker.<InvokeAsync>g__Logged|17_1(ResourceInvoker invoker)
   at Microsoft.AspNetCore.Mvc.Infrastructure.ResourceInvoker.<InvokeAsync>g__Logged|17_1(ResourceInvoker invoker)
   at Microsoft.AspNetCore.Routing.EndpointMiddleware.<Invoke>g__AwaitRequestTask|7_0(Endpoint endpoint, Task requestTask, ILogger logger)
   at Microsoft.AspNetCore.Authorization.AuthorizationMiddleware.Invoke(HttpContext context)
   at Microsoft.AspNetCore.Authentication.AuthenticationMiddleware.Invoke(HttpContext context)
   at Swashbuckle.AspNetCore.SwaggerUI.SwaggerUIMiddleware.Invoke(HttpContext httpContext)
   at Swashbuckle.AspNetCore.Swagger.SwaggerMiddleware.Invoke(HttpContext httpContext, ISwaggerProvider swaggerProvider)
   at QAMS.Api.Middleware.ExceptionHandlingMiddleware.InvokeAsync(HttpContext context) in /src/src/QAMS.Api/Middleware/ExceptionHandlingMiddleware.cs:line 27
2026-02-15 00:45:26.292 +00:00 [INF] Request finished HTTP/1.1 POST http://localhost:5000/api/Auth/login - 400 null application/json 268.0613ms
2026-02-15 00:46:04.618 +00:00 [INF] Request starting HTTP/1.1 POST http://localhost:5000/api/Auth/login - application/json 53
2026-02-15 00:46:04.620 +00:00 [INF] CORS policy execution failed.
2026-02-15 00:46:04.621 +00:00 [INF] Request origin http://localhost:5000 does not have permission to access the resource.
2026-02-15 00:46:04.623 +00:00 [INF] Executing endpoint 'QAMS.Api.Controllers.AuthController.Login (QAMS.Api)'
2026-02-15 00:46:04.624 +00:00 [INF] Route matched with {action = "Login", controller = "Auth"}. Executing controller action with signature System.Threading.Tasks.Task`1[Microsoft.AspNetCore.Mvc.IActionResult] Login(QAMS.Application.DTOs.Auth.LoginRequestDto) on controller QAMS.Api.Controllers.AuthController (QAMS.Api).
2026-02-15 00:46:04.629 +00:00 [INF] POST /api/auth/login - Usuario: gusgus
2026-02-15 00:46:04.630 +00:00 [INF] Intento de login: 'gusgus'.
2026-02-15 00:46:04.640 +00:00 [INF] Executed DbCommand (6ms) [Parameters=[@__username_0='?'], CommandType='"Text"', CommandTimeout='30']
SELECT t."Id", t."CreatedAt", t."Email", t."FullName", t."IsActive", t."PasswordHash", t."RefreshToken", t."RefreshTokenExpiryTime", t."UpdatedAt", t."Username", t0."UserId", t0."RoleId", t0."AssignedAt", t0."Id", t0."CreatedAt", t0."Description", t0."IsActive", t0."Name", t0."RoleId0", t0."PermissionId", t0."AssignedAt0", t0."Id0", t0."Code", t0."CreatedAt0", t0."Description0", t0."Module"
FROM (
    SELECT u."Id", u."CreatedAt", u."Email", u."FullName", u."IsActive", u."PasswordHash", u."RefreshToken", u."RefreshTokenExpiryTime", u."UpdatedAt", u."Username"
    FROM "Users" AS u
    WHERE u."Username" = @__username_0
    LIMIT 1
) AS t
LEFT JOIN (
    SELECT u0."UserId", u0."RoleId", u0."AssignedAt", r."Id", r."CreatedAt", r."Description", r."IsActive", r."Name", t1."RoleId" AS "RoleId0", t1."PermissionId", t1."AssignedAt" AS "AssignedAt0", t1."Id" AS "Id0", t1."Code", t1."CreatedAt" AS "CreatedAt0", t1."Description" AS "Description0", t1."Module"
    FROM user_roles AS u0
    INNER JOIN "Roles" AS r ON u0."RoleId" = r."Id"
    LEFT JOIN (
        SELECT r0."RoleId", r0."PermissionId", r0."AssignedAt", p."Id", p."Code", p."CreatedAt", p."Description", p."Module"
        FROM role_permissions AS r0
        INNER JOIN "Permissions" AS p ON r0."PermissionId" = p."Id"
    ) AS t1 ON r."Id" = t1."RoleId"
) AS t0 ON t."Id" = t0."UserId"
ORDER BY t."Id", t0."UserId", t0."RoleId", t0."Id", t0."RoleId0", t0."PermissionId"
2026-02-15 00:46:04.947 +00:00 [WRN] Contraseña incorrecta para 'gusgus'.
2026-02-15 00:46:04.966 +00:00 [INF] Executed action QAMS.Api.Controllers.AuthController.Login (QAMS.Api) in 340.9156ms
2026-02-15 00:46:04.967 +00:00 [INF] Executed endpoint 'QAMS.Api.Controllers.AuthController.Login (QAMS.Api)'
2026-02-15 00:46:04.968 +00:00 [WRN] Error de dominio: Credenciales inválidas.
QAMS.Domain.Exceptions.DomainException: Credenciales inválidas.
   at QAMS.Application.Services.AuthService.LoginAsync(LoginRequestDto request) in /src/src/QAMS.Application/Services/AuthService.cs:line 48
   at QAMS.Api.Controllers.AuthController.Login(LoginRequestDto request) in /src/src/QAMS.Api/Controllers/AuthController.cs:line 29
   at Microsoft.AspNetCore.Mvc.Infrastructure.ActionMethodExecutor.TaskOfIActionResultExecutor.Execute(ActionContext actionContext, IActionResultTypeMapper mapper, ObjectMethodExecutor executor, Object controller, Object[] arguments)
   at Microsoft.AspNetCore.Mvc.Infrastructure.ControllerActionInvoker.<InvokeActionMethodAsync>g__Awaited|12_0(ControllerActionInvoker invoker, ValueTask`1 actionResultValueTask)
   at Microsoft.AspNetCore.Mvc.Infrastructure.ControllerActionInvoker.<InvokeNextActionFilterAsync>g__Awaited|10_0(ControllerActionInvoker invoker, Task lastTask, State next, Scope scope, Object state, Boolean isCompleted)
   at Microsoft.AspNetCore.Mvc.Infrastructure.ControllerActionInvoker.Rethrow(ActionExecutedContextSealed context)
   at Microsoft.AspNetCore.Mvc.Infrastructure.ControllerActionInvoker.Next(State& next, Scope& scope, Object& state, Boolean& isCompleted)
   at Microsoft.AspNetCore.Mvc.Infrastructure.ControllerActionInvoker.<InvokeInnerFilterAsync>g__Awaited|13_0(ControllerActionInvoker invoker, Task lastTask, State next, Scope scope, Object state, Boolean isCompleted)
   at Microsoft.AspNetCore.Mvc.Infrastructure.ResourceInvoker.<InvokeFilterPipelineAsync>g__Awaited|20_0(ResourceInvoker invoker, Task lastTask, State next, Scope scope, Object state, Boolean isCompleted)
   at Microsoft.AspNetCore.Mvc.Infrastructure.ResourceInvoker.<InvokeAsync>g__Logged|17_1(ResourceInvoker invoker)
   at Microsoft.AspNetCore.Mvc.Infrastructure.ResourceInvoker.<InvokeAsync>g__Logged|17_1(ResourceInvoker invoker)
   at Microsoft.AspNetCore.Routing.EndpointMiddleware.<Invoke>g__AwaitRequestTask|7_0(Endpoint endpoint, Task requestTask, ILogger logger)
   at Microsoft.AspNetCore.Authorization.AuthorizationMiddleware.Invoke(HttpContext context)
   at Microsoft.AspNetCore.Authentication.AuthenticationMiddleware.Invoke(HttpContext context)
   at Swashbuckle.AspNetCore.SwaggerUI.SwaggerUIMiddleware.Invoke(HttpContext httpContext)
   at Swashbuckle.AspNetCore.Swagger.SwaggerMiddleware.Invoke(HttpContext httpContext, ISwaggerProvider swaggerProvider)
   at QAMS.Api.Middleware.ExceptionHandlingMiddleware.InvokeAsync(HttpContext context) in /src/src/QAMS.Api/Middleware/ExceptionHandlingMiddleware.cs:line 27
2026-02-15 00:46:04.974 +00:00 [INF] Request finished HTTP/1.1 POST http://localhost:5000/api/Auth/login - 400 null application/json 355.9542ms
2026-02-15 00:46:25.127 +00:00 [INF] Request starting HTTP/1.1 POST http://localhost:5000/api/Auth/login - application/json 53
2026-02-15 00:46:25.128 +00:00 [INF] CORS policy execution failed.
2026-02-15 00:46:25.130 +00:00 [INF] Request origin http://localhost:5000 does not have permission to access the resource.
2026-02-15 00:46:25.131 +00:00 [INF] Executing endpoint 'QAMS.Api.Controllers.AuthController.Login (QAMS.Api)'
2026-02-15 00:46:25.133 +00:00 [INF] Route matched with {action = "Login", controller = "Auth"}. Executing controller action with signature System.Threading.Tasks.Task`1[Microsoft.AspNetCore.Mvc.IActionResult] Login(QAMS.Application.DTOs.Auth.LoginRequestDto) on controller QAMS.Api.Controllers.AuthController (QAMS.Api).
2026-02-15 00:46:25.138 +00:00 [INF] POST /api/auth/login - Usuario: gusgus
2026-02-15 00:46:25.139 +00:00 [INF] Intento de login: 'gusgus'.
2026-02-15 00:46:25.146 +00:00 [INF] Executed DbCommand (4ms) [Parameters=[@__username_0='?'], CommandType='"Text"', CommandTimeout='30']
SELECT t."Id", t."CreatedAt", t."Email", t."FullName", t."IsActive", t."PasswordHash", t."RefreshToken", t."RefreshTokenExpiryTime", t."UpdatedAt", t."Username", t0."UserId", t0."RoleId", t0."AssignedAt", t0."Id", t0."CreatedAt", t0."Description", t0."IsActive", t0."Name", t0."RoleId0", t0."PermissionId", t0."AssignedAt0", t0."Id0", t0."Code", t0."CreatedAt0", t0."Description0", t0."Module"
FROM (
    SELECT u."Id", u."CreatedAt", u."Email", u."FullName", u."IsActive", u."PasswordHash", u."RefreshToken", u."RefreshTokenExpiryTime", u."UpdatedAt", u."Username"
    FROM "Users" AS u
    WHERE u."Username" = @__username_0
    LIMIT 1
) AS t
LEFT JOIN (
    SELECT u0."UserId", u0."RoleId", u0."AssignedAt", r."Id", r."CreatedAt", r."Description", r."IsActive", r."Name", t1."RoleId" AS "RoleId0", t1."PermissionId", t1."AssignedAt" AS "AssignedAt0", t1."Id" AS "Id0", t1."Code", t1."CreatedAt" AS "CreatedAt0", t1."Description" AS "Description0", t1."Module"
    FROM user_roles AS u0
    INNER JOIN "Roles" AS r ON u0."RoleId" = r."Id"
    LEFT JOIN (
        SELECT r0."RoleId", r0."PermissionId", r0."AssignedAt", p."Id", p."Code", p."CreatedAt", p."Description", p."Module"
        FROM role_permissions AS r0
        INNER JOIN "Permissions" AS p ON r0."PermissionId" = p."Id"
    ) AS t1 ON r."Id" = t1."RoleId"
) AS t0 ON t."Id" = t0."UserId"
ORDER BY t."Id", t0."UserId", t0."RoleId", t0."Id", t0."RoleId0", t0."PermissionId"
2026-02-15 00:46:25.421 +00:00 [INF] Obteniendo permisos del usuario '"b5613aad-36dc-46bb-afbb-2902017cc6d5"'.
2026-02-15 00:46:25.428 +00:00 [INF] Executed DbCommand (2ms) [Parameters=[@__userId_0='?' (DbType = Guid)], CommandType='"Text"', CommandTimeout='30']
SELECT DISTINCT p."Code"
FROM user_roles AS u
INNER JOIN "Roles" AS r ON u."RoleId" = r."Id"
INNER JOIN role_permissions AS r0 ON r."Id" = r0."RoleId"
INNER JOIN "Permissions" AS p ON r0."PermissionId" = p."Id"
WHERE u."UserId" = @__userId_0
2026-02-15 00:46:25.429 +00:00 [INF] Usuario '"b5613aad-36dc-46bb-afbb-2902017cc6d5"' tiene 0 permisos.
2026-02-15 00:46:25.456 +00:00 [INF] Executed DbCommand (9ms) [Parameters=[@p9='?' (DbType = Guid), @p0='?' (DbType = DateTime), @p1='?', @p2='?', @p3='?' (DbType = Boolean), @p4='?', @p5='?', @p6='?' (DbType = DateTime), @p7='?' (DbType = DateTime), @p8='?'], CommandType='"Text"', CommandTimeout='30']
UPDATE "Users" SET "CreatedAt" = @p0, "Email" = @p1, "FullName" = @p2, "IsActive" = @p3, "PasswordHash" = @p4, "RefreshToken" = @p5, "RefreshTokenExpiryTime" = @p6, "UpdatedAt" = @p7, "Username" = @p8
WHERE "Id" = @p9;
2026-02-15 00:46:25.457 +00:00 [INF] 1 cambios persistidos.
2026-02-15 00:46:25.459 +00:00 [INF] Login exitoso: 'gusgus', 0 permisos.
2026-02-15 00:46:25.459 +00:00 [INF] Executing OkObjectResult, writing value of type 'QAMS.Application.DTOs.Auth.LoginResponseDto'.
2026-02-15 00:46:25.461 +00:00 [INF] Executed action QAMS.Api.Controllers.AuthController.Login (QAMS.Api) in 326.8908ms
2026-02-15 00:46:25.463 +00:00 [INF] Executed endpoint 'QAMS.Api.Controllers.AuthController.Login (QAMS.Api)'
2026-02-15 00:46:25.464 +00:00 [INF] Request finished HTTP/1.1 POST http://localhost:5000/api/Auth/login - 200 null application/json; charset=utf-8 337.412ms
2026-02-15 00:50:17.443 +00:00 [INF] Request starting HTTP/1.1 OPTIONS http://localhost:5000/api/Auth/login - null null
2026-02-15 00:50:17.492 +00:00 [INF] CORS policy execution successful.
2026-02-15 00:50:17.503 +00:00 [INF] Request finished HTTP/1.1 OPTIONS http://localhost:5000/api/Auth/login - 204 null null 63.304ms
2026-02-15 00:50:17.509 +00:00 [INF] Request starting HTTP/1.1 POST http://localhost:5000/api/Auth/login - application/json 43
2026-02-15 00:50:17.513 +00:00 [INF] CORS policy execution successful.
2026-02-15 00:50:17.536 +00:00 [INF] Executing endpoint 'QAMS.Api.Controllers.AuthController.Login (QAMS.Api)'
2026-02-15 00:50:17.552 +00:00 [INF] Route matched with {action = "Login", controller = "Auth"}. Executing controller action with signature System.Threading.Tasks.Task`1[Microsoft.AspNetCore.Mvc.IActionResult] Login(QAMS.Application.DTOs.Auth.LoginRequestDto) on controller QAMS.Api.Controllers.AuthController (QAMS.Api).
2026-02-15 00:50:17.609 +00:00 [INF] POST /api/auth/login - Usuario: admin
2026-02-15 00:50:17.611 +00:00 [INF] Intento de login: 'admin'.
2026-02-15 00:50:17.806 +00:00 [INF] Executed DbCommand (95ms) [Parameters=[@__username_0='?'], CommandType='"Text"', CommandTimeout='30']
SELECT t."Id", t."CreatedAt", t."Email", t."FullName", t."IsActive", t."PasswordHash", t."RefreshToken", t."RefreshTokenExpiryTime", t."UpdatedAt", t."Username", t0."UserId", t0."RoleId", t0."AssignedAt", t0."Id", t0."CreatedAt", t0."Description", t0."IsActive", t0."Name", t0."RoleId0", t0."PermissionId", t0."AssignedAt0", t0."Id0", t0."Code", t0."CreatedAt0", t0."Description0", t0."Module"
FROM (
    SELECT u."Id", u."CreatedAt", u."Email", u."FullName", u."IsActive", u."PasswordHash", u."RefreshToken", u."RefreshTokenExpiryTime", u."UpdatedAt", u."Username"
    FROM "Users" AS u
    WHERE u."Username" = @__username_0
    LIMIT 1
) AS t
LEFT JOIN (
    SELECT u0."UserId", u0."RoleId", u0."AssignedAt", r."Id", r."CreatedAt", r."Description", r."IsActive", r."Name", t1."RoleId" AS "RoleId0", t1."PermissionId", t1."AssignedAt" AS "AssignedAt0", t1."Id" AS "Id0", t1."Code", t1."CreatedAt" AS "CreatedAt0", t1."Description" AS "Description0", t1."Module"
    FROM user_roles AS u0
    INNER JOIN "Roles" AS r ON u0."RoleId" = r."Id"
    LEFT JOIN (
        SELECT r0."RoleId", r0."PermissionId", r0."AssignedAt", p."Id", p."Code", p."CreatedAt", p."Description", p."Module"
        FROM role_permissions AS r0
        INNER JOIN "Permissions" AS p ON r0."PermissionId" = p."Id"
    ) AS t1 ON r."Id" = t1."RoleId"
) AS t0 ON t."Id" = t0."UserId"
ORDER BY t."Id", t0."UserId", t0."RoleId", t0."Id", t0."RoleId0", t0."PermissionId"
2026-02-15 00:50:18.260 +00:00 [INF] Obteniendo permisos del usuario '"dfb95df7-afe1-4f69-9ebd-0d2482f09403"'.
2026-02-15 00:50:18.270 +00:00 [INF] Executed DbCommand (4ms) [Parameters=[@__userId_0='?' (DbType = Guid)], CommandType='"Text"', CommandTimeout='30']
SELECT DISTINCT p."Code"
FROM user_roles AS u
INNER JOIN "Roles" AS r ON u."RoleId" = r."Id"
INNER JOIN role_permissions AS r0 ON r."Id" = r0."RoleId"
INNER JOIN "Permissions" AS p ON r0."PermissionId" = p."Id"
WHERE u."UserId" = @__userId_0
2026-02-15 00:50:18.271 +00:00 [INF] Usuario '"dfb95df7-afe1-4f69-9ebd-0d2482f09403"' tiene 0 permisos.
2026-02-15 00:50:18.291 +00:00 [INF] Executed DbCommand (10ms) [Parameters=[@p9='?' (DbType = Guid), @p0='?' (DbType = DateTime), @p1='?', @p2='?', @p3='?' (DbType = Boolean), @p4='?', @p5='?', @p6='?' (DbType = DateTime), @p7='?' (DbType = DateTime), @p8='?'], CommandType='"Text"', CommandTimeout='30']
UPDATE "Users" SET "CreatedAt" = @p0, "Email" = @p1, "FullName" = @p2, "IsActive" = @p3, "PasswordHash" = @p4, "RefreshToken" = @p5, "RefreshTokenExpiryTime" = @p6, "UpdatedAt" = @p7, "Username" = @p8
WHERE "Id" = @p9;
2026-02-15 00:50:18.293 +00:00 [INF] 1 cambios persistidos.
2026-02-15 00:50:18.293 +00:00 [INF] Login exitoso: 'admin', 0 permisos.
2026-02-15 00:50:18.295 +00:00 [INF] Executing OkObjectResult, writing value of type 'QAMS.Application.DTOs.Auth.LoginResponseDto'.
2026-02-15 00:50:18.299 +00:00 [INF] Executed action QAMS.Api.Controllers.AuthController.Login (QAMS.Api) in 744.8469ms
2026-02-15 00:50:18.300 +00:00 [INF] Executed endpoint 'QAMS.Api.Controllers.AuthController.Login (QAMS.Api)'
2026-02-15 00:50:18.303 +00:00 [INF] Request finished HTTP/1.1 POST http://localhost:5000/api/Auth/login - 200 null application/json; charset=utf-8 794.4348ms
2026-02-15 01:34:25.192 +00:00 [INF] Request starting HTTP/1.1 OPTIONS http://localhost:5000/api/Auth/login - null null
2026-02-15 01:34:25.221 +00:00 [INF] CORS policy execution successful.
2026-02-15 01:34:25.229 +00:00 [INF] Request finished HTTP/1.1 OPTIONS http://localhost:5000/api/Auth/login - 204 null null 42.5486ms
2026-02-15 01:34:25.235 +00:00 [INF] Request starting HTTP/1.1 POST http://localhost:5000/api/Auth/login - application/json 43
2026-02-15 01:34:25.236 +00:00 [INF] CORS policy execution successful.
2026-02-15 01:34:25.243 +00:00 [INF] Executing endpoint 'QAMS.Api.Controllers.AuthController.Login (QAMS.Api)'
2026-02-15 01:34:25.249 +00:00 [INF] Route matched with {action = "Login", controller = "Auth"}. Executing controller action with signature System.Threading.Tasks.Task`1[Microsoft.AspNetCore.Mvc.IActionResult] Login(QAMS.Application.DTOs.Auth.LoginRequestDto) on controller QAMS.Api.Controllers.AuthController (QAMS.Api).
2026-02-15 01:34:25.298 +00:00 [INF] POST /api/auth/login - Usuario: admin
2026-02-15 01:34:25.299 +00:00 [INF] Intento de login: 'admin'.
2026-02-15 01:34:25.379 +00:00 [INF] Executed DbCommand (24ms) [Parameters=[@__username_0='?'], CommandType='"Text"', CommandTimeout='30']
SELECT t."Id", t."CreatedAt", t."Email", t."FullName", t."IsActive", t."PasswordHash", t."RefreshToken", t."RefreshTokenExpiryTime", t."UpdatedAt", t."Username", t0."UserId", t0."RoleId", t0."AssignedAt", t0."Id", t0."CreatedAt", t0."Description", t0."IsActive", t0."Name", t0."RoleId0", t0."PermissionId", t0."AssignedAt0", t0."Id0", t0."Code", t0."CreatedAt0", t0."Description0", t0."Module"
FROM (
    SELECT u."Id", u."CreatedAt", u."Email", u."FullName", u."IsActive", u."PasswordHash", u."RefreshToken", u."RefreshTokenExpiryTime", u."UpdatedAt", u."Username"
    FROM "Users" AS u
    WHERE u."Username" = @__username_0
    LIMIT 1
) AS t
LEFT JOIN (
    SELECT u0."UserId", u0."RoleId", u0."AssignedAt", r."Id", r."CreatedAt", r."Description", r."IsActive", r."Name", t1."RoleId" AS "RoleId0", t1."PermissionId", t1."AssignedAt" AS "AssignedAt0", t1."Id" AS "Id0", t1."Code", t1."CreatedAt" AS "CreatedAt0", t1."Description" AS "Description0", t1."Module"
    FROM user_roles AS u0
    INNER JOIN "Roles" AS r ON u0."RoleId" = r."Id"
    LEFT JOIN (
        SELECT r0."RoleId", r0."PermissionId", r0."AssignedAt", p."Id", p."Code", p."CreatedAt", p."Description", p."Module"
        FROM role_permissions AS r0
        INNER JOIN "Permissions" AS p ON r0."PermissionId" = p."Id"
    ) AS t1 ON r."Id" = t1."RoleId"
) AS t0 ON t."Id" = t0."UserId"
ORDER BY t."Id", t0."UserId", t0."RoleId", t0."Id", t0."RoleId0", t0."PermissionId"
2026-02-15 01:34:25.629 +00:00 [INF] Obteniendo permisos del usuario '"dfb95df7-afe1-4f69-9ebd-0d2482f09403"'.
2026-02-15 01:34:25.638 +00:00 [INF] Executed DbCommand (3ms) [Parameters=[@__userId_0='?' (DbType = Guid)], CommandType='"Text"', CommandTimeout='30']
SELECT DISTINCT p."Code"
FROM user_roles AS u
INNER JOIN "Roles" AS r ON u."RoleId" = r."Id"
INNER JOIN role_permissions AS r0 ON r."Id" = r0."RoleId"
INNER JOIN "Permissions" AS p ON r0."PermissionId" = p."Id"
WHERE u."UserId" = @__userId_0
2026-02-15 01:34:25.640 +00:00 [INF] Usuario '"dfb95df7-afe1-4f69-9ebd-0d2482f09403"' tiene 0 permisos.
2026-02-15 01:34:25.664 +00:00 [INF] Executed DbCommand (11ms) [Parameters=[@p9='?' (DbType = Guid), @p0='?' (DbType = DateTime), @p1='?', @p2='?', @p3='?' (DbType = Boolean), @p4='?', @p5='?', @p6='?' (DbType = DateTime), @p7='?' (DbType = DateTime), @p8='?'], CommandType='"Text"', CommandTimeout='30']
UPDATE "Users" SET "CreatedAt" = @p0, "Email" = @p1, "FullName" = @p2, "IsActive" = @p3, "PasswordHash" = @p4, "RefreshToken" = @p5, "RefreshTokenExpiryTime" = @p6, "UpdatedAt" = @p7, "Username" = @p8
WHERE "Id" = @p9;
2026-02-15 01:34:25.665 +00:00 [INF] 1 cambios persistidos.
2026-02-15 01:34:25.666 +00:00 [INF] Login exitoso: 'admin', 0 permisos.
2026-02-15 01:34:25.666 +00:00 [INF] Executing OkObjectResult, writing value of type 'QAMS.Application.DTOs.Auth.LoginResponseDto'.
2026-02-15 01:34:25.668 +00:00 [INF] Executed action QAMS.Api.Controllers.AuthController.Login (QAMS.Api) in 417.725ms
2026-02-15 01:34:25.669 +00:00 [INF] Executed endpoint 'QAMS.Api.Controllers.AuthController.Login (QAMS.Api)'
2026-02-15 01:34:25.674 +00:00 [INF] Request finished HTTP/1.1 POST http://localhost:5000/api/Auth/login - 200 null application/json; charset=utf-8 437.8209ms
2026-02-15 01:35:31.010 +00:00 [INF] Request starting HTTP/1.1 OPTIONS http://localhost:5000/api/Auth/login - null null
2026-02-15 01:35:31.019 +00:00 [INF] CORS policy execution successful.
2026-02-15 01:35:31.022 +00:00 [INF] Request finished HTTP/1.1 OPTIONS http://localhost:5000/api/Auth/login - 204 null null 12.1129ms
2026-02-15 01:35:31.028 +00:00 [INF] Request starting HTTP/1.1 POST http://localhost:5000/api/Auth/login - application/json 43
2026-02-15 01:35:31.031 +00:00 [INF] CORS policy execution successful.
2026-02-15 01:35:31.035 +00:00 [INF] Executing endpoint 'QAMS.Api.Controllers.AuthController.Login (QAMS.Api)'
2026-02-15 01:35:31.037 +00:00 [INF] Route matched with {action = "Login", controller = "Auth"}. Executing controller action with signature System.Threading.Tasks.Task`1[Microsoft.AspNetCore.Mvc.IActionResult] Login(QAMS.Application.DTOs.Auth.LoginRequestDto) on controller QAMS.Api.Controllers.AuthController (QAMS.Api).
2026-02-15 01:35:31.043 +00:00 [INF] POST /api/auth/login - Usuario: admin
2026-02-15 01:35:31.043 +00:00 [INF] Intento de login: 'admin'.
2026-02-15 01:35:31.053 +00:00 [INF] Executed DbCommand (5ms) [Parameters=[@__username_0='?'], CommandType='"Text"', CommandTimeout='30']
SELECT t."Id", t."CreatedAt", t."Email", t."FullName", t."IsActive", t."PasswordHash", t."RefreshToken", t."RefreshTokenExpiryTime", t."UpdatedAt", t."Username", t0."UserId", t0."RoleId", t0."AssignedAt", t0."Id", t0."CreatedAt", t0."Description", t0."IsActive", t0."Name", t0."RoleId0", t0."PermissionId", t0."AssignedAt0", t0."Id0", t0."Code", t0."CreatedAt0", t0."Description0", t0."Module"
FROM (
    SELECT u."Id", u."CreatedAt", u."Email", u."FullName", u."IsActive", u."PasswordHash", u."RefreshToken", u."RefreshTokenExpiryTime", u."UpdatedAt", u."Username"
    FROM "Users" AS u
    WHERE u."Username" = @__username_0
    LIMIT 1
) AS t
LEFT JOIN (
    SELECT u0."UserId", u0."RoleId", u0."AssignedAt", r."Id", r."CreatedAt", r."Description", r."IsActive", r."Name", t1."RoleId" AS "RoleId0", t1."PermissionId", t1."AssignedAt" AS "AssignedAt0", t1."Id" AS "Id0", t1."Code", t1."CreatedAt" AS "CreatedAt0", t1."Description" AS "Description0", t1."Module"
    FROM user_roles AS u0
    INNER JOIN "Roles" AS r ON u0."RoleId" = r."Id"
    LEFT JOIN (
        SELECT r0."RoleId", r0."PermissionId", r0."AssignedAt", p."Id", p."Code", p."CreatedAt", p."Description", p."Module"
        FROM role_permissions AS r0
        INNER JOIN "Permissions" AS p ON r0."PermissionId" = p."Id"
    ) AS t1 ON r."Id" = t1."RoleId"
) AS t0 ON t."Id" = t0."UserId"
ORDER BY t."Id", t0."UserId", t0."RoleId", t0."Id", t0."RoleId0", t0."PermissionId"
2026-02-15 01:35:31.331 +00:00 [INF] Obteniendo permisos del usuario '"dfb95df7-afe1-4f69-9ebd-0d2482f09403"'.
2026-02-15 01:35:31.347 +00:00 [INF] Executed DbCommand (4ms) [Parameters=[@__userId_0='?' (DbType = Guid)], CommandType='"Text"', CommandTimeout='30']
SELECT DISTINCT p."Code"
FROM user_roles AS u
INNER JOIN "Roles" AS r ON u."RoleId" = r."Id"
INNER JOIN role_permissions AS r0 ON r."Id" = r0."RoleId"
INNER JOIN "Permissions" AS p ON r0."PermissionId" = p."Id"
WHERE u."UserId" = @__userId_0
2026-02-15 01:35:31.348 +00:00 [INF] Usuario '"dfb95df7-afe1-4f69-9ebd-0d2482f09403"' tiene 0 permisos.
2026-02-15 01:35:31.361 +00:00 [INF] Executed DbCommand (6ms) [Parameters=[@p9='?' (DbType = Guid), @p0='?' (DbType = DateTime), @p1='?', @p2='?', @p3='?' (DbType = Boolean), @p4='?', @p5='?', @p6='?' (DbType = DateTime), @p7='?' (DbType = DateTime), @p8='?'], CommandType='"Text"', CommandTimeout='30']
UPDATE "Users" SET "CreatedAt" = @p0, "Email" = @p1, "FullName" = @p2, "IsActive" = @p3, "PasswordHash" = @p4, "RefreshToken" = @p5, "RefreshTokenExpiryTime" = @p6, "UpdatedAt" = @p7, "Username" = @p8
WHERE "Id" = @p9;
2026-02-15 01:35:31.362 +00:00 [INF] 1 cambios persistidos.
2026-02-15 01:35:31.362 +00:00 [INF] Login exitoso: 'admin', 0 permisos.
2026-02-15 01:35:31.364 +00:00 [INF] Executing OkObjectResult, writing value of type 'QAMS.Application.DTOs.Auth.LoginResponseDto'.
2026-02-15 01:35:31.367 +00:00 [INF] Executed action QAMS.Api.Controllers.AuthController.Login (QAMS.Api) in 328.5534ms
2026-02-15 01:35:31.368 +00:00 [INF] Executed endpoint 'QAMS.Api.Controllers.AuthController.Login (QAMS.Api)'
2026-02-15 01:35:31.370 +00:00 [INF] Request finished HTTP/1.1 POST http://localhost:5000/api/Auth/login - 200 null application/json; charset=utf-8 341.2626ms
2026-02-15 01:37:13.621 +00:00 [INF] Request starting HTTP/1.1 GET http://localhost:5000/swagger/index.html - null null
2026-02-15 01:37:13.660 +00:00 [INF] Request finished HTTP/1.1 GET http://localhost:5000/swagger/index.html - 200 null text/html;charset=utf-8 39.5466ms
2026-02-15 01:37:14.149 +00:00 [INF] Request starting HTTP/1.1 GET http://localhost:5000/swagger/v1/swagger.json - null null
2026-02-15 01:37:14.515 +00:00 [INF] Request finished HTTP/1.1 GET http://localhost:5000/swagger/v1/swagger.json - 200 null application/json;charset=utf-8 365.9345ms
2026-02-15 01:38:39.913 +00:00 [INF] Request starting HTTP/1.1 OPTIONS http://localhost:5000/api/Auth/login - null null
2026-02-15 01:38:39.922 +00:00 [INF] CORS policy execution successful.
2026-02-15 01:38:39.924 +00:00 [INF] Request finished HTTP/1.1 OPTIONS http://localhost:5000/api/Auth/login - 204 null null 11.7891ms
2026-02-15 01:38:39.931 +00:00 [INF] Request starting HTTP/1.1 POST http://localhost:5000/api/Auth/login - application/json 43
2026-02-15 01:38:39.935 +00:00 [INF] CORS policy execution successful.
2026-02-15 01:38:39.942 +00:00 [INF] Executing endpoint 'QAMS.Api.Controllers.AuthController.Login (QAMS.Api)'
2026-02-15 01:38:39.945 +00:00 [INF] Route matched with {action = "Login", controller = "Auth"}. Executing controller action with signature System.Threading.Tasks.Task`1[Microsoft.AspNetCore.Mvc.IActionResult] Login(QAMS.Application.DTOs.Auth.LoginRequestDto) on controller QAMS.Api.Controllers.AuthController (QAMS.Api).
2026-02-15 01:38:39.963 +00:00 [INF] POST /api/auth/login - Usuario: admin
2026-02-15 01:38:39.963 +00:00 [INF] Intento de login: 'admin'.
2026-02-15 01:38:39.997 +00:00 [INF] Executed DbCommand (17ms) [Parameters=[@__username_0='?'], CommandType='"Text"', CommandTimeout='30']
SELECT t."Id", t."CreatedAt", t."Email", t."FullName", t."IsActive", t."PasswordHash", t."RefreshToken", t."RefreshTokenExpiryTime", t."UpdatedAt", t."Username", t0."UserId", t0."RoleId", t0."AssignedAt", t0."Id", t0."CreatedAt", t0."Description", t0."IsActive", t0."Name", t0."RoleId0", t0."PermissionId", t0."AssignedAt0", t0."Id0", t0."Code", t0."CreatedAt0", t0."Description0", t0."Module"
FROM (
    SELECT u."Id", u."CreatedAt", u."Email", u."FullName", u."IsActive", u."PasswordHash", u."RefreshToken", u."RefreshTokenExpiryTime", u."UpdatedAt", u."Username"
    FROM "Users" AS u
    WHERE u."Username" = @__username_0
    LIMIT 1
) AS t
LEFT JOIN (
    SELECT u0."UserId", u0."RoleId", u0."AssignedAt", r."Id", r."CreatedAt", r."Description", r."IsActive", r."Name", t1."RoleId" AS "RoleId0", t1."PermissionId", t1."AssignedAt" AS "AssignedAt0", t1."Id" AS "Id0", t1."Code", t1."CreatedAt" AS "CreatedAt0", t1."Description" AS "Description0", t1."Module"
    FROM user_roles AS u0
    INNER JOIN "Roles" AS r ON u0."RoleId" = r."Id"
    LEFT JOIN (
        SELECT r0."RoleId", r0."PermissionId", r0."AssignedAt", p."Id", p."Code", p."CreatedAt", p."Description", p."Module"
        FROM role_permissions AS r0
        INNER JOIN "Permissions" AS p ON r0."PermissionId" = p."Id"
    ) AS t1 ON r."Id" = t1."RoleId"
) AS t0 ON t."Id" = t0."UserId"
ORDER BY t."Id", t0."UserId", t0."RoleId", t0."Id", t0."RoleId0", t0."PermissionId"
2026-02-15 01:38:40.268 +00:00 [INF] Obteniendo permisos del usuario '"dfb95df7-afe1-4f69-9ebd-0d2482f09403"'.
2026-02-15 01:38:40.271 +00:00 [INF] Executed DbCommand (2ms) [Parameters=[@__userId_0='?' (DbType = Guid)], CommandType='"Text"', CommandTimeout='30']
SELECT DISTINCT p."Code"
FROM user_roles AS u
INNER JOIN "Roles" AS r ON u."RoleId" = r."Id"
INNER JOIN role_permissions AS r0 ON r."Id" = r0."RoleId"
INNER JOIN "Permissions" AS p ON r0."PermissionId" = p."Id"
WHERE u."UserId" = @__userId_0
2026-02-15 01:38:40.272 +00:00 [INF] Usuario '"dfb95df7-afe1-4f69-9ebd-0d2482f09403"' tiene 0 permisos.
2026-02-15 01:38:40.297 +00:00 [INF] Executed DbCommand (11ms) [Parameters=[@p9='?' (DbType = Guid), @p0='?' (DbType = DateTime), @p1='?', @p2='?', @p3='?' (DbType = Boolean), @p4='?', @p5='?', @p6='?' (DbType = DateTime), @p7='?' (DbType = DateTime), @p8='?'], CommandType='"Text"', CommandTimeout='30']
UPDATE "Users" SET "CreatedAt" = @p0, "Email" = @p1, "FullName" = @p2, "IsActive" = @p3, "PasswordHash" = @p4, "RefreshToken" = @p5, "RefreshTokenExpiryTime" = @p6, "UpdatedAt" = @p7, "Username" = @p8
WHERE "Id" = @p9;
2026-02-15 01:38:40.298 +00:00 [INF] 1 cambios persistidos.
2026-02-15 01:38:40.299 +00:00 [INF] Login exitoso: 'admin', 0 permisos.
2026-02-15 01:38:40.302 +00:00 [INF] Executing OkObjectResult, writing value of type 'QAMS.Application.DTOs.Auth.LoginResponseDto'.
2026-02-15 01:38:40.305 +00:00 [INF] Executed action QAMS.Api.Controllers.AuthController.Login (QAMS.Api) in 359.7372ms
2026-02-15 01:38:40.306 +00:00 [INF] Executed endpoint 'QAMS.Api.Controllers.AuthController.Login (QAMS.Api)'
2026-02-15 01:38:40.308 +00:00 [INF] Request finished HTTP/1.1 POST http://localhost:5000/api/Auth/login - 200 null application/json; charset=utf-8 376.65ms
2026-02-15 01:54:51.062 +00:00 [INF] Request starting HTTP/1.1 OPTIONS http://localhost:5000/api/Auth/login - null null
2026-02-15 01:54:51.120 +00:00 [INF] CORS policy execution successful.
2026-02-15 01:54:51.135 +00:00 [INF] Request finished HTTP/1.1 OPTIONS http://localhost:5000/api/Auth/login - 204 null null 70.7042ms
2026-02-15 01:54:51.140 +00:00 [INF] Request starting HTTP/1.1 POST http://localhost:5000/api/Auth/login - application/json 43
2026-02-15 01:54:51.143 +00:00 [INF] CORS policy execution successful.
2026-02-15 01:54:51.153 +00:00 [INF] Executing endpoint 'QAMS.Api.Controllers.AuthController.Login (QAMS.Api)'
2026-02-15 01:54:51.161 +00:00 [INF] Route matched with {action = "Login", controller = "Auth"}. Executing controller action with signature System.Threading.Tasks.Task`1[Microsoft.AspNetCore.Mvc.IActionResult] Login(QAMS.Application.DTOs.Auth.LoginRequestDto) on controller QAMS.Api.Controllers.AuthController (QAMS.Api).
2026-02-15 01:54:51.205 +00:00 [INF] POST /api/auth/login - Usuario: admin
2026-02-15 01:54:51.205 +00:00 [INF] Intento de login: 'admin'.
2026-02-15 01:54:51.326 +00:00 [INF] Executed DbCommand (34ms) [Parameters=[@__username_0='?'], CommandType='"Text"', CommandTimeout='30']
SELECT t."Id", t."CreatedAt", t."Email", t."FullName", t."IsActive", t."PasswordHash", t."RefreshToken", t."RefreshTokenExpiryTime", t."UpdatedAt", t."Username", t0."UserId", t0."RoleId", t0."AssignedAt", t0."Id", t0."CreatedAt", t0."Description", t0."IsActive", t0."Name", t0."RoleId0", t0."PermissionId", t0."AssignedAt0", t0."Id0", t0."Code", t0."CreatedAt0", t0."Description0", t0."Module"
FROM (
    SELECT u."Id", u."CreatedAt", u."Email", u."FullName", u."IsActive", u."PasswordHash", u."RefreshToken", u."RefreshTokenExpiryTime", u."UpdatedAt", u."Username"
    FROM "Users" AS u
    WHERE u."Username" = @__username_0
    LIMIT 1
) AS t
LEFT JOIN (
    SELECT u0."UserId", u0."RoleId", u0."AssignedAt", r."Id", r."CreatedAt", r."Description", r."IsActive", r."Name", t1."RoleId" AS "RoleId0", t1."PermissionId", t1."AssignedAt" AS "AssignedAt0", t1."Id" AS "Id0", t1."Code", t1."CreatedAt" AS "CreatedAt0", t1."Description" AS "Description0", t1."Module"
    FROM user_roles AS u0
    INNER JOIN "Roles" AS r ON u0."RoleId" = r."Id"
    LEFT JOIN (
        SELECT r0."RoleId", r0."PermissionId", r0."AssignedAt", p."Id", p."Code", p."CreatedAt", p."Description", p."Module"
        FROM role_permissions AS r0
        INNER JOIN "Permissions" AS p ON r0."PermissionId" = p."Id"
    ) AS t1 ON r."Id" = t1."RoleId"
) AS t0 ON t."Id" = t0."UserId"
ORDER BY t."Id", t0."UserId", t0."RoleId", t0."Id", t0."RoleId0", t0."PermissionId"
2026-02-15 01:54:51.645 +00:00 [INF] Obteniendo permisos del usuario '"dfb95df7-afe1-4f69-9ebd-0d2482f09403"'.
2026-02-15 01:54:51.653 +00:00 [INF] Executed DbCommand (4ms) [Parameters=[@__userId_0='?' (DbType = Guid)], CommandType='"Text"', CommandTimeout='30']
SELECT DISTINCT p."Code"
FROM user_roles AS u
INNER JOIN "Roles" AS r ON u."RoleId" = r."Id"
INNER JOIN role_permissions AS r0 ON r."Id" = r0."RoleId"
INNER JOIN "Permissions" AS p ON r0."PermissionId" = p."Id"
WHERE u."UserId" = @__userId_0
2026-02-15 01:54:51.655 +00:00 [INF] Usuario '"dfb95df7-afe1-4f69-9ebd-0d2482f09403"' tiene 0 permisos.
2026-02-15 01:54:51.681 +00:00 [INF] Executed DbCommand (13ms) [Parameters=[@p9='?' (DbType = Guid), @p0='?' (DbType = DateTime), @p1='?', @p2='?', @p3='?' (DbType = Boolean), @p4='?', @p5='?', @p6='?' (DbType = DateTime), @p7='?' (DbType = DateTime), @p8='?'], CommandType='"Text"', CommandTimeout='30']
UPDATE "Users" SET "CreatedAt" = @p0, "Email" = @p1, "FullName" = @p2, "IsActive" = @p3, "PasswordHash" = @p4, "RefreshToken" = @p5, "RefreshTokenExpiryTime" = @p6, "UpdatedAt" = @p7, "Username" = @p8
WHERE "Id" = @p9;
2026-02-15 01:54:51.683 +00:00 [INF] 1 cambios persistidos.
2026-02-15 01:54:51.684 +00:00 [INF] Login exitoso: 'admin', 0 permisos.
2026-02-15 01:54:51.686 +00:00 [INF] Executing OkObjectResult, writing value of type 'QAMS.Application.DTOs.Auth.LoginResponseDto'.
2026-02-15 01:54:51.689 +00:00 [INF] Executed action QAMS.Api.Controllers.AuthController.Login (QAMS.Api) in 525.9602ms
2026-02-15 01:54:51.690 +00:00 [INF] Executed endpoint 'QAMS.Api.Controllers.AuthController.Login (QAMS.Api)'
2026-02-15 01:54:51.692 +00:00 [INF] Request finished HTTP/1.1 POST http://localhost:5000/api/Auth/login - 200 null application/json; charset=utf-8 551.7787ms
2026-02-15 02:01:58.083 +00:00 [INF] Request starting HTTP/1.1 OPTIONS http://localhost:5000/api/Auth/login - null null
2026-02-15 02:01:58.125 +00:00 [INF] CORS policy execution successful.
2026-02-15 02:01:58.142 +00:00 [INF] Request finished HTTP/1.1 OPTIONS http://localhost:5000/api/Auth/login - 204 null null 65.4779ms
2026-02-15 02:01:58.147 +00:00 [INF] Request starting HTTP/1.1 POST http://localhost:5000/api/Auth/login - application/json 43
2026-02-15 02:01:58.149 +00:00 [INF] CORS policy execution successful.
2026-02-15 02:01:58.499 +00:00 [INF] Executing endpoint 'QAMS.Api.Controllers.AuthController.Login (QAMS.Api)'
2026-02-15 02:01:58.506 +00:00 [INF] Route matched with {action = "Login", controller = "Auth"}. Executing controller action with signature System.Threading.Tasks.Task`1[Microsoft.AspNetCore.Mvc.IActionResult] Login(QAMS.Application.DTOs.Auth.LoginRequestDto) on controller QAMS.Api.Controllers.AuthController (QAMS.Api).
2026-02-15 02:01:58.552 +00:00 [INF] POST /api/auth/login - Usuario: admin
2026-02-15 02:01:58.554 +00:00 [INF] Intento de login: 'admin'.
2026-02-15 02:01:58.695 +00:00 [INF] Executed DbCommand (48ms) [Parameters=[@__username_0='?'], CommandType='"Text"', CommandTimeout='30']
SELECT t."Id", t."CreatedAt", t."Email", t."FullName", t."IsActive", t."PasswordHash", t."RefreshToken", t."RefreshTokenExpiryTime", t."UpdatedAt", t."Username", t0."UserId", t0."RoleId", t0."AssignedAt", t0."Id", t0."CreatedAt", t0."Description", t0."IsActive", t0."Name", t0."RoleId0", t0."PermissionId", t0."AssignedAt0", t0."Id0", t0."Code", t0."CreatedAt0", t0."Description0", t0."Module"
FROM (
    SELECT u."Id", u."CreatedAt", u."Email", u."FullName", u."IsActive", u."PasswordHash", u."RefreshToken", u."RefreshTokenExpiryTime", u."UpdatedAt", u."Username"
    FROM "Users" AS u
    WHERE u."Username" = @__username_0
    LIMIT 1
) AS t
LEFT JOIN (
    SELECT u0."UserId", u0."RoleId", u0."AssignedAt", r."Id", r."CreatedAt", r."Description", r."IsActive", r."Name", t1."RoleId" AS "RoleId0", t1."PermissionId", t1."AssignedAt" AS "AssignedAt0", t1."Id" AS "Id0", t1."Code", t1."CreatedAt" AS "CreatedAt0", t1."Description" AS "Description0", t1."Module"
    FROM user_roles AS u0
    INNER JOIN "Roles" AS r ON u0."RoleId" = r."Id"
    LEFT JOIN (
        SELECT r0."RoleId", r0."PermissionId", r0."AssignedAt", p."Id", p."Code", p."CreatedAt", p."Description", p."Module"
        FROM role_permissions AS r0
        INNER JOIN "Permissions" AS p ON r0."PermissionId" = p."Id"
    ) AS t1 ON r."Id" = t1."RoleId"
) AS t0 ON t."Id" = t0."UserId"
ORDER BY t."Id", t0."UserId", t0."RoleId", t0."Id", t0."RoleId0", t0."PermissionId"
2026-02-15 02:01:59.025 +00:00 [INF] Obteniendo permisos del usuario '"dfb95df7-afe1-4f69-9ebd-0d2482f09403"'.
2026-02-15 02:01:59.033 +00:00 [INF] Executed DbCommand (5ms) [Parameters=[@__userId_0='?' (DbType = Guid)], CommandType='"Text"', CommandTimeout='30']
SELECT DISTINCT p."Code"
FROM user_roles AS u
INNER JOIN "Roles" AS r ON u."RoleId" = r."Id"
INNER JOIN role_permissions AS r0 ON r."Id" = r0."RoleId"
INNER JOIN "Permissions" AS p ON r0."PermissionId" = p."Id"
WHERE u."UserId" = @__userId_0
2026-02-15 02:01:59.033 +00:00 [INF] Usuario '"dfb95df7-afe1-4f69-9ebd-0d2482f09403"' tiene 0 permisos.
2026-02-15 02:01:59.066 +00:00 [INF] Executed DbCommand (20ms) [Parameters=[@p9='?' (DbType = Guid), @p0='?' (DbType = DateTime), @p1='?', @p2='?', @p3='?' (DbType = Boolean), @p4='?', @p5='?', @p6='?' (DbType = DateTime), @p7='?' (DbType = DateTime), @p8='?'], CommandType='"Text"', CommandTimeout='30']
UPDATE "Users" SET "CreatedAt" = @p0, "Email" = @p1, "FullName" = @p2, "IsActive" = @p3, "PasswordHash" = @p4, "RefreshToken" = @p5, "RefreshTokenExpiryTime" = @p6, "UpdatedAt" = @p7, "Username" = @p8
WHERE "Id" = @p9;
2026-02-15 02:01:59.068 +00:00 [INF] 1 cambios persistidos.
2026-02-15 02:01:59.069 +00:00 [INF] Login exitoso: 'admin', 0 permisos.
2026-02-15 02:01:59.073 +00:00 [INF] Executing OkObjectResult, writing value of type 'QAMS.Application.DTOs.Auth.LoginResponseDto'.
2026-02-15 02:01:59.075 +00:00 [INF] Executed action QAMS.Api.Controllers.AuthController.Login (QAMS.Api) in 568.452ms
2026-02-15 02:01:59.076 +00:00 [INF] Executed endpoint 'QAMS.Api.Controllers.AuthController.Login (QAMS.Api)'
2026-02-15 02:01:59.079 +00:00 [INF] Request finished HTTP/1.1 POST http://localhost:5000/api/Auth/login - 200 null application/json; charset=utf-8 932.6957ms
2026-02-15 02:07:24.205 +00:00 [INF] Request starting HTTP/1.1 OPTIONS http://localhost:5000/api/Auth/login - null null
2026-02-15 02:07:24.247 +00:00 [INF] CORS policy execution successful.
2026-02-15 02:07:24.261 +00:00 [INF] Request finished HTTP/1.1 OPTIONS http://localhost:5000/api/Auth/login - 204 null null 60.5241ms
2026-02-15 02:07:24.266 +00:00 [INF] Request starting HTTP/1.1 POST http://localhost:5000/api/Auth/login - application/json 43
2026-02-15 02:07:24.270 +00:00 [INF] CORS policy execution successful.
2026-02-15 02:07:24.352 +00:00 [INF] Executing endpoint 'QAMS.Api.Controllers.AuthController.Login (QAMS.Api)'
2026-02-15 02:07:24.364 +00:00 [INF] Route matched with {action = "Login", controller = "Auth"}. Executing controller action with signature System.Threading.Tasks.Task`1[Microsoft.AspNetCore.Mvc.IActionResult] Login(QAMS.Application.DTOs.Auth.LoginRequestDto) on controller QAMS.Api.Controllers.AuthController (QAMS.Api).
2026-02-15 02:07:24.418 +00:00 [INF] POST /api/auth/login - Usuario: admin
2026-02-15 02:07:24.419 +00:00 [INF] Intento de login: 'admin'.
2026-02-15 02:07:24.564 +00:00 [INF] Executed DbCommand (56ms) [Parameters=[@__username_0='?'], CommandType='"Text"', CommandTimeout='30']
SELECT t."Id", t."CreatedAt", t."Email", t."FullName", t."IsActive", t."PasswordHash", t."RefreshToken", t."RefreshTokenExpiryTime", t."UpdatedAt", t."Username", t0."UserId", t0."RoleId", t0."AssignedAt", t0."Id", t0."CreatedAt", t0."Description", t0."IsActive", t0."Name", t0."RoleId0", t0."PermissionId", t0."AssignedAt0", t0."Id0", t0."Code", t0."CreatedAt0", t0."Description0", t0."Module"
FROM (
    SELECT u."Id", u."CreatedAt", u."Email", u."FullName", u."IsActive", u."PasswordHash", u."RefreshToken", u."RefreshTokenExpiryTime", u."UpdatedAt", u."Username"
    FROM "Users" AS u
    WHERE u."Username" = @__username_0
    LIMIT 1
) AS t
LEFT JOIN (
    SELECT u0."UserId", u0."RoleId", u0."AssignedAt", r."Id", r."CreatedAt", r."Description", r."IsActive", r."Name", t1."RoleId" AS "RoleId0", t1."PermissionId", t1."AssignedAt" AS "AssignedAt0", t1."Id" AS "Id0", t1."Code", t1."CreatedAt" AS "CreatedAt0", t1."Description" AS "Description0", t1."Module"
    FROM user_roles AS u0
    INNER JOIN "Roles" AS r ON u0."RoleId" = r."Id"
    LEFT JOIN (
        SELECT r0."RoleId", r0."PermissionId", r0."AssignedAt", p."Id", p."Code", p."CreatedAt", p."Description", p."Module"
        FROM role_permissions AS r0
        INNER JOIN "Permissions" AS p ON r0."PermissionId" = p."Id"
    ) AS t1 ON r."Id" = t1."RoleId"
) AS t0 ON t."Id" = t0."UserId"
ORDER BY t."Id", t0."UserId", t0."RoleId", t0."Id", t0."RoleId0", t0."PermissionId"
2026-02-15 02:07:24.843 +00:00 [INF] Obteniendo permisos del usuario '"dfb95df7-afe1-4f69-9ebd-0d2482f09403"'.
2026-02-15 02:07:24.867 +00:00 [INF] Executed DbCommand (7ms) [Parameters=[@__userId_0='?' (DbType = Guid)], CommandType='"Text"', CommandTimeout='30']
SELECT DISTINCT p."Code"
FROM user_roles AS u
INNER JOIN "Roles" AS r ON u."RoleId" = r."Id"
INNER JOIN role_permissions AS r0 ON r."Id" = r0."RoleId"
INNER JOIN "Permissions" AS p ON r0."PermissionId" = p."Id"
WHERE u."UserId" = @__userId_0
2026-02-15 02:07:24.873 +00:00 [INF] Usuario '"dfb95df7-afe1-4f69-9ebd-0d2482f09403"' tiene 0 permisos.
2026-02-15 02:07:24.928 +00:00 [INF] Executed DbCommand (17ms) [Parameters=[@p9='?' (DbType = Guid), @p0='?' (DbType = DateTime), @p1='?', @p2='?', @p3='?' (DbType = Boolean), @p4='?', @p5='?', @p6='?' (DbType = DateTime), @p7='?' (DbType = DateTime), @p8='?'], CommandType='"Text"', CommandTimeout='30']
UPDATE "Users" SET "CreatedAt" = @p0, "Email" = @p1, "FullName" = @p2, "IsActive" = @p3, "PasswordHash" = @p4, "RefreshToken" = @p5, "RefreshTokenExpiryTime" = @p6, "UpdatedAt" = @p7, "Username" = @p8
WHERE "Id" = @p9;
2026-02-15 02:07:24.931 +00:00 [INF] 1 cambios persistidos.
2026-02-15 02:07:24.932 +00:00 [INF] Login exitoso: 'admin', 0 permisos.
2026-02-15 02:07:24.938 +00:00 [INF] Executing OkObjectResult, writing value of type 'QAMS.Application.DTOs.Auth.LoginResponseDto'.
2026-02-15 02:07:24.946 +00:00 [INF] Executed action QAMS.Api.Controllers.AuthController.Login (QAMS.Api) in 580.1787ms
2026-02-15 02:07:24.947 +00:00 [INF] Executed endpoint 'QAMS.Api.Controllers.AuthController.Login (QAMS.Api)'
2026-02-15 02:07:24.950 +00:00 [INF] Request finished HTTP/1.1 POST http://localhost:5000/api/Auth/login - 200 null application/json; charset=utf-8 684.3345ms
2026-02-15 02:12:40.654 +00:00 [INF] Request starting HTTP/1.1 OPTIONS http://localhost:5000/api/Auth/login - null null
2026-02-15 02:12:40.704 +00:00 [INF] CORS policy execution successful.
2026-02-15 02:12:40.725 +00:00 [INF] Request finished HTTP/1.1 OPTIONS http://localhost:5000/api/Auth/login - 204 null null 79.2374ms
2026-02-15 02:12:40.736 +00:00 [INF] Request starting HTTP/1.1 POST http://localhost:5000/api/Auth/login - application/json 43
2026-02-15 02:12:40.744 +00:00 [INF] CORS policy execution successful.
2026-02-15 02:12:40.804 +00:00 [INF] Executing endpoint 'QAMS.Api.Controllers.AuthController.Login (QAMS.Api)'
2026-02-15 02:12:40.809 +00:00 [INF] Route matched with {action = "Login", controller = "Auth"}. Executing controller action with signature System.Threading.Tasks.Task`1[Microsoft.AspNetCore.Mvc.IActionResult] Login(QAMS.Application.DTOs.Auth.LoginRequestDto) on controller QAMS.Api.Controllers.AuthController (QAMS.Api).
2026-02-15 02:12:40.843 +00:00 [INF] POST /api/auth/login - Usuario: admin
2026-02-15 02:12:40.844 +00:00 [INF] Intento de login: 'admin'.
2026-02-15 02:12:40.938 +00:00 [INF] Executed DbCommand (37ms) [Parameters=[@__username_0='?'], CommandType='"Text"', CommandTimeout='30']
SELECT t."Id", t."CreatedAt", t."Email", t."FullName", t."IsActive", t."PasswordHash", t."RefreshToken", t."RefreshTokenExpiryTime", t."UpdatedAt", t."Username", t0."UserId", t0."RoleId", t0."AssignedAt", t0."Id", t0."CreatedAt", t0."Description", t0."IsActive", t0."Name", t0."RoleId0", t0."PermissionId", t0."AssignedAt0", t0."Id0", t0."Code", t0."CreatedAt0", t0."Description0", t0."Module"
FROM (
    SELECT u."Id", u."CreatedAt", u."Email", u."FullName", u."IsActive", u."PasswordHash", u."RefreshToken", u."RefreshTokenExpiryTime", u."UpdatedAt", u."Username"
    FROM "Users" AS u
    WHERE u."Username" = @__username_0
    LIMIT 1
) AS t
LEFT JOIN (
    SELECT u0."UserId", u0."RoleId", u0."AssignedAt", r."Id", r."CreatedAt", r."Description", r."IsActive", r."Name", t1."RoleId" AS "RoleId0", t1."PermissionId", t1."AssignedAt" AS "AssignedAt0", t1."Id" AS "Id0", t1."Code", t1."CreatedAt" AS "CreatedAt0", t1."Description" AS "Description0", t1."Module"
    FROM user_roles AS u0
    INNER JOIN "Roles" AS r ON u0."RoleId" = r."Id"
    LEFT JOIN (
        SELECT r0."RoleId", r0."PermissionId", r0."AssignedAt", p."Id", p."Code", p."CreatedAt", p."Description", p."Module"
        FROM role_permissions AS r0
        INNER JOIN "Permissions" AS p ON r0."PermissionId" = p."Id"
    ) AS t1 ON r."Id" = t1."RoleId"
) AS t0 ON t."Id" = t0."UserId"
ORDER BY t."Id", t0."UserId", t0."RoleId", t0."Id", t0."RoleId0", t0."PermissionId"
2026-02-15 02:12:41.256 +00:00 [INF] Obteniendo permisos del usuario '"dfb95df7-afe1-4f69-9ebd-0d2482f09403"'.
2026-02-15 02:12:41.262 +00:00 [INF] Executed DbCommand (3ms) [Parameters=[@__userId_0='?' (DbType = Guid)], CommandType='"Text"', CommandTimeout='30']
SELECT DISTINCT p."Code"
FROM user_roles AS u
INNER JOIN "Roles" AS r ON u."RoleId" = r."Id"
INNER JOIN role_permissions AS r0 ON r."Id" = r0."RoleId"
INNER JOIN "Permissions" AS p ON r0."PermissionId" = p."Id"
WHERE u."UserId" = @__userId_0
2026-02-15 02:12:41.262 +00:00 [INF] Usuario '"dfb95df7-afe1-4f69-9ebd-0d2482f09403"' tiene 0 permisos.
2026-02-15 02:12:41.280 +00:00 [INF] Executed DbCommand (10ms) [Parameters=[@p9='?' (DbType = Guid), @p0='?' (DbType = DateTime), @p1='?', @p2='?', @p3='?' (DbType = Boolean), @p4='?', @p5='?', @p6='?' (DbType = DateTime), @p7='?' (DbType = DateTime), @p8='?'], CommandType='"Text"', CommandTimeout='30']
UPDATE "Users" SET "CreatedAt" = @p0, "Email" = @p1, "FullName" = @p2, "IsActive" = @p3, "PasswordHash" = @p4, "RefreshToken" = @p5, "RefreshTokenExpiryTime" = @p6, "UpdatedAt" = @p7, "Username" = @p8
WHERE "Id" = @p9;
2026-02-15 02:12:41.281 +00:00 [INF] 1 cambios persistidos.
2026-02-15 02:12:41.281 +00:00 [INF] Login exitoso: 'admin', 0 permisos.
2026-02-15 02:12:41.283 +00:00 [INF] Executing OkObjectResult, writing value of type 'QAMS.Application.DTOs.Auth.LoginResponseDto'.
2026-02-15 02:12:41.286 +00:00 [INF] Executed action QAMS.Api.Controllers.AuthController.Login (QAMS.Api) in 475.5946ms
2026-02-15 02:12:41.287 +00:00 [INF] Executed endpoint 'QAMS.Api.Controllers.AuthController.Login (QAMS.Api)'
2026-02-15 02:12:41.287 +00:00 [INF] Request finished HTTP/1.1 POST http://localhost:5000/api/Auth/login - 200 null application/json; charset=utf-8 551.6946ms
2026-02-15 02:41:46.011 +00:00 [INF] Request starting HTTP/1.1 OPTIONS http://localhost:5000/api/Auth/login - null null
2026-02-15 02:41:46.107 +00:00 [INF] CORS policy execution successful.
2026-02-15 02:41:46.119 +00:00 [INF] Request finished HTTP/1.1 OPTIONS http://localhost:5000/api/Auth/login - 204 null null 120.951ms
2026-02-15 02:41:46.129 +00:00 [INF] Request starting HTTP/1.1 POST http://localhost:5000/api/Auth/login - application/json 43
2026-02-15 02:41:46.132 +00:00 [INF] CORS policy execution successful.
2026-02-15 02:41:46.173 +00:00 [INF] Executing endpoint 'QAMS.Api.Controllers.AuthController.Login (QAMS.Api)'
2026-02-15 02:41:46.187 +00:00 [INF] Route matched with {action = "Login", controller = "Auth"}. Executing controller action with signature System.Threading.Tasks.Task`1[Microsoft.AspNetCore.Mvc.IActionResult] Login(QAMS.Application.DTOs.Auth.LoginRequestDto) on controller QAMS.Api.Controllers.AuthController (QAMS.Api).
2026-02-15 02:41:46.250 +00:00 [INF] POST /api/auth/login - Usuario: admin
2026-02-15 02:41:46.253 +00:00 [INF] Intento de login: 'admin'.
2026-02-15 02:41:46.472 +00:00 [INF] Executed DbCommand (85ms) [Parameters=[@__username_0='?'], CommandType='"Text"', CommandTimeout='30']
SELECT t."Id", t."CreatedAt", t."Email", t."FullName", t."IsActive", t."PasswordHash", t."RefreshToken", t."RefreshTokenExpiryTime", t."UpdatedAt", t."Username", t0."UserId", t0."RoleId", t0."AssignedAt", t0."Id", t0."CreatedAt", t0."Description", t0."IsActive", t0."Name", t0."RoleId0", t0."PermissionId", t0."AssignedAt0", t0."Id0", t0."Code", t0."CreatedAt0", t0."Description0", t0."Module"
FROM (
    SELECT u."Id", u."CreatedAt", u."Email", u."FullName", u."IsActive", u."PasswordHash", u."RefreshToken", u."RefreshTokenExpiryTime", u."UpdatedAt", u."Username"
    FROM "Users" AS u
    WHERE u."Username" = @__username_0
    LIMIT 1
) AS t
LEFT JOIN (
    SELECT u0."UserId", u0."RoleId", u0."AssignedAt", r."Id", r."CreatedAt", r."Description", r."IsActive", r."Name", t1."RoleId" AS "RoleId0", t1."PermissionId", t1."AssignedAt" AS "AssignedAt0", t1."Id" AS "Id0", t1."Code", t1."CreatedAt" AS "CreatedAt0", t1."Description" AS "Description0", t1."Module"
    FROM user_roles AS u0
    INNER JOIN "Roles" AS r ON u0."RoleId" = r."Id"
    LEFT JOIN (
        SELECT r0."RoleId", r0."PermissionId", r0."AssignedAt", p."Id", p."Code", p."CreatedAt", p."Description", p."Module"
        FROM role_permissions AS r0
        INNER JOIN "Permissions" AS p ON r0."PermissionId" = p."Id"
    ) AS t1 ON r."Id" = t1."RoleId"
) AS t0 ON t."Id" = t0."UserId"
ORDER BY t."Id", t0."UserId", t0."RoleId", t0."Id", t0."RoleId0", t0."PermissionId"
2026-02-15 02:41:47.328 +00:00 [INF] Obteniendo permisos del usuario '"dfb95df7-afe1-4f69-9ebd-0d2482f09403"'.
2026-02-15 02:41:47.349 +00:00 [INF] Executed DbCommand (10ms) [Parameters=[@__userId_0='?' (DbType = Guid)], CommandType='"Text"', CommandTimeout='30']
SELECT DISTINCT p."Code"
FROM user_roles AS u
INNER JOIN "Roles" AS r ON u."RoleId" = r."Id"
INNER JOIN role_permissions AS r0 ON r."Id" = r0."RoleId"
INNER JOIN "Permissions" AS p ON r0."PermissionId" = p."Id"
WHERE u."UserId" = @__userId_0
2026-02-15 02:41:47.351 +00:00 [INF] Usuario '"dfb95df7-afe1-4f69-9ebd-0d2482f09403"' tiene 0 permisos.
2026-02-15 02:41:47.447 +00:00 [INF] Executed DbCommand (49ms) [Parameters=[@p9='?' (DbType = Guid), @p0='?' (DbType = DateTime), @p1='?', @p2='?', @p3='?' (DbType = Boolean), @p4='?', @p5='?', @p6='?' (DbType = DateTime), @p7='?' (DbType = DateTime), @p8='?'], CommandType='"Text"', CommandTimeout='30']
UPDATE "Users" SET "CreatedAt" = @p0, "Email" = @p1, "FullName" = @p2, "IsActive" = @p3, "PasswordHash" = @p4, "RefreshToken" = @p5, "RefreshTokenExpiryTime" = @p6, "UpdatedAt" = @p7, "Username" = @p8
WHERE "Id" = @p9;
2026-02-15 02:41:47.450 +00:00 [INF] 1 cambios persistidos.
2026-02-15 02:41:47.453 +00:00 [INF] Login exitoso: 'admin', 0 permisos.
2026-02-15 02:41:47.472 +00:00 [INF] Executing OkObjectResult, writing value of type 'QAMS.Application.DTOs.Auth.LoginResponseDto'.
2026-02-15 02:41:47.487 +00:00 [INF] Executed action QAMS.Api.Controllers.AuthController.Login (QAMS.Api) in 1294.8928ms
2026-02-15 02:41:47.491 +00:00 [INF] Executed endpoint 'QAMS.Api.Controllers.AuthController.Login (QAMS.Api)'
2026-02-15 02:41:47.497 +00:00 [INF] Request finished HTTP/1.1 POST http://localhost:5000/api/Auth/login - 200 null application/json; charset=utf-8 1366.4802ms
2026-02-15 16:05:49.610 +00:00 [INF] Executed DbCommand (47ms) [Parameters=[], CommandType='"Text"', CommandTimeout='30']
SELECT EXISTS (
    SELECT 1 FROM pg_catalog.pg_class c
    JOIN pg_catalog.pg_namespace n ON n.oid=c.relnamespace
    WHERE n.nspname='public' AND
          c.relname='__EFMigrationsHistory'
)
2026-02-15 16:05:49.688 +00:00 [INF] Executed DbCommand (4ms) [Parameters=[], CommandType='"Text"', CommandTimeout='30']
SELECT "MigrationId", "ProductVersion"
FROM "__EFMigrationsHistory"
ORDER BY "MigrationId";
2026-02-15 16:05:49.713 +00:00 [INF] Executed DbCommand (1ms) [Parameters=[], CommandType='"Text"', CommandTimeout='30']
SELECT EXISTS (
    SELECT 1 FROM pg_catalog.pg_class c
    JOIN pg_catalog.pg_namespace n ON n.oid=c.relnamespace
    WHERE n.nspname='public' AND
          c.relname='__EFMigrationsHistory'
)
2026-02-15 16:05:49.729 +00:00 [INF] Executed DbCommand (2ms) [Parameters=[], CommandType='"Text"', CommandTimeout='30']
SELECT EXISTS (
    SELECT 1 FROM pg_catalog.pg_class c
    JOIN pg_catalog.pg_namespace n ON n.oid=c.relnamespace
    WHERE n.nspname='public' AND
          c.relname='__EFMigrationsHistory'
)
2026-02-15 16:05:49.732 +00:00 [INF] Executed DbCommand (1ms) [Parameters=[], CommandType='"Text"', CommandTimeout='30']
SELECT "MigrationId", "ProductVersion"
FROM "__EFMigrationsHistory"
ORDER BY "MigrationId";
2026-02-15 16:05:49.747 +00:00 [INF] No migrations were applied. The database is already up to date.
2026-02-15 16:05:49.748 +00:00 [INF] Database migrations applied.
2026-02-15 16:05:49.759 +00:00 [INF] Executed DbCommand (1ms) [Parameters=[], CommandType='"Text"', CommandTimeout='30']
SELECT EXISTS (
    SELECT 1 FROM pg_catalog.pg_class c
    JOIN pg_catalog.pg_namespace n ON n.oid=c.relnamespace
    WHERE n.nspname='public' AND
          c.relname='__EFMigrationsHistory'
)
2026-02-15 16:05:49.761 +00:00 [INF] Executed DbCommand (0ms) [Parameters=[], CommandType='"Text"', CommandTimeout='30']
SELECT "MigrationId", "ProductVersion"
FROM "__EFMigrationsHistory"
ORDER BY "MigrationId";
2026-02-15 16:05:49.769 +00:00 [INF] Obteniendo todos del catálogo 'executionstatus'.
2026-02-15 16:05:49.990 +00:00 [INF] Executed DbCommand (21ms) [Parameters=[], CommandType='"Text"', CommandTimeout='30']
SELECT e.id, e.code, e.created_at, e.description, e.is_active, e.name, e.sort_order
FROM execution_statuses AS e
ORDER BY e.sort_order
2026-02-15 16:05:50.020 +00:00 [INF] Obteniendo todos del catálogo 'evidencetype'.
2026-02-15 16:05:50.031 +00:00 [INF] Executed DbCommand (3ms) [Parameters=[], CommandType='"Text"', CommandTimeout='30']
SELECT e."Id", e."Code", e."CreatedAt", e."Description", e."IsActive", e."Name", e."SortOrder"
FROM "EvidenceTypes" AS e
ORDER BY e."SortOrder"
2026-02-15 16:05:50.033 +00:00 [INF] Obteniendo todos del catálogo 'stepresultstatus'.
2026-02-15 16:05:50.044 +00:00 [INF] Executed DbCommand (4ms) [Parameters=[], CommandType='"Text"', CommandTimeout='30']
SELECT s."Id", s."Code", s."CreatedAt", s."Description", s."IsActive", s."Name", s."SortOrder"
FROM "StepResultStatuses" AS s
ORDER BY s."SortOrder"
2026-02-15 16:05:50.045 +00:00 [INF] Obteniendo todos del catálogo 'taskpriority'.
2026-02-15 16:05:50.054 +00:00 [INF] Executed DbCommand (2ms) [Parameters=[], CommandType='"Text"', CommandTimeout='30']
SELECT t."Id", t."Code", t."CreatedAt", t."Description", t."IsActive", t."Name", t."SortOrder"
FROM "TaskPriorities" AS t
ORDER BY t."SortOrder"
2026-02-15 16:05:50.056 +00:00 [INF] Obteniendo todos del catálogo 'testcasepriority'.
2026-02-15 16:05:50.063 +00:00 [INF] Executed DbCommand (2ms) [Parameters=[], CommandType='"Text"', CommandTimeout='30']
SELECT t."Id", t."Code", t."CreatedAt", t."Description", t."IsActive", t."Name", t."SortOrder"
FROM "TestCasePriorities" AS t
ORDER BY t."SortOrder"
2026-02-15 16:05:50.149 +00:00 [INF] Obteniendo todos los roles.
2026-02-15 16:05:50.271 +00:00 [INF] Executed DbCommand (18ms) [Parameters=[], CommandType='"Text"', CommandTimeout='30']
SELECT r."Id", r."CreatedAt", r."Description", r."IsActive", r."Name", t."RoleId", t."PermissionId", t."AssignedAt", t."Id", t."Code", t."CreatedAt", t."Description", t."Module"
FROM "Roles" AS r
LEFT JOIN (
    SELECT r0."RoleId", r0."PermissionId", r0."AssignedAt", p."Id", p."Code", p."CreatedAt", p."Description", p."Module"
    FROM role_permissions AS r0
    INNER JOIN "Permissions" AS p ON r0."PermissionId" = p."Id"
) AS t ON r."Id" = t."RoleId"
ORDER BY r."Name", r."Id", t."RoleId", t."PermissionId"
2026-02-15 16:05:50.292 +00:00 [INF] Obteniendo todos los usuarios.
2026-02-15 16:05:50.301 +00:00 [INF] Executed DbCommand (2ms) [Parameters=[], CommandType='"Text"', CommandTimeout='30']
SELECT u."Id", u."CreatedAt", u."Email", u."FullName", u."IsActive", u."PasswordHash", u."RefreshToken", u."RefreshTokenExpiryTime", u."UpdatedAt", u."Username"
FROM "Users" AS u
2026-02-15 16:05:50.389 +00:00 [INF] QAMS API iniciada en Docker.
2026-02-15 16:05:50.410 +00:00 [WRN] Storing keys in a directory '/root/.aspnet/DataProtection-Keys' that may not be persisted outside of the container. Protected data will be unavailable when container is destroyed. For more information go to https://aka.ms/aspnet/dataprotectionwarning
2026-02-15 16:05:50.411 +00:00 [INF] User profile is available. Using '/root/.aspnet/DataProtection-Keys' as key repository; keys will not be encrypted at rest.
2026-02-15 16:05:50.459 +00:00 [WRN] Overriding HTTP_PORTS '8080' and HTTPS_PORTS ''. Binding to values defined by URLS instead 'http://+:8080'.
2026-02-15 16:05:50.476 +00:00 [WRN] The WebRootPath was not found: /app/wwwroot. Static files may be unavailable.
2026-02-15 16:05:50.504 +00:00 [INF] Now listening on: http://[::]:8080
2026-02-15 16:05:50.504 +00:00 [INF] Application started. Press Ctrl+C to shut down.
2026-02-15 16:05:50.505 +00:00 [INF] Hosting environment: Docker
2026-02-15 16:05:50.506 +00:00 [INF] Content root path: /app
2026-02-15 16:05:55.739 +00:00 [INF] Request starting HTTP/1.1 GET http://localhost:5000/swagger/index.html - null null
2026-02-15 16:05:55.861 +00:00 [INF] Request finished HTTP/1.1 GET http://localhost:5000/swagger/index.html - 200 null text/html;charset=utf-8 119.2881ms
2026-02-15 16:05:56.171 +00:00 [INF] Request starting HTTP/1.1 GET http://localhost:5000/swagger/v1/swagger.json - null null
2026-02-15 16:05:56.509 +00:00 [INF] Request finished HTTP/1.1 GET http://localhost:5000/swagger/v1/swagger.json - 200 null application/json;charset=utf-8 338.7493ms
2026-02-15 16:22:55.283 +00:00 [INF] Request starting HTTP/1.1 OPTIONS http://localhost:5000/api/Auth/login - null null
2026-02-15 16:22:55.474 +00:00 [INF] CORS policy execution successful.
2026-02-15 16:22:55.501 +00:00 [INF] Request finished HTTP/1.1 OPTIONS http://localhost:5000/api/Auth/login - 204 null null 236.2848ms
2026-02-15 16:22:55.515 +00:00 [INF] Request starting HTTP/1.1 POST http://localhost:5000/api/Auth/login - application/json 43
2026-02-15 16:22:55.536 +00:00 [INF] CORS policy execution successful.
2026-02-15 16:22:55.948 +00:00 [INF] Failed to validate the token.
Microsoft.IdentityModel.Tokens.SecurityTokenExpiredException: IDX10223: Lifetime validation failed. The token is expired. ValidTo (UTC): '02/15/2026 03:41:47', Current time (UTC): '02/15/2026 16:22:55'.
   at Microsoft.IdentityModel.Tokens.Validators.ValidateLifetime(Nullable`1 notBefore, Nullable`1 expires, SecurityToken securityToken, TokenValidationParameters validationParameters)
   at Microsoft.IdentityModel.JsonWebTokens.JsonWebTokenHandler.ValidateTokenPayloadAsync(JsonWebToken jsonWebToken, TokenValidationParameters validationParameters, BaseConfiguration configuration)
   at Microsoft.IdentityModel.JsonWebTokens.JsonWebTokenHandler.ValidateJWSAsync(JsonWebToken jsonWebToken, TokenValidationParameters validationParameters, BaseConfiguration configuration)
2026-02-15 16:22:56.047 +00:00 [INF] Bearer was not authenticated. Failure message: IDX10223: Lifetime validation failed. The token is expired. ValidTo (UTC): '02/15/2026 03:41:47', Current time (UTC): '02/15/2026 16:22:55'.
2026-02-15 16:22:56.065 +00:00 [INF] Executing endpoint 'QAMS.Api.Controllers.AuthController.Login (QAMS.Api)'
2026-02-15 16:22:56.220 +00:00 [INF] Route matched with {action = "Login", controller = "Auth"}. Executing controller action with signature System.Threading.Tasks.Task`1[Microsoft.AspNetCore.Mvc.IActionResult] Login(QAMS.Application.DTOs.Auth.LoginRequestDto) on controller QAMS.Api.Controllers.AuthController (QAMS.Api).
2026-02-15 16:22:56.486 +00:00 [INF] POST /api/auth/login - Usuario: admin
2026-02-15 16:22:56.492 +00:00 [INF] Intento de login: 'admin'.
2026-02-15 16:22:56.708 +00:00 [WRN] Compiling a query which loads related collections for more than one collection navigation, either via 'Include' or through projection, but no 'QuerySplittingBehavior' has been configured. By default, Entity Framework will use 'QuerySplittingBehavior.SingleQuery', which can potentially result in slow query performance. See https://go.microsoft.com/fwlink/?linkid=2134277 for more information. To identify the query that's triggering this warning call 'ConfigureWarnings(w => w.Throw(RelationalEventId.MultipleCollectionIncludeWarning))'.
2026-02-15 16:22:56.972 +00:00 [INF] Executed DbCommand (106ms) [Parameters=[@__username_0='?'], CommandType='"Text"', CommandTimeout='30']
SELECT t."Id", t."CreatedAt", t."Email", t."FullName", t."IsActive", t."PasswordHash", t."RefreshToken", t."RefreshTokenExpiryTime", t."UpdatedAt", t."Username", t0."UserId", t0."RoleId", t0."AssignedAt", t0."Id", t0."CreatedAt", t0."Description", t0."IsActive", t0."Name", t0."RoleId0", t0."PermissionId", t0."AssignedAt0", t0."Id0", t0."Code", t0."CreatedAt0", t0."Description0", t0."Module"
FROM (
    SELECT u."Id", u."CreatedAt", u."Email", u."FullName", u."IsActive", u."PasswordHash", u."RefreshToken", u."RefreshTokenExpiryTime", u."UpdatedAt", u."Username"
    FROM "Users" AS u
    WHERE u."Username" = @__username_0
    LIMIT 1
) AS t
LEFT JOIN (
    SELECT u0."UserId", u0."RoleId", u0."AssignedAt", r."Id", r."CreatedAt", r."Description", r."IsActive", r."Name", t1."RoleId" AS "RoleId0", t1."PermissionId", t1."AssignedAt" AS "AssignedAt0", t1."Id" AS "Id0", t1."Code", t1."CreatedAt" AS "CreatedAt0", t1."Description" AS "Description0", t1."Module"
    FROM user_roles AS u0
    INNER JOIN "Roles" AS r ON u0."RoleId" = r."Id"
    LEFT JOIN (
        SELECT r0."RoleId", r0."PermissionId", r0."AssignedAt", p."Id", p."Code", p."CreatedAt", p."Description", p."Module"
        FROM role_permissions AS r0
        INNER JOIN "Permissions" AS p ON r0."PermissionId" = p."Id"
    ) AS t1 ON r."Id" = t1."RoleId"
) AS t0 ON t."Id" = t0."UserId"
ORDER BY t."Id", t0."UserId", t0."RoleId", t0."Id", t0."RoleId0", t0."PermissionId"
2026-02-15 16:22:58.645 +00:00 [INF] Obteniendo permisos del usuario '"dfb95df7-afe1-4f69-9ebd-0d2482f09403"'.
2026-02-15 16:22:58.709 +00:00 [INF] Executed DbCommand (11ms) [Parameters=[@__userId_0='?' (DbType = Guid)], CommandType='"Text"', CommandTimeout='30']
SELECT DISTINCT p."Code"
FROM user_roles AS u
INNER JOIN "Roles" AS r ON u."RoleId" = r."Id"
INNER JOIN role_permissions AS r0 ON r."Id" = r0."RoleId"
INNER JOIN "Permissions" AS p ON r0."PermissionId" = p."Id"
WHERE u."UserId" = @__userId_0
2026-02-15 16:22:58.713 +00:00 [INF] Usuario '"dfb95df7-afe1-4f69-9ebd-0d2482f09403"' tiene 0 permisos.
2026-02-15 16:22:59.017 +00:00 [INF] Executed DbCommand (43ms) [Parameters=[@p9='?' (DbType = Guid), @p0='?' (DbType = DateTime), @p1='?', @p2='?', @p3='?' (DbType = Boolean), @p4='?', @p5='?', @p6='?' (DbType = DateTime), @p7='?' (DbType = DateTime), @p8='?'], CommandType='"Text"', CommandTimeout='30']
UPDATE "Users" SET "CreatedAt" = @p0, "Email" = @p1, "FullName" = @p2, "IsActive" = @p3, "PasswordHash" = @p4, "RefreshToken" = @p5, "RefreshTokenExpiryTime" = @p6, "UpdatedAt" = @p7, "Username" = @p8
WHERE "Id" = @p9;
2026-02-15 16:22:59.048 +00:00 [INF] 1 cambios persistidos.
2026-02-15 16:22:59.049 +00:00 [INF] Login exitoso: 'admin', 0 permisos.
2026-02-15 16:22:59.064 +00:00 [INF] Executing OkObjectResult, writing value of type 'QAMS.Application.DTOs.Auth.LoginResponseDto'.
2026-02-15 16:22:59.114 +00:00 [INF] Executed action QAMS.Api.Controllers.AuthController.Login (QAMS.Api) in 2883.584ms
2026-02-15 16:22:59.118 +00:00 [INF] Executed endpoint 'QAMS.Api.Controllers.AuthController.Login (QAMS.Api)'
2026-02-15 16:22:59.133 +00:00 [INF] Request finished HTTP/1.1 POST http://localhost:5000/api/Auth/login - 200 null application/json; charset=utf-8 3618.0956ms
2026-02-15 16:25:17.244 +00:00 [INF] Request starting HTTP/1.1 OPTIONS http://localhost:5000/api/Auth/login - null null
2026-02-15 16:25:17.252 +00:00 [INF] CORS policy execution successful.
2026-02-15 16:25:17.261 +00:00 [INF] Request finished HTTP/1.1 OPTIONS http://localhost:5000/api/Auth/login - 204 null null 17.5755ms
2026-02-15 16:25:17.267 +00:00 [INF] Request starting HTTP/1.1 POST http://localhost:5000/api/Auth/login - application/json 43
2026-02-15 16:25:17.272 +00:00 [INF] CORS policy execution successful.
2026-02-15 16:25:17.343 +00:00 [INF] Executing endpoint 'QAMS.Api.Controllers.AuthController.Login (QAMS.Api)'
2026-02-15 16:25:17.349 +00:00 [INF] Route matched with {action = "Login", controller = "Auth"}. Executing controller action with signature System.Threading.Tasks.Task`1[Microsoft.AspNetCore.Mvc.IActionResult] Login(QAMS.Application.DTOs.Auth.LoginRequestDto) on controller QAMS.Api.Controllers.AuthController (QAMS.Api).
2026-02-15 16:25:17.449 +00:00 [INF] POST /api/auth/login - Usuario: admin
2026-02-15 16:25:17.454 +00:00 [INF] Intento de login: 'admin'.
2026-02-15 16:25:17.483 +00:00 [INF] Executed DbCommand (4ms) [Parameters=[@__username_0='?'], CommandType='"Text"', CommandTimeout='30']
SELECT t."Id", t."CreatedAt", t."Email", t."FullName", t."IsActive", t."PasswordHash", t."RefreshToken", t."RefreshTokenExpiryTime", t."UpdatedAt", t."Username", t0."UserId", t0."RoleId", t0."AssignedAt", t0."Id", t0."CreatedAt", t0."Description", t0."IsActive", t0."Name", t0."RoleId0", t0."PermissionId", t0."AssignedAt0", t0."Id0", t0."Code", t0."CreatedAt0", t0."Description0", t0."Module"
FROM (
    SELECT u."Id", u."CreatedAt", u."Email", u."FullName", u."IsActive", u."PasswordHash", u."RefreshToken", u."RefreshTokenExpiryTime", u."UpdatedAt", u."Username"
    FROM "Users" AS u
    WHERE u."Username" = @__username_0
    LIMIT 1
) AS t
LEFT JOIN (
    SELECT u0."UserId", u0."RoleId", u0."AssignedAt", r."Id", r."CreatedAt", r."Description", r."IsActive", r."Name", t1."RoleId" AS "RoleId0", t1."PermissionId", t1."AssignedAt" AS "AssignedAt0", t1."Id" AS "Id0", t1."Code", t1."CreatedAt" AS "CreatedAt0", t1."Description" AS "Description0", t1."Module"
    FROM user_roles AS u0
    INNER JOIN "Roles" AS r ON u0."RoleId" = r."Id"
    LEFT JOIN (
        SELECT r0."RoleId", r0."PermissionId", r0."AssignedAt", p."Id", p."Code", p."CreatedAt", p."Description", p."Module"
        FROM role_permissions AS r0
        INNER JOIN "Permissions" AS p ON r0."PermissionId" = p."Id"
    ) AS t1 ON r."Id" = t1."RoleId"
) AS t0 ON t."Id" = t0."UserId"
ORDER BY t."Id", t0."UserId", t0."RoleId", t0."Id", t0."RoleId0", t0."PermissionId"
2026-02-15 16:25:18.297 +00:00 [INF] Obteniendo permisos del usuario '"dfb95df7-afe1-4f69-9ebd-0d2482f09403"'.
2026-02-15 16:25:18.305 +00:00 [INF] Executed DbCommand (4ms) [Parameters=[@__userId_0='?' (DbType = Guid)], CommandType='"Text"', CommandTimeout='30']
SELECT DISTINCT p."Code"
FROM user_roles AS u
INNER JOIN "Roles" AS r ON u."RoleId" = r."Id"
INNER JOIN role_permissions AS r0 ON r."Id" = r0."RoleId"
INNER JOIN "Permissions" AS p ON r0."PermissionId" = p."Id"
WHERE u."UserId" = @__userId_0
2026-02-15 16:25:18.307 +00:00 [INF] Usuario '"dfb95df7-afe1-4f69-9ebd-0d2482f09403"' tiene 0 permisos.
2026-02-15 16:25:18.334 +00:00 [INF] Executed DbCommand (16ms) [Parameters=[@p9='?' (DbType = Guid), @p0='?' (DbType = DateTime), @p1='?', @p2='?', @p3='?' (DbType = Boolean), @p4='?', @p5='?', @p6='?' (DbType = DateTime), @p7='?' (DbType = DateTime), @p8='?'], CommandType='"Text"', CommandTimeout='30']
UPDATE "Users" SET "CreatedAt" = @p0, "Email" = @p1, "FullName" = @p2, "IsActive" = @p3, "PasswordHash" = @p4, "RefreshToken" = @p5, "RefreshTokenExpiryTime" = @p6, "UpdatedAt" = @p7, "Username" = @p8
WHERE "Id" = @p9;
2026-02-15 16:25:18.338 +00:00 [INF] 1 cambios persistidos.
2026-02-15 16:25:18.357 +00:00 [INF] Login exitoso: 'admin', 0 permisos.
2026-02-15 16:25:18.364 +00:00 [INF] Executing OkObjectResult, writing value of type 'QAMS.Application.DTOs.Auth.LoginResponseDto'.
2026-02-15 16:25:18.373 +00:00 [INF] Executed action QAMS.Api.Controllers.AuthController.Login (QAMS.Api) in 1020.0559ms
2026-02-15 16:25:18.376 +00:00 [INF] Executed endpoint 'QAMS.Api.Controllers.AuthController.Login (QAMS.Api)'
2026-02-15 16:25:18.380 +00:00 [INF] Request finished HTTP/1.1 POST http://localhost:5000/api/Auth/login - 200 null application/json; charset=utf-8 1112.3897ms
2026-02-15 16:52:41.586 +00:00 [INF] Request starting HTTP/1.1 OPTIONS http://localhost:5000/api/Auth/login - null null
2026-02-15 16:52:41.769 +00:00 [INF] CORS policy execution successful.
2026-02-15 16:52:41.798 +00:00 [INF] Request finished HTTP/1.1 OPTIONS http://localhost:5000/api/Auth/login - 204 null null 226.1392ms
2026-02-15 16:52:41.836 +00:00 [INF] Request starting HTTP/1.1 POST http://localhost:5000/api/Auth/login - application/json 43
2026-02-15 16:52:41.861 +00:00 [INF] CORS policy execution successful.
2026-02-15 16:52:42.024 +00:00 [INF] Executing endpoint 'QAMS.Api.Controllers.AuthController.Login (QAMS.Api)'
2026-02-15 16:52:42.063 +00:00 [INF] Route matched with {action = "Login", controller = "Auth"}. Executing controller action with signature System.Threading.Tasks.Task`1[Microsoft.AspNetCore.Mvc.IActionResult] Login(QAMS.Application.DTOs.Auth.LoginRequestDto) on controller QAMS.Api.Controllers.AuthController (QAMS.Api).
2026-02-15 16:52:42.231 +00:00 [INF] POST /api/auth/login - Usuario: admin
2026-02-15 16:52:42.235 +00:00 [INF] Intento de login: 'admin'.
2026-02-15 16:52:42.512 +00:00 [INF] Executed DbCommand (100ms) [Parameters=[@__username_0='?'], CommandType='"Text"', CommandTimeout='30']
SELECT t."Id", t."CreatedAt", t."Email", t."FullName", t."IsActive", t."PasswordHash", t."RefreshToken", t."RefreshTokenExpiryTime", t."UpdatedAt", t."Username", t0."UserId", t0."RoleId", t0."AssignedAt", t0."Id", t0."CreatedAt", t0."Description", t0."IsActive", t0."Name", t0."RoleId0", t0."PermissionId", t0."AssignedAt0", t0."Id0", t0."Code", t0."CreatedAt0", t0."Description0", t0."Module"
FROM (
    SELECT u."Id", u."CreatedAt", u."Email", u."FullName", u."IsActive", u."PasswordHash", u."RefreshToken", u."RefreshTokenExpiryTime", u."UpdatedAt", u."Username"
    FROM "Users" AS u
    WHERE u."Username" = @__username_0
    LIMIT 1
) AS t
LEFT JOIN (
    SELECT u0."UserId", u0."RoleId", u0."AssignedAt", r."Id", r."CreatedAt", r."Description", r."IsActive", r."Name", t1."RoleId" AS "RoleId0", t1."PermissionId", t1."AssignedAt" AS "AssignedAt0", t1."Id" AS "Id0", t1."Code", t1."CreatedAt" AS "CreatedAt0", t1."Description" AS "Description0", t1."Module"
    FROM user_roles AS u0
    INNER JOIN "Roles" AS r ON u0."RoleId" = r."Id"
    LEFT JOIN (
        SELECT r0."RoleId", r0."PermissionId", r0."AssignedAt", p."Id", p."Code", p."CreatedAt", p."Description", p."Module"
        FROM role_permissions AS r0
        INNER JOIN "Permissions" AS p ON r0."PermissionId" = p."Id"
    ) AS t1 ON r."Id" = t1."RoleId"
) AS t0 ON t."Id" = t0."UserId"
ORDER BY t."Id", t0."UserId", t0."RoleId", t0."Id", t0."RoleId0", t0."PermissionId"
2026-02-15 16:52:43.476 +00:00 [INF] Obteniendo permisos del usuario '"dfb95df7-afe1-4f69-9ebd-0d2482f09403"'.
2026-02-15 16:52:43.492 +00:00 [INF] Executed DbCommand (8ms) [Parameters=[@__userId_0='?' (DbType = Guid)], CommandType='"Text"', CommandTimeout='30']
SELECT DISTINCT p."Code"
FROM user_roles AS u
INNER JOIN "Roles" AS r ON u."RoleId" = r."Id"
INNER JOIN role_permissions AS r0 ON r."Id" = r0."RoleId"
INNER JOIN "Permissions" AS p ON r0."PermissionId" = p."Id"
WHERE u."UserId" = @__userId_0
2026-02-15 16:52:43.494 +00:00 [INF] Usuario '"dfb95df7-afe1-4f69-9ebd-0d2482f09403"' tiene 0 permisos.
2026-02-15 16:52:43.561 +00:00 [INF] Executed DbCommand (23ms) [Parameters=[@p9='?' (DbType = Guid), @p0='?' (DbType = DateTime), @p1='?', @p2='?', @p3='?' (DbType = Boolean), @p4='?', @p5='?', @p6='?' (DbType = DateTime), @p7='?' (DbType = DateTime), @p8='?'], CommandType='"Text"', CommandTimeout='30']
UPDATE "Users" SET "CreatedAt" = @p0, "Email" = @p1, "FullName" = @p2, "IsActive" = @p3, "PasswordHash" = @p4, "RefreshToken" = @p5, "RefreshTokenExpiryTime" = @p6, "UpdatedAt" = @p7, "Username" = @p8
WHERE "Id" = @p9;
2026-02-15 16:52:43.566 +00:00 [INF] 1 cambios persistidos.
2026-02-15 16:52:43.567 +00:00 [INF] Login exitoso: 'admin', 0 permisos.
2026-02-15 16:52:43.574 +00:00 [INF] Executing OkObjectResult, writing value of type 'QAMS.Application.DTOs.Auth.LoginResponseDto'.
2026-02-15 16:52:43.581 +00:00 [INF] Executed action QAMS.Api.Controllers.AuthController.Login (QAMS.Api) in 1503.1757ms
2026-02-15 16:52:43.583 +00:00 [INF] Executed endpoint 'QAMS.Api.Controllers.AuthController.Login (QAMS.Api)'
2026-02-15 16:52:43.589 +00:00 [INF] Request finished HTTP/1.1 POST http://localhost:5000/api/Auth/login - 200 null application/json; charset=utf-8 1752.0654ms
2026-02-15 19:24:57.321 +00:00 [INF] Request starting HTTP/1.1 GET http://localhost:5000/swagger/index.html - null null
2026-02-15 19:24:57.612 +00:00 [INF] Request finished HTTP/1.1 GET http://localhost:5000/swagger/index.html - 200 null text/html;charset=utf-8 314.1737ms
2026-02-15 19:24:57.908 +00:00 [INF] Request starting HTTP/1.1 GET http://localhost:5000/swagger/v1/swagger.json - null null
2026-02-15 19:24:58.295 +00:00 [INF] Request finished HTTP/1.1 GET http://localhost:5000/swagger/v1/swagger.json - 200 null application/json;charset=utf-8 387.3844ms
2026-02-15 19:25:18.430 +00:00 [INF] Request starting HTTP/1.1 POST http://localhost:5000/api/Auth/login - application/json 52
2026-02-15 19:25:18.450 +00:00 [INF] CORS policy execution failed.
2026-02-15 19:25:18.457 +00:00 [INF] Request origin http://localhost:5000 does not have permission to access the resource.
2026-02-15 19:25:18.479 +00:00 [INF] Executing endpoint 'QAMS.Api.Controllers.AuthController.Login (QAMS.Api)'
2026-02-15 19:25:18.494 +00:00 [INF] Route matched with {action = "Login", controller = "Auth"}. Executing controller action with signature System.Threading.Tasks.Task`1[Microsoft.AspNetCore.Mvc.IActionResult] Login(QAMS.Application.DTOs.Auth.LoginRequestDto) on controller QAMS.Api.Controllers.AuthController (QAMS.Api).
2026-02-15 19:25:18.555 +00:00 [INF] POST /api/auth/login - Usuario: admin
2026-02-15 19:25:18.563 +00:00 [INF] Intento de login: 'admin'.
2026-02-15 19:25:18.787 +00:00 [ERR] Failed executing DbCommand (78ms) [Parameters=[@__username_0='?'], CommandType='"Text"', CommandTimeout='30']
SELECT t."Id", t."CreatedAt", t."Email", t."FullName", t."IsActive", t."PasswordHash", t."RefreshToken", t."RefreshTokenExpiryTime", t."UpdatedAt", t."Username", t0."UserId", t0."RoleId", t0."AssignedAt", t0."Id", t0."CreatedAt", t0."Description", t0."IsActive", t0."Name", t0."RoleId0", t0."PermissionId", t0."AssignedAt0", t0."Id0", t0."Code", t0."CreatedAt0", t0."Description0", t0."Module"
FROM (
    SELECT u."Id", u."CreatedAt", u."Email", u."FullName", u."IsActive", u."PasswordHash", u."RefreshToken", u."RefreshTokenExpiryTime", u."UpdatedAt", u."Username"
    FROM "Users" AS u
    WHERE u."Username" = @__username_0
    LIMIT 1
) AS t
LEFT JOIN (
    SELECT u0."UserId", u0."RoleId", u0."AssignedAt", r."Id", r."CreatedAt", r."Description", r."IsActive", r."Name", t1."RoleId" AS "RoleId0", t1."PermissionId", t1."AssignedAt" AS "AssignedAt0", t1."Id" AS "Id0", t1."Code", t1."CreatedAt" AS "CreatedAt0", t1."Description" AS "Description0", t1."Module"
    FROM user_roles AS u0
    INNER JOIN "Roles" AS r ON u0."RoleId" = r."Id"
    LEFT JOIN (
        SELECT r0."RoleId", r0."PermissionId", r0."AssignedAt", p."Id", p."Code", p."CreatedAt", p."Description", p."Module"
        FROM role_permissions AS r0
        INNER JOIN "Permissions" AS p ON r0."PermissionId" = p."Id"
    ) AS t1 ON r."Id" = t1."RoleId"
) AS t0 ON t."Id" = t0."UserId"
ORDER BY t."Id", t0."UserId", t0."RoleId", t0."Id", t0."RoleId0", t0."PermissionId"
2026-02-15 19:25:18.897 +00:00 [ERR] An exception occurred while iterating over the results of a query for context type 'QAMS.Infrastructure.Persistence.Configurations.QamsDbContext'.
Npgsql.PostgresException (0x80004005): 42P01: relation "Users" does not exist

POSITION: 576
   at Npgsql.Internal.NpgsqlConnector.ReadMessageLong(Boolean async, DataRowLoadingMode dataRowLoadingMode, Boolean readingNotifications, Boolean isReadingPrependedMessage)
   at System.Runtime.CompilerServices.PoolingAsyncValueTaskMethodBuilder`1.StateMachineBox`1.System.Threading.Tasks.Sources.IValueTaskSource<TResult>.GetResult(Int16 token)
   at Npgsql.NpgsqlDataReader.NextResult(Boolean async, Boolean isConsuming, CancellationToken cancellationToken)
   at Npgsql.NpgsqlDataReader.NextResult(Boolean async, Boolean isConsuming, CancellationToken cancellationToken)
   at Npgsql.NpgsqlCommand.ExecuteReader(Boolean async, CommandBehavior behavior, CancellationToken cancellationToken)
   at Npgsql.NpgsqlCommand.ExecuteReader(Boolean async, CommandBehavior behavior, CancellationToken cancellationToken)
   at Npgsql.NpgsqlCommand.ExecuteDbDataReaderAsync(CommandBehavior behavior, CancellationToken cancellationToken)
   at Microsoft.EntityFrameworkCore.Storage.RelationalCommand.ExecuteReaderAsync(RelationalCommandParameterObject parameterObject, CancellationToken cancellationToken)
   at Microsoft.EntityFrameworkCore.Storage.RelationalCommand.ExecuteReaderAsync(RelationalCommandParameterObject parameterObject, CancellationToken cancellationToken)
   at Microsoft.EntityFrameworkCore.Query.Internal.SingleQueryingEnumerable`1.AsyncEnumerator.InitializeReaderAsync(AsyncEnumerator enumerator, CancellationToken cancellationToken)
   at Microsoft.EntityFrameworkCore.Storage.ExecutionStrategy.<>c__DisplayClass30_0`2.<<ExecuteAsync>b__0>d.MoveNext()
--- End of stack trace from previous location ---
   at Microsoft.EntityFrameworkCore.Storage.ExecutionStrategy.ExecuteImplementationAsync[TState,TResult](Func`4 operation, Func`4 verifySucceeded, TState state, CancellationToken cancellationToken)
   at Microsoft.EntityFrameworkCore.Storage.ExecutionStrategy.ExecuteImplementationAsync[TState,TResult](Func`4 operation, Func`4 verifySucceeded, TState state, CancellationToken cancellationToken)
   at Microsoft.EntityFrameworkCore.Storage.ExecutionStrategy.ExecuteAsync[TState,TResult](TState state, Func`4 operation, Func`4 verifySucceeded, CancellationToken cancellationToken)
   at Microsoft.EntityFrameworkCore.Query.Internal.SingleQueryingEnumerable`1.AsyncEnumerator.MoveNextAsync()
  Exception data:
    Severity: ERROR
    SqlState: 42P01
    MessageText: relation "Users" does not exist
    Position: 576
    File: parse_relation.c
    Line: 1449
    Routine: parserOpenTable
Npgsql.PostgresException (0x80004005): 42P01: relation "Users" does not exist

POSITION: 576
   at Npgsql.Internal.NpgsqlConnector.ReadMessageLong(Boolean async, DataRowLoadingMode dataRowLoadingMode, Boolean readingNotifications, Boolean isReadingPrependedMessage)
   at System.Runtime.CompilerServices.PoolingAsyncValueTaskMethodBuilder`1.StateMachineBox`1.System.Threading.Tasks.Sources.IValueTaskSource<TResult>.GetResult(Int16 token)
   at Npgsql.NpgsqlDataReader.NextResult(Boolean async, Boolean isConsuming, CancellationToken cancellationToken)
   at Npgsql.NpgsqlDataReader.NextResult(Boolean async, Boolean isConsuming, CancellationToken cancellationToken)
   at Npgsql.NpgsqlCommand.ExecuteReader(Boolean async, CommandBehavior behavior, CancellationToken cancellationToken)
   at Npgsql.NpgsqlCommand.ExecuteReader(Boolean async, CommandBehavior behavior, CancellationToken cancellationToken)
   at Npgsql.NpgsqlCommand.ExecuteDbDataReaderAsync(CommandBehavior behavior, CancellationToken cancellationToken)
   at Microsoft.EntityFrameworkCore.Storage.RelationalCommand.ExecuteReaderAsync(RelationalCommandParameterObject parameterObject, CancellationToken cancellationToken)
   at Microsoft.EntityFrameworkCore.Storage.RelationalCommand.ExecuteReaderAsync(RelationalCommandParameterObject parameterObject, CancellationToken cancellationToken)
   at Microsoft.EntityFrameworkCore.Query.Internal.SingleQueryingEnumerable`1.AsyncEnumerator.InitializeReaderAsync(AsyncEnumerator enumerator, CancellationToken cancellationToken)
   at Microsoft.EntityFrameworkCore.Storage.ExecutionStrategy.<>c__DisplayClass30_0`2.<<ExecuteAsync>b__0>d.MoveNext()
--- End of stack trace from previous location ---
   at Microsoft.EntityFrameworkCore.Storage.ExecutionStrategy.ExecuteImplementationAsync[TState,TResult](Func`4 operation, Func`4 verifySucceeded, TState state, CancellationToken cancellationToken)
   at Microsoft.EntityFrameworkCore.Storage.ExecutionStrategy.ExecuteImplementationAsync[TState,TResult](Func`4 operation, Func`4 verifySucceeded, TState state, CancellationToken cancellationToken)
   at Microsoft.EntityFrameworkCore.Storage.ExecutionStrategy.ExecuteAsync[TState,TResult](TState state, Func`4 operation, Func`4 verifySucceeded, CancellationToken cancellationToken)
   at Microsoft.EntityFrameworkCore.Query.Internal.SingleQueryingEnumerable`1.AsyncEnumerator.MoveNextAsync()
  Exception data:
    Severity: ERROR
    SqlState: 42P01
    MessageText: relation "Users" does not exist
    Position: 576
    File: parse_relation.c
    Line: 1449
    Routine: parserOpenTable
2026-02-15 19:25:19.308 +00:00 [INF] Executed action QAMS.Api.Controllers.AuthController.Login (QAMS.Api) in 800.8536ms
2026-02-15 19:25:19.314 +00:00 [INF] Executed endpoint 'QAMS.Api.Controllers.AuthController.Login (QAMS.Api)'
2026-02-15 19:25:19.318 +00:00 [ERR] Error interno no controlado.
Npgsql.PostgresException (0x80004005): 42P01: relation "Users" does not exist

POSITION: 576
   at Npgsql.Internal.NpgsqlConnector.ReadMessageLong(Boolean async, DataRowLoadingMode dataRowLoadingMode, Boolean readingNotifications, Boolean isReadingPrependedMessage)
   at System.Runtime.CompilerServices.PoolingAsyncValueTaskMethodBuilder`1.StateMachineBox`1.System.Threading.Tasks.Sources.IValueTaskSource<TResult>.GetResult(Int16 token)
   at Npgsql.NpgsqlDataReader.NextResult(Boolean async, Boolean isConsuming, CancellationToken cancellationToken)
   at Npgsql.NpgsqlDataReader.NextResult(Boolean async, Boolean isConsuming, CancellationToken cancellationToken)
   at Npgsql.NpgsqlCommand.ExecuteReader(Boolean async, CommandBehavior behavior, CancellationToken cancellationToken)
   at Npgsql.NpgsqlCommand.ExecuteReader(Boolean async, CommandBehavior behavior, CancellationToken cancellationToken)
   at Npgsql.NpgsqlCommand.ExecuteDbDataReaderAsync(CommandBehavior behavior, CancellationToken cancellationToken)
   at Microsoft.EntityFrameworkCore.Storage.RelationalCommand.ExecuteReaderAsync(RelationalCommandParameterObject parameterObject, CancellationToken cancellationToken)
   at Microsoft.EntityFrameworkCore.Storage.RelationalCommand.ExecuteReaderAsync(RelationalCommandParameterObject parameterObject, CancellationToken cancellationToken)
   at Microsoft.EntityFrameworkCore.Query.Internal.SingleQueryingEnumerable`1.AsyncEnumerator.InitializeReaderAsync(AsyncEnumerator enumerator, CancellationToken cancellationToken)
   at Microsoft.EntityFrameworkCore.Storage.ExecutionStrategy.<>c__DisplayClass30_0`2.<<ExecuteAsync>b__0>d.MoveNext()
--- End of stack trace from previous location ---
   at Microsoft.EntityFrameworkCore.Storage.ExecutionStrategy.ExecuteImplementationAsync[TState,TResult](Func`4 operation, Func`4 verifySucceeded, TState state, CancellationToken cancellationToken)
   at Microsoft.EntityFrameworkCore.Storage.ExecutionStrategy.ExecuteImplementationAsync[TState,TResult](Func`4 operation, Func`4 verifySucceeded, TState state, CancellationToken cancellationToken)
   at Microsoft.EntityFrameworkCore.Storage.ExecutionStrategy.ExecuteAsync[TState,TResult](TState state, Func`4 operation, Func`4 verifySucceeded, CancellationToken cancellationToken)
   at Microsoft.EntityFrameworkCore.Query.Internal.SingleQueryingEnumerable`1.AsyncEnumerator.MoveNextAsync()
   at Microsoft.EntityFrameworkCore.Query.ShapedQueryCompilingExpressionVisitor.SingleOrDefaultAsync[TSource](IAsyncEnumerable`1 asyncEnumerable, CancellationToken cancellationToken)
   at Microsoft.EntityFrameworkCore.Query.ShapedQueryCompilingExpressionVisitor.SingleOrDefaultAsync[TSource](IAsyncEnumerable`1 asyncEnumerable, CancellationToken cancellationToken)
   at QAMS.Infrastructure.Repositories.UserRepository.GetWithRolesAndPermissionsAsync(String username) in /src/src/QAMS.Infrastructure/Repositories/UserRepository.cs:line 202
   at QAMS.Application.Services.AuthService.LoginAsync(LoginRequestDto request) in /src/src/QAMS.Application/Services/AuthService.cs:line 38
   at QAMS.Api.Controllers.AuthController.Login(LoginRequestDto request) in /src/src/QAMS.Api/Controllers/AuthController.cs:line 29
   at Microsoft.AspNetCore.Mvc.Infrastructure.ActionMethodExecutor.TaskOfIActionResultExecutor.Execute(ActionContext actionContext, IActionResultTypeMapper mapper, ObjectMethodExecutor executor, Object controller, Object[] arguments)
   at Microsoft.AspNetCore.Mvc.Infrastructure.ControllerActionInvoker.<InvokeActionMethodAsync>g__Awaited|12_0(ControllerActionInvoker invoker, ValueTask`1 actionResultValueTask)
   at Microsoft.AspNetCore.Mvc.Infrastructure.ControllerActionInvoker.<InvokeNextActionFilterAsync>g__Awaited|10_0(ControllerActionInvoker invoker, Task lastTask, State next, Scope scope, Object state, Boolean isCompleted)
   at Microsoft.AspNetCore.Mvc.Infrastructure.ControllerActionInvoker.Rethrow(ActionExecutedContextSealed context)
   at Microsoft.AspNetCore.Mvc.Infrastructure.ControllerActionInvoker.Next(State& next, Scope& scope, Object& state, Boolean& isCompleted)
   at Microsoft.AspNetCore.Mvc.Infrastructure.ControllerActionInvoker.<InvokeInnerFilterAsync>g__Awaited|13_0(ControllerActionInvoker invoker, Task lastTask, State next, Scope scope, Object state, Boolean isCompleted)
   at Microsoft.AspNetCore.Mvc.Infrastructure.ResourceInvoker.<InvokeFilterPipelineAsync>g__Awaited|20_0(ResourceInvoker invoker, Task lastTask, State next, Scope scope, Object state, Boolean isCompleted)
   at Microsoft.AspNetCore.Mvc.Infrastructure.ResourceInvoker.<InvokeAsync>g__Logged|17_1(ResourceInvoker invoker)
   at Microsoft.AspNetCore.Mvc.Infrastructure.ResourceInvoker.<InvokeAsync>g__Logged|17_1(ResourceInvoker invoker)
   at Microsoft.AspNetCore.Routing.EndpointMiddleware.<Invoke>g__AwaitRequestTask|7_0(Endpoint endpoint, Task requestTask, ILogger logger)
   at Microsoft.AspNetCore.Authorization.AuthorizationMiddleware.Invoke(HttpContext context)
   at Microsoft.AspNetCore.Authentication.AuthenticationMiddleware.Invoke(HttpContext context)
   at Swashbuckle.AspNetCore.SwaggerUI.SwaggerUIMiddleware.Invoke(HttpContext httpContext)
   at Swashbuckle.AspNetCore.Swagger.SwaggerMiddleware.Invoke(HttpContext httpContext, ISwaggerProvider swaggerProvider)
   at QAMS.Api.Middleware.ExceptionHandlingMiddleware.InvokeAsync(HttpContext context) in /src/src/QAMS.Api/Middleware/ExceptionHandlingMiddleware.cs:line 27
  Exception data:
    Severity: ERROR
    SqlState: 42P01
    MessageText: relation "Users" does not exist
    Position: 576
    File: parse_relation.c
    Line: 1449
    Routine: parserOpenTable
2026-02-15 19:25:19.467 +00:00 [INF] Request finished HTTP/1.1 POST http://localhost:5000/api/Auth/login - 500 null application/json 1037.3441ms
2026-02-15 19:28:57.752 +00:00 [INF] Request starting HTTP/1.1 GET http://localhost:5000/swagger/index.html - null null
2026-02-15 19:28:58.024 +00:00 [INF] Request finished HTTP/1.1 GET http://localhost:5000/swagger/index.html - 200 null text/html;charset=utf-8 274.7867ms
2026-02-15 19:28:59.275 +00:00 [INF] Request starting HTTP/1.1 GET http://localhost:5000/swagger/v1/swagger.json - null null
2026-02-15 19:28:59.781 +00:00 [INF] Request finished HTTP/1.1 GET http://localhost:5000/swagger/v1/swagger.json - 200 null application/json;charset=utf-8 505.4028ms
2026-02-15 19:29:19.718 +00:00 [INF] Request starting HTTP/1.1 POST http://localhost:5000/api/Auth/login - application/json 52
2026-02-15 19:29:19.749 +00:00 [INF] CORS policy execution failed.
2026-02-15 19:29:19.754 +00:00 [INF] Request origin http://localhost:5000 does not have permission to access the resource.
2026-02-15 19:29:19.778 +00:00 [INF] Executing endpoint 'QAMS.Api.Controllers.AuthController.Login (QAMS.Api)'
2026-02-15 19:29:19.796 +00:00 [INF] Route matched with {action = "Login", controller = "Auth"}. Executing controller action with signature System.Threading.Tasks.Task`1[Microsoft.AspNetCore.Mvc.IActionResult] Login(QAMS.Application.DTOs.Auth.LoginRequestDto) on controller QAMS.Api.Controllers.AuthController (QAMS.Api).
2026-02-15 19:29:19.887 +00:00 [INF] POST /api/auth/login - Usuario: admin
2026-02-15 19:29:19.888 +00:00 [INF] Intento de login: 'admin'.
2026-02-15 19:29:19.979 +00:00 [ERR] Failed executing DbCommand (46ms) [Parameters=[@__username_0='?'], CommandType='"Text"', CommandTimeout='30']
SELECT t."Id", t."CreatedAt", t."Email", t."FullName", t."IsActive", t."PasswordHash", t."RefreshToken", t."RefreshTokenExpiryTime", t."UpdatedAt", t."Username", t0."UserId", t0."RoleId", t0."AssignedAt", t0."Id", t0."CreatedAt", t0."Description", t0."IsActive", t0."Name", t0."RoleId0", t0."PermissionId", t0."AssignedAt0", t0."Id0", t0."Code", t0."CreatedAt0", t0."Description0", t0."Module"
FROM (
    SELECT u."Id", u."CreatedAt", u."Email", u."FullName", u."IsActive", u."PasswordHash", u."RefreshToken", u."RefreshTokenExpiryTime", u."UpdatedAt", u."Username"
    FROM "Users" AS u
    WHERE u."Username" = @__username_0
    LIMIT 1
) AS t
LEFT JOIN (
    SELECT u0."UserId", u0."RoleId", u0."AssignedAt", r."Id", r."CreatedAt", r."Description", r."IsActive", r."Name", t1."RoleId" AS "RoleId0", t1."PermissionId", t1."AssignedAt" AS "AssignedAt0", t1."Id" AS "Id0", t1."Code", t1."CreatedAt" AS "CreatedAt0", t1."Description" AS "Description0", t1."Module"
    FROM user_roles AS u0
    INNER JOIN "Roles" AS r ON u0."RoleId" = r."Id"
    LEFT JOIN (
        SELECT r0."RoleId", r0."PermissionId", r0."AssignedAt", p."Id", p."Code", p."CreatedAt", p."Description", p."Module"
        FROM role_permissions AS r0
        INNER JOIN "Permissions" AS p ON r0."PermissionId" = p."Id"
    ) AS t1 ON r."Id" = t1."RoleId"
) AS t0 ON t."Id" = t0."UserId"
ORDER BY t."Id", t0."UserId", t0."RoleId", t0."Id", t0."RoleId0", t0."PermissionId"
2026-02-15 19:29:20.020 +00:00 [ERR] An exception occurred while iterating over the results of a query for context type 'QAMS.Infrastructure.Persistence.Configurations.QamsDbContext'.
Npgsql.PostgresException (0x80004005): 42P01: relation "Users" does not exist

POSITION: 576
   at Npgsql.Internal.NpgsqlConnector.ReadMessageLong(Boolean async, DataRowLoadingMode dataRowLoadingMode, Boolean readingNotifications, Boolean isReadingPrependedMessage)
   at System.Runtime.CompilerServices.PoolingAsyncValueTaskMethodBuilder`1.StateMachineBox`1.System.Threading.Tasks.Sources.IValueTaskSource<TResult>.GetResult(Int16 token)
   at Npgsql.NpgsqlDataReader.NextResult(Boolean async, Boolean isConsuming, CancellationToken cancellationToken)
   at Npgsql.NpgsqlDataReader.NextResult(Boolean async, Boolean isConsuming, CancellationToken cancellationToken)
   at Npgsql.NpgsqlCommand.ExecuteReader(Boolean async, CommandBehavior behavior, CancellationToken cancellationToken)
   at Npgsql.NpgsqlCommand.ExecuteReader(Boolean async, CommandBehavior behavior, CancellationToken cancellationToken)
   at Npgsql.NpgsqlCommand.ExecuteDbDataReaderAsync(CommandBehavior behavior, CancellationToken cancellationToken)
   at Microsoft.EntityFrameworkCore.Storage.RelationalCommand.ExecuteReaderAsync(RelationalCommandParameterObject parameterObject, CancellationToken cancellationToken)
   at Microsoft.EntityFrameworkCore.Storage.RelationalCommand.ExecuteReaderAsync(RelationalCommandParameterObject parameterObject, CancellationToken cancellationToken)
   at Microsoft.EntityFrameworkCore.Query.Internal.SingleQueryingEnumerable`1.AsyncEnumerator.InitializeReaderAsync(AsyncEnumerator enumerator, CancellationToken cancellationToken)
   at Microsoft.EntityFrameworkCore.Storage.ExecutionStrategy.<>c__DisplayClass30_0`2.<<ExecuteAsync>b__0>d.MoveNext()
--- End of stack trace from previous location ---
   at Microsoft.EntityFrameworkCore.Storage.ExecutionStrategy.ExecuteImplementationAsync[TState,TResult](Func`4 operation, Func`4 verifySucceeded, TState state, CancellationToken cancellationToken)
   at Microsoft.EntityFrameworkCore.Storage.ExecutionStrategy.ExecuteImplementationAsync[TState,TResult](Func`4 operation, Func`4 verifySucceeded, TState state, CancellationToken cancellationToken)
   at Microsoft.EntityFrameworkCore.Storage.ExecutionStrategy.ExecuteAsync[TState,TResult](TState state, Func`4 operation, Func`4 verifySucceeded, CancellationToken cancellationToken)
   at Microsoft.EntityFrameworkCore.Query.Internal.SingleQueryingEnumerable`1.AsyncEnumerator.MoveNextAsync()
  Exception data:
    Severity: ERROR
    SqlState: 42P01
    MessageText: relation "Users" does not exist
    Position: 576
    File: parse_relation.c
    Line: 1449
    Routine: parserOpenTable
Npgsql.PostgresException (0x80004005): 42P01: relation "Users" does not exist

POSITION: 576
   at Npgsql.Internal.NpgsqlConnector.ReadMessageLong(Boolean async, DataRowLoadingMode dataRowLoadingMode, Boolean readingNotifications, Boolean isReadingPrependedMessage)
   at System.Runtime.CompilerServices.PoolingAsyncValueTaskMethodBuilder`1.StateMachineBox`1.System.Threading.Tasks.Sources.IValueTaskSource<TResult>.GetResult(Int16 token)
   at Npgsql.NpgsqlDataReader.NextResult(Boolean async, Boolean isConsuming, CancellationToken cancellationToken)
   at Npgsql.NpgsqlDataReader.NextResult(Boolean async, Boolean isConsuming, CancellationToken cancellationToken)
   at Npgsql.NpgsqlCommand.ExecuteReader(Boolean async, CommandBehavior behavior, CancellationToken cancellationToken)
   at Npgsql.NpgsqlCommand.ExecuteReader(Boolean async, CommandBehavior behavior, CancellationToken cancellationToken)
   at Npgsql.NpgsqlCommand.ExecuteDbDataReaderAsync(CommandBehavior behavior, CancellationToken cancellationToken)
   at Microsoft.EntityFrameworkCore.Storage.RelationalCommand.ExecuteReaderAsync(RelationalCommandParameterObject parameterObject, CancellationToken cancellationToken)
   at Microsoft.EntityFrameworkCore.Storage.RelationalCommand.ExecuteReaderAsync(RelationalCommandParameterObject parameterObject, CancellationToken cancellationToken)
   at Microsoft.EntityFrameworkCore.Query.Internal.SingleQueryingEnumerable`1.AsyncEnumerator.InitializeReaderAsync(AsyncEnumerator enumerator, CancellationToken cancellationToken)
   at Microsoft.EntityFrameworkCore.Storage.ExecutionStrategy.<>c__DisplayClass30_0`2.<<ExecuteAsync>b__0>d.MoveNext()
--- End of stack trace from previous location ---
   at Microsoft.EntityFrameworkCore.Storage.ExecutionStrategy.ExecuteImplementationAsync[TState,TResult](Func`4 operation, Func`4 verifySucceeded, TState state, CancellationToken cancellationToken)
   at Microsoft.EntityFrameworkCore.Storage.ExecutionStrategy.ExecuteImplementationAsync[TState,TResult](Func`4 operation, Func`4 verifySucceeded, TState state, CancellationToken cancellationToken)
   at Microsoft.EntityFrameworkCore.Storage.ExecutionStrategy.ExecuteAsync[TState,TResult](TState state, Func`4 operation, Func`4 verifySucceeded, CancellationToken cancellationToken)
   at Microsoft.EntityFrameworkCore.Query.Internal.SingleQueryingEnumerable`1.AsyncEnumerator.MoveNextAsync()
  Exception data:
    Severity: ERROR
    SqlState: 42P01
    MessageText: relation "Users" does not exist
    Position: 576
    File: parse_relation.c
    Line: 1449
    Routine: parserOpenTable
2026-02-15 19:29:20.049 +00:00 [INF] Executed action QAMS.Api.Controllers.AuthController.Login (QAMS.Api) in 246.4074ms
2026-02-15 19:29:20.051 +00:00 [INF] Executed endpoint 'QAMS.Api.Controllers.AuthController.Login (QAMS.Api)'
2026-02-15 19:29:20.054 +00:00 [ERR] Error interno no controlado.
Npgsql.PostgresException (0x80004005): 42P01: relation "Users" does not exist

POSITION: 576
   at Npgsql.Internal.NpgsqlConnector.ReadMessageLong(Boolean async, DataRowLoadingMode dataRowLoadingMode, Boolean readingNotifications, Boolean isReadingPrependedMessage)
   at System.Runtime.CompilerServices.PoolingAsyncValueTaskMethodBuilder`1.StateMachineBox`1.System.Threading.Tasks.Sources.IValueTaskSource<TResult>.GetResult(Int16 token)
   at Npgsql.NpgsqlDataReader.NextResult(Boolean async, Boolean isConsuming, CancellationToken cancellationToken)
   at Npgsql.NpgsqlDataReader.NextResult(Boolean async, Boolean isConsuming, CancellationToken cancellationToken)
   at Npgsql.NpgsqlCommand.ExecuteReader(Boolean async, CommandBehavior behavior, CancellationToken cancellationToken)
   at Npgsql.NpgsqlCommand.ExecuteReader(Boolean async, CommandBehavior behavior, CancellationToken cancellationToken)
   at Npgsql.NpgsqlCommand.ExecuteDbDataReaderAsync(CommandBehavior behavior, CancellationToken cancellationToken)
   at Microsoft.EntityFrameworkCore.Storage.RelationalCommand.ExecuteReaderAsync(RelationalCommandParameterObject parameterObject, CancellationToken cancellationToken)
   at Microsoft.EntityFrameworkCore.Storage.RelationalCommand.ExecuteReaderAsync(RelationalCommandParameterObject parameterObject, CancellationToken cancellationToken)
   at Microsoft.EntityFrameworkCore.Query.Internal.SingleQueryingEnumerable`1.AsyncEnumerator.InitializeReaderAsync(AsyncEnumerator enumerator, CancellationToken cancellationToken)
   at Microsoft.EntityFrameworkCore.Storage.ExecutionStrategy.<>c__DisplayClass30_0`2.<<ExecuteAsync>b__0>d.MoveNext()
--- End of stack trace from previous location ---
   at Microsoft.EntityFrameworkCore.Storage.ExecutionStrategy.ExecuteImplementationAsync[TState,TResult](Func`4 operation, Func`4 verifySucceeded, TState state, CancellationToken cancellationToken)
   at Microsoft.EntityFrameworkCore.Storage.ExecutionStrategy.ExecuteImplementationAsync[TState,TResult](Func`4 operation, Func`4 verifySucceeded, TState state, CancellationToken cancellationToken)
   at Microsoft.EntityFrameworkCore.Storage.ExecutionStrategy.ExecuteAsync[TState,TResult](TState state, Func`4 operation, Func`4 verifySucceeded, CancellationToken cancellationToken)
   at Microsoft.EntityFrameworkCore.Query.Internal.SingleQueryingEnumerable`1.AsyncEnumerator.MoveNextAsync()
   at Microsoft.EntityFrameworkCore.Query.ShapedQueryCompilingExpressionVisitor.SingleOrDefaultAsync[TSource](IAsyncEnumerable`1 asyncEnumerable, CancellationToken cancellationToken)
   at Microsoft.EntityFrameworkCore.Query.ShapedQueryCompilingExpressionVisitor.SingleOrDefaultAsync[TSource](IAsyncEnumerable`1 asyncEnumerable, CancellationToken cancellationToken)
   at QAMS.Infrastructure.Repositories.UserRepository.GetWithRolesAndPermissionsAsync(String username) in /src/src/QAMS.Infrastructure/Repositories/UserRepository.cs:line 202
   at QAMS.Application.Services.AuthService.LoginAsync(LoginRequestDto request) in /src/src/QAMS.Application/Services/AuthService.cs:line 38
   at QAMS.Api.Controllers.AuthController.Login(LoginRequestDto request) in /src/src/QAMS.Api/Controllers/AuthController.cs:line 29
   at Microsoft.AspNetCore.Mvc.Infrastructure.ActionMethodExecutor.TaskOfIActionResultExecutor.Execute(ActionContext actionContext, IActionResultTypeMapper mapper, ObjectMethodExecutor executor, Object controller, Object[] arguments)
   at Microsoft.AspNetCore.Mvc.Infrastructure.ControllerActionInvoker.<InvokeActionMethodAsync>g__Awaited|12_0(ControllerActionInvoker invoker, ValueTask`1 actionResultValueTask)
   at Microsoft.AspNetCore.Mvc.Infrastructure.ControllerActionInvoker.<InvokeNextActionFilterAsync>g__Awaited|10_0(ControllerActionInvoker invoker, Task lastTask, State next, Scope scope, Object state, Boolean isCompleted)
   at Microsoft.AspNetCore.Mvc.Infrastructure.ControllerActionInvoker.Rethrow(ActionExecutedContextSealed context)
   at Microsoft.AspNetCore.Mvc.Infrastructure.ControllerActionInvoker.Next(State& next, Scope& scope, Object& state, Boolean& isCompleted)
   at Microsoft.AspNetCore.Mvc.Infrastructure.ControllerActionInvoker.<InvokeInnerFilterAsync>g__Awaited|13_0(ControllerActionInvoker invoker, Task lastTask, State next, Scope scope, Object state, Boolean isCompleted)
   at Microsoft.AspNetCore.Mvc.Infrastructure.ResourceInvoker.<InvokeFilterPipelineAsync>g__Awaited|20_0(ResourceInvoker invoker, Task lastTask, State next, Scope scope, Object state, Boolean isCompleted)
   at Microsoft.AspNetCore.Mvc.Infrastructure.ResourceInvoker.<InvokeAsync>g__Logged|17_1(ResourceInvoker invoker)
   at Microsoft.AspNetCore.Mvc.Infrastructure.ResourceInvoker.<InvokeAsync>g__Logged|17_1(ResourceInvoker invoker)
   at Microsoft.AspNetCore.Routing.EndpointMiddleware.<Invoke>g__AwaitRequestTask|7_0(Endpoint endpoint, Task requestTask, ILogger logger)
   at Microsoft.AspNetCore.Authorization.AuthorizationMiddleware.Invoke(HttpContext context)
   at Microsoft.AspNetCore.Authentication.AuthenticationMiddleware.Invoke(HttpContext context)
   at Swashbuckle.AspNetCore.SwaggerUI.SwaggerUIMiddleware.Invoke(HttpContext httpContext)
   at Swashbuckle.AspNetCore.Swagger.SwaggerMiddleware.Invoke(HttpContext httpContext, ISwaggerProvider swaggerProvider)
   at QAMS.Api.Middleware.ExceptionHandlingMiddleware.InvokeAsync(HttpContext context) in /src/src/QAMS.Api/Middleware/ExceptionHandlingMiddleware.cs:line 27
  Exception data:
    Severity: ERROR
    SqlState: 42P01
    MessageText: relation "Users" does not exist
    Position: 576
    File: parse_relation.c
    Line: 1449
    Routine: parserOpenTable
2026-02-15 19:29:20.099 +00:00 [INF] Request finished HTTP/1.1 POST http://localhost:5000/api/Auth/login - 500 null application/json 381.5185ms
2026-02-15 19:42:59.033 +00:00 [INF] Application is shutting down...
2026-02-15 19:43:21.497 +00:00 [WRN] Migrations failed, attempting EnsureCreated().
System.InvalidOperationException: The seed entity for entity type 'EvidenceType' cannot be added because another seed entity with the same key value for {'Id'} has already been added. Consider using 'DbContextOptionsBuilder.EnableSensitiveDataLogging' to see the conflicting key values.
   at Microsoft.EntityFrameworkCore.Infrastructure.ModelValidator.ValidateData(IModel model, IDiagnosticsLogger`1 logger)
   at Microsoft.EntityFrameworkCore.Infrastructure.RelationalModelValidator.ValidateData(IModel model, IDiagnosticsLogger`1 logger)
   at Microsoft.EntityFrameworkCore.Infrastructure.ModelValidator.Validate(IModel model, IDiagnosticsLogger`1 logger)
   at Microsoft.EntityFrameworkCore.Infrastructure.RelationalModelValidator.Validate(IModel model, IDiagnosticsLogger`1 logger)
   at Npgsql.EntityFrameworkCore.PostgreSQL.Infrastructure.Internal.NpgsqlModelValidator.Validate(IModel model, IDiagnosticsLogger`1 logger)
   at Microsoft.EntityFrameworkCore.Infrastructure.ModelRuntimeInitializer.Initialize(IModel model, Boolean designTime, IDiagnosticsLogger`1 validationLogger)
   at Microsoft.EntityFrameworkCore.Infrastructure.ModelSource.GetModel(DbContext context, ModelCreationDependencies modelCreationDependencies, Boolean designTime)
   at Microsoft.EntityFrameworkCore.Internal.DbContextServices.CreateModel(Boolean designTime)
   at Microsoft.EntityFrameworkCore.Internal.DbContextServices.get_Model()
   at Microsoft.EntityFrameworkCore.Infrastructure.EntityFrameworkServicesBuilder.<>c.<TryAddCoreServices>b__8_4(IServiceProvider p)
   at Microsoft.Extensions.DependencyInjection.ServiceLookup.CallSiteVisitor`2.VisitCallSiteMain(ServiceCallSite callSite, TArgument argument)
   at Microsoft.Extensions.DependencyInjection.ServiceLookup.CallSiteRuntimeResolver.VisitCache(ServiceCallSite callSite, RuntimeResolverContext context, ServiceProviderEngineScope serviceProviderEngine, RuntimeResolverLock lockType)
   at Microsoft.Extensions.DependencyInjection.ServiceLookup.CallSiteRuntimeResolver.VisitScopeCache(ServiceCallSite callSite, RuntimeResolverContext context)
   at Microsoft.Extensions.DependencyInjection.ServiceLookup.CallSiteVisitor`2.VisitCallSite(ServiceCallSite callSite, TArgument argument)
   at Microsoft.Extensions.DependencyInjection.ServiceLookup.CallSiteRuntimeResolver.VisitConstructor(ConstructorCallSite constructorCallSite, RuntimeResolverContext context)
   at Microsoft.Extensions.DependencyInjection.ServiceLookup.CallSiteVisitor`2.VisitCallSiteMain(ServiceCallSite callSite, TArgument argument)
   at Microsoft.Extensions.DependencyInjection.ServiceLookup.CallSiteRuntimeResolver.VisitCache(ServiceCallSite callSite, RuntimeResolverContext context, ServiceProviderEngineScope serviceProviderEngine, RuntimeResolverLock lockType)
   at Microsoft.Extensions.DependencyInjection.ServiceLookup.CallSiteRuntimeResolver.VisitScopeCache(ServiceCallSite callSite, RuntimeResolverContext context)
   at Microsoft.Extensions.DependencyInjection.ServiceLookup.CallSiteVisitor`2.VisitCallSite(ServiceCallSite callSite, TArgument argument)
   at Microsoft.Extensions.DependencyInjection.ServiceLookup.CallSiteRuntimeResolver.VisitConstructor(ConstructorCallSite constructorCallSite, RuntimeResolverContext context)
   at Microsoft.Extensions.DependencyInjection.ServiceLookup.CallSiteVisitor`2.VisitCallSiteMain(ServiceCallSite callSite, TArgument argument)
   at Microsoft.Extensions.DependencyInjection.ServiceLookup.CallSiteRuntimeResolver.VisitCache(ServiceCallSite callSite, RuntimeResolverContext context, ServiceProviderEngineScope serviceProviderEngine, RuntimeResolverLock lockType)
   at Microsoft.Extensions.DependencyInjection.ServiceLookup.CallSiteRuntimeResolver.VisitScopeCache(ServiceCallSite callSite, RuntimeResolverContext context)
   at Microsoft.Extensions.DependencyInjection.ServiceLookup.CallSiteVisitor`2.VisitCallSite(ServiceCallSite callSite, TArgument argument)
   at Microsoft.Extensions.DependencyInjection.ServiceLookup.CallSiteRuntimeResolver.VisitConstructor(ConstructorCallSite constructorCallSite, RuntimeResolverContext context)
   at Microsoft.Extensions.DependencyInjection.ServiceLookup.CallSiteVisitor`2.VisitCallSiteMain(ServiceCallSite callSite, TArgument argument)
   at Microsoft.Extensions.DependencyInjection.ServiceLookup.CallSiteRuntimeResolver.VisitCache(ServiceCallSite callSite, RuntimeResolverContext context, ServiceProviderEngineScope serviceProviderEngine, RuntimeResolverLock lockType)
   at Microsoft.Extensions.DependencyInjection.ServiceLookup.CallSiteRuntimeResolver.VisitScopeCache(ServiceCallSite callSite, RuntimeResolverContext context)
   at Microsoft.Extensions.DependencyInjection.ServiceLookup.CallSiteVisitor`2.VisitCallSite(ServiceCallSite callSite, TArgument argument)
   at Microsoft.Extensions.DependencyInjection.ServiceLookup.CallSiteRuntimeResolver.VisitConstructor(ConstructorCallSite constructorCallSite, RuntimeResolverContext context)
   at Microsoft.Extensions.DependencyInjection.ServiceLookup.CallSiteVisitor`2.VisitCallSiteMain(ServiceCallSite callSite, TArgument argument)
   at Microsoft.Extensions.DependencyInjection.ServiceLookup.CallSiteRuntimeResolver.VisitCache(ServiceCallSite callSite, RuntimeResolverContext context, ServiceProviderEngineScope serviceProviderEngine, RuntimeResolverLock lockType)
   at Microsoft.Extensions.DependencyInjection.ServiceLookup.CallSiteRuntimeResolver.VisitScopeCache(ServiceCallSite callSite, RuntimeResolverContext context)
   at Microsoft.Extensions.DependencyInjection.ServiceLookup.CallSiteVisitor`2.VisitCallSite(ServiceCallSite callSite, TArgument argument)
   at Microsoft.Extensions.DependencyInjection.ServiceLookup.CallSiteRuntimeResolver.VisitConstructor(ConstructorCallSite constructorCallSite, RuntimeResolverContext context)
   at Microsoft.Extensions.DependencyInjection.ServiceLookup.CallSiteVisitor`2.VisitCallSiteMain(ServiceCallSite callSite, TArgument argument)
   at Microsoft.Extensions.DependencyInjection.ServiceLookup.CallSiteRuntimeResolver.VisitCache(ServiceCallSite callSite, RuntimeResolverContext context, ServiceProviderEngineScope serviceProviderEngine, RuntimeResolverLock lockType)
   at Microsoft.Extensions.DependencyInjection.ServiceLookup.CallSiteRuntimeResolver.VisitScopeCache(ServiceCallSite callSite, RuntimeResolverContext context)
   at Microsoft.Extensions.DependencyInjection.ServiceLookup.CallSiteVisitor`2.VisitCallSite(ServiceCallSite callSite, TArgument argument)
   at Microsoft.Extensions.DependencyInjection.ServiceLookup.CallSiteRuntimeResolver.Resolve(ServiceCallSite callSite, ServiceProviderEngineScope scope)
   at Microsoft.Extensions.DependencyInjection.ServiceLookup.DynamicServiceProviderEngine.<>c__DisplayClass2_0.<RealizeService>b__0(ServiceProviderEngineScope scope)
   at Microsoft.Extensions.DependencyInjection.ServiceProvider.GetService(ServiceIdentifier serviceIdentifier, ServiceProviderEngineScope serviceProviderEngineScope)
   at Microsoft.Extensions.DependencyInjection.ServiceLookup.ServiceProviderEngineScope.GetService(Type serviceType)
   at Microsoft.Extensions.DependencyInjection.ServiceProviderServiceExtensions.GetRequiredService(IServiceProvider provider, Type serviceType)
   at Microsoft.Extensions.DependencyInjection.ServiceProviderServiceExtensions.GetRequiredService[T](IServiceProvider provider)
   at Microsoft.EntityFrameworkCore.DbContext.get_DbContextDependencies()
   at Microsoft.EntityFrameworkCore.DbContext.get_ContextServices()
   at Microsoft.EntityFrameworkCore.DbContext.get_InternalServiceProvider()
   at Microsoft.EntityFrameworkCore.DbContext.Microsoft.EntityFrameworkCore.Infrastructure.IInfrastructure<System.IServiceProvider>.get_Instance()
   at Microsoft.EntityFrameworkCore.Infrastructure.DatabaseFacade.Microsoft.EntityFrameworkCore.Infrastructure.IInfrastructure<System.IServiceProvider>.get_Instance()
   at Microsoft.EntityFrameworkCore.RelationalDatabaseFacadeExtensions.GetRelationalService[TService](IInfrastructure`1 databaseFacade)
   at Microsoft.EntityFrameworkCore.RelationalDatabaseFacadeExtensions.Migrate(DatabaseFacade databaseFacade)
   at Program.<Main>$(String[] args) in /src/src/QAMS.Api/Program.cs:line 153
2026-02-15 19:43:21.850 +00:00 [ERR] EnsureCreated also failed.
System.InvalidOperationException: The seed entity for entity type 'EvidenceType' cannot be added because another seed entity with the same key value for {'Id'} has already been added. Consider using 'DbContextOptionsBuilder.EnableSensitiveDataLogging' to see the conflicting key values.
   at Microsoft.EntityFrameworkCore.Infrastructure.ModelValidator.ValidateData(IModel model, IDiagnosticsLogger`1 logger)
   at Microsoft.EntityFrameworkCore.Infrastructure.RelationalModelValidator.ValidateData(IModel model, IDiagnosticsLogger`1 logger)
   at Microsoft.EntityFrameworkCore.Infrastructure.ModelValidator.Validate(IModel model, IDiagnosticsLogger`1 logger)
   at Microsoft.EntityFrameworkCore.Infrastructure.RelationalModelValidator.Validate(IModel model, IDiagnosticsLogger`1 logger)
   at Npgsql.EntityFrameworkCore.PostgreSQL.Infrastructure.Internal.NpgsqlModelValidator.Validate(IModel model, IDiagnosticsLogger`1 logger)
   at Microsoft.EntityFrameworkCore.Infrastructure.ModelRuntimeInitializer.Initialize(IModel model, Boolean designTime, IDiagnosticsLogger`1 validationLogger)
   at Microsoft.EntityFrameworkCore.Infrastructure.ModelSource.GetModel(DbContext context, ModelCreationDependencies modelCreationDependencies, Boolean designTime)
   at Microsoft.EntityFrameworkCore.Internal.DbContextServices.CreateModel(Boolean designTime)
   at Microsoft.EntityFrameworkCore.Internal.DbContextServices.get_Model()
   at Microsoft.EntityFrameworkCore.Infrastructure.EntityFrameworkServicesBuilder.<>c.<TryAddCoreServices>b__8_4(IServiceProvider p)
   at Microsoft.Extensions.DependencyInjection.ServiceLookup.CallSiteVisitor`2.VisitCallSiteMain(ServiceCallSite callSite, TArgument argument)
   at Microsoft.Extensions.DependencyInjection.ServiceLookup.CallSiteRuntimeResolver.VisitCache(ServiceCallSite callSite, RuntimeResolverContext context, ServiceProviderEngineScope serviceProviderEngine, RuntimeResolverLock lockType)
   at Microsoft.Extensions.DependencyInjection.ServiceLookup.CallSiteRuntimeResolver.VisitScopeCache(ServiceCallSite callSite, RuntimeResolverContext context)
   at Microsoft.Extensions.DependencyInjection.ServiceLookup.CallSiteVisitor`2.VisitCallSite(ServiceCallSite callSite, TArgument argument)
   at Microsoft.Extensions.DependencyInjection.ServiceLookup.CallSiteRuntimeResolver.VisitConstructor(ConstructorCallSite constructorCallSite, RuntimeResolverContext context)
   at Microsoft.Extensions.DependencyInjection.ServiceLookup.CallSiteVisitor`2.VisitCallSiteMain(ServiceCallSite callSite, TArgument argument)
   at Microsoft.Extensions.DependencyInjection.ServiceLookup.CallSiteRuntimeResolver.VisitCache(ServiceCallSite callSite, RuntimeResolverContext context, ServiceProviderEngineScope serviceProviderEngine, RuntimeResolverLock lockType)
   at Microsoft.Extensions.DependencyInjection.ServiceLookup.CallSiteRuntimeResolver.VisitScopeCache(ServiceCallSite callSite, RuntimeResolverContext context)
   at Microsoft.Extensions.DependencyInjection.ServiceLookup.CallSiteVisitor`2.VisitCallSite(ServiceCallSite callSite, TArgument argument)
   at Microsoft.Extensions.DependencyInjection.ServiceLookup.CallSiteRuntimeResolver.VisitConstructor(ConstructorCallSite constructorCallSite, RuntimeResolverContext context)
   at Microsoft.Extensions.DependencyInjection.ServiceLookup.CallSiteVisitor`2.VisitCallSiteMain(ServiceCallSite callSite, TArgument argument)
   at Microsoft.Extensions.DependencyInjection.ServiceLookup.CallSiteRuntimeResolver.VisitCache(ServiceCallSite callSite, RuntimeResolverContext context, ServiceProviderEngineScope serviceProviderEngine, RuntimeResolverLock lockType)
   at Microsoft.Extensions.DependencyInjection.ServiceLookup.CallSiteRuntimeResolver.VisitScopeCache(ServiceCallSite callSite, RuntimeResolverContext context)
   at Microsoft.Extensions.DependencyInjection.ServiceLookup.CallSiteVisitor`2.VisitCallSite(ServiceCallSite callSite, TArgument argument)
   at Microsoft.Extensions.DependencyInjection.ServiceLookup.CallSiteRuntimeResolver.VisitConstructor(ConstructorCallSite constructorCallSite, RuntimeResolverContext context)
   at Microsoft.Extensions.DependencyInjection.ServiceLookup.CallSiteVisitor`2.VisitCallSiteMain(ServiceCallSite callSite, TArgument argument)
   at Microsoft.Extensions.DependencyInjection.ServiceLookup.CallSiteRuntimeResolver.VisitCache(ServiceCallSite callSite, RuntimeResolverContext context, ServiceProviderEngineScope serviceProviderEngine, RuntimeResolverLock lockType)
   at Microsoft.Extensions.DependencyInjection.ServiceLookup.CallSiteRuntimeResolver.VisitScopeCache(ServiceCallSite callSite, RuntimeResolverContext context)
   at Microsoft.Extensions.DependencyInjection.ServiceLookup.CallSiteVisitor`2.VisitCallSite(ServiceCallSite callSite, TArgument argument)
   at Microsoft.Extensions.DependencyInjection.ServiceLookup.CallSiteRuntimeResolver.VisitConstructor(ConstructorCallSite constructorCallSite, RuntimeResolverContext context)
   at Microsoft.Extensions.DependencyInjection.ServiceLookup.CallSiteVisitor`2.VisitCallSiteMain(ServiceCallSite callSite, TArgument argument)
   at Microsoft.Extensions.DependencyInjection.ServiceLookup.CallSiteRuntimeResolver.VisitCache(ServiceCallSite callSite, RuntimeResolverContext context, ServiceProviderEngineScope serviceProviderEngine, RuntimeResolverLock lockType)
   at Microsoft.Extensions.DependencyInjection.ServiceLookup.CallSiteRuntimeResolver.VisitScopeCache(ServiceCallSite callSite, RuntimeResolverContext context)
   at Microsoft.Extensions.DependencyInjection.ServiceLookup.CallSiteVisitor`2.VisitCallSite(ServiceCallSite callSite, TArgument argument)
   at Microsoft.Extensions.DependencyInjection.ServiceLookup.CallSiteRuntimeResolver.VisitConstructor(ConstructorCallSite constructorCallSite, RuntimeResolverContext context)
   at Microsoft.Extensions.DependencyInjection.ServiceLookup.CallSiteVisitor`2.VisitCallSiteMain(ServiceCallSite callSite, TArgument argument)
   at Microsoft.Extensions.DependencyInjection.ServiceLookup.CallSiteRuntimeResolver.VisitCache(ServiceCallSite callSite, RuntimeResolverContext context, ServiceProviderEngineScope serviceProviderEngine, RuntimeResolverLock lockType)
   at Microsoft.Extensions.DependencyInjection.ServiceLookup.CallSiteRuntimeResolver.VisitScopeCache(ServiceCallSite callSite, RuntimeResolverContext context)
   at Microsoft.Extensions.DependencyInjection.ServiceLookup.CallSiteVisitor`2.VisitCallSite(ServiceCallSite callSite, TArgument argument)
   at Microsoft.Extensions.DependencyInjection.ServiceLookup.CallSiteRuntimeResolver.Resolve(ServiceCallSite callSite, ServiceProviderEngineScope scope)
   at Microsoft.Extensions.DependencyInjection.ServiceLookup.DynamicServiceProviderEngine.<>c__DisplayClass2_0.<RealizeService>b__0(ServiceProviderEngineScope scope)
   at Microsoft.Extensions.DependencyInjection.ServiceProvider.GetService(ServiceIdentifier serviceIdentifier, ServiceProviderEngineScope serviceProviderEngineScope)
   at Microsoft.Extensions.DependencyInjection.ServiceLookup.ServiceProviderEngineScope.GetService(Type serviceType)
   at Microsoft.Extensions.DependencyInjection.ServiceProviderServiceExtensions.GetRequiredService(IServiceProvider provider, Type serviceType)
   at Microsoft.Extensions.DependencyInjection.ServiceProviderServiceExtensions.GetRequiredService[T](IServiceProvider provider)
   at Microsoft.EntityFrameworkCore.Infrastructure.EntityFrameworkRelationalServicesBuilder.<>c.<TryAddCoreServices>b__3_3(IServiceProvider p)
   at Microsoft.Extensions.DependencyInjection.ServiceLookup.CallSiteVisitor`2.VisitCallSiteMain(ServiceCallSite callSite, TArgument argument)
   at Microsoft.Extensions.DependencyInjection.ServiceLookup.CallSiteRuntimeResolver.VisitCache(ServiceCallSite callSite, RuntimeResolverContext context, ServiceProviderEngineScope serviceProviderEngine, RuntimeResolverLock lockType)
   at Microsoft.Extensions.DependencyInjection.ServiceLookup.CallSiteRuntimeResolver.VisitScopeCache(ServiceCallSite callSite, RuntimeResolverContext context)
   at Microsoft.Extensions.DependencyInjection.ServiceLookup.CallSiteVisitor`2.VisitCallSite(ServiceCallSite callSite, TArgument argument)
   at Microsoft.Extensions.DependencyInjection.ServiceLookup.CallSiteRuntimeResolver.Resolve(ServiceCallSite callSite, ServiceProviderEngineScope scope)
   at Microsoft.Extensions.DependencyInjection.ServiceLookup.DynamicServiceProviderEngine.<>c__DisplayClass2_0.<RealizeService>b__0(ServiceProviderEngineScope scope)
   at Microsoft.Extensions.DependencyInjection.ServiceProvider.GetService(ServiceIdentifier serviceIdentifier, ServiceProviderEngineScope serviceProviderEngineScope)
   at Microsoft.Extensions.DependencyInjection.ServiceLookup.ServiceProviderEngineScope.GetService(Type serviceType)
   at Microsoft.EntityFrameworkCore.Infrastructure.Internal.InfrastructureExtensions.GetService(IInfrastructure`1 accessor, Type serviceType)
   at Microsoft.EntityFrameworkCore.Infrastructure.Internal.InfrastructureExtensions.GetService[TService](IInfrastructure`1 accessor)
   at Microsoft.EntityFrameworkCore.Infrastructure.AccessorExtensions.GetService[TService](IInfrastructure`1 accessor)
   at Microsoft.EntityFrameworkCore.Infrastructure.DatabaseFacade.get_Dependencies()
   at Microsoft.EntityFrameworkCore.Infrastructure.DatabaseFacade.EnsureCreated()
   at Program.<Main>$(String[] args) in /src/src/QAMS.Api/Program.cs:line 169
2026-02-15 19:43:21.855 +00:00 [ERR] Error applying migrations. Continuing without DB initialization.
System.InvalidOperationException: The seed entity for entity type 'EvidenceType' cannot be added because another seed entity with the same key value for {'Id'} has already been added. Consider using 'DbContextOptionsBuilder.EnableSensitiveDataLogging' to see the conflicting key values.
   at Microsoft.EntityFrameworkCore.Infrastructure.ModelValidator.ValidateData(IModel model, IDiagnosticsLogger`1 logger)
   at Microsoft.EntityFrameworkCore.Infrastructure.RelationalModelValidator.ValidateData(IModel model, IDiagnosticsLogger`1 logger)
   at Microsoft.EntityFrameworkCore.Infrastructure.ModelValidator.Validate(IModel model, IDiagnosticsLogger`1 logger)
   at Microsoft.EntityFrameworkCore.Infrastructure.RelationalModelValidator.Validate(IModel model, IDiagnosticsLogger`1 logger)
   at Npgsql.EntityFrameworkCore.PostgreSQL.Infrastructure.Internal.NpgsqlModelValidator.Validate(IModel model, IDiagnosticsLogger`1 logger)
   at Microsoft.EntityFrameworkCore.Infrastructure.ModelRuntimeInitializer.Initialize(IModel model, Boolean designTime, IDiagnosticsLogger`1 validationLogger)
   at Microsoft.EntityFrameworkCore.Infrastructure.ModelSource.GetModel(DbContext context, ModelCreationDependencies modelCreationDependencies, Boolean designTime)
   at Microsoft.EntityFrameworkCore.Internal.DbContextServices.CreateModel(Boolean designTime)
   at Microsoft.EntityFrameworkCore.Internal.DbContextServices.get_Model()
   at Microsoft.EntityFrameworkCore.Infrastructure.EntityFrameworkServicesBuilder.<>c.<TryAddCoreServices>b__8_4(IServiceProvider p)
   at Microsoft.Extensions.DependencyInjection.ServiceLookup.CallSiteVisitor`2.VisitCallSiteMain(ServiceCallSite callSite, TArgument argument)
   at Microsoft.Extensions.DependencyInjection.ServiceLookup.CallSiteRuntimeResolver.VisitCache(ServiceCallSite callSite, RuntimeResolverContext context, ServiceProviderEngineScope serviceProviderEngine, RuntimeResolverLock lockType)
   at Microsoft.Extensions.DependencyInjection.ServiceLookup.CallSiteRuntimeResolver.VisitScopeCache(ServiceCallSite callSite, RuntimeResolverContext context)
   at Microsoft.Extensions.DependencyInjection.ServiceLookup.CallSiteVisitor`2.VisitCallSite(ServiceCallSite callSite, TArgument argument)
   at Microsoft.Extensions.DependencyInjection.ServiceLookup.CallSiteRuntimeResolver.VisitConstructor(ConstructorCallSite constructorCallSite, RuntimeResolverContext context)
   at Microsoft.Extensions.DependencyInjection.ServiceLookup.CallSiteVisitor`2.VisitCallSiteMain(ServiceCallSite callSite, TArgument argument)
   at Microsoft.Extensions.DependencyInjection.ServiceLookup.CallSiteRuntimeResolver.VisitCache(ServiceCallSite callSite, RuntimeResolverContext context, ServiceProviderEngineScope serviceProviderEngine, RuntimeResolverLock lockType)
   at Microsoft.Extensions.DependencyInjection.ServiceLookup.CallSiteRuntimeResolver.VisitScopeCache(ServiceCallSite callSite, RuntimeResolverContext context)
   at Microsoft.Extensions.DependencyInjection.ServiceLookup.CallSiteVisitor`2.VisitCallSite(ServiceCallSite callSite, TArgument argument)
   at Microsoft.Extensions.DependencyInjection.ServiceLookup.CallSiteRuntimeResolver.VisitConstructor(ConstructorCallSite constructorCallSite, RuntimeResolverContext context)
   at Microsoft.Extensions.DependencyInjection.ServiceLookup.CallSiteVisitor`2.VisitCallSiteMain(ServiceCallSite callSite, TArgument argument)
   at Microsoft.Extensions.DependencyInjection.ServiceLookup.CallSiteRuntimeResolver.VisitCache(ServiceCallSite callSite, RuntimeResolverContext context, ServiceProviderEngineScope serviceProviderEngine, RuntimeResolverLock lockType)
   at Microsoft.Extensions.DependencyInjection.ServiceLookup.CallSiteRuntimeResolver.VisitScopeCache(ServiceCallSite callSite, RuntimeResolverContext context)
   at Microsoft.Extensions.DependencyInjection.ServiceLookup.CallSiteVisitor`2.VisitCallSite(ServiceCallSite callSite, TArgument argument)
   at Microsoft.Extensions.DependencyInjection.ServiceLookup.CallSiteRuntimeResolver.VisitConstructor(ConstructorCallSite constructorCallSite, RuntimeResolverContext context)
   at Microsoft.Extensions.DependencyInjection.ServiceLookup.CallSiteVisitor`2.VisitCallSiteMain(ServiceCallSite callSite, TArgument argument)
   at Microsoft.Extensions.DependencyInjection.ServiceLookup.CallSiteRuntimeResolver.VisitCache(ServiceCallSite callSite, RuntimeResolverContext context, ServiceProviderEngineScope serviceProviderEngine, RuntimeResolverLock lockType)
   at Microsoft.Extensions.DependencyInjection.ServiceLookup.CallSiteRuntimeResolver.VisitScopeCache(ServiceCallSite callSite, RuntimeResolverContext context)
   at Microsoft.Extensions.DependencyInjection.ServiceLookup.CallSiteVisitor`2.VisitCallSite(ServiceCallSite callSite, TArgument argument)
   at Microsoft.Extensions.DependencyInjection.ServiceLookup.CallSiteRuntimeResolver.VisitConstructor(ConstructorCallSite constructorCallSite, RuntimeResolverContext context)
   at Microsoft.Extensions.DependencyInjection.ServiceLookup.CallSiteVisitor`2.VisitCallSiteMain(ServiceCallSite callSite, TArgument argument)
   at Microsoft.Extensions.DependencyInjection.ServiceLookup.CallSiteRuntimeResolver.VisitCache(ServiceCallSite callSite, RuntimeResolverContext context, ServiceProviderEngineScope serviceProviderEngine, RuntimeResolverLock lockType)
   at Microsoft.Extensions.DependencyInjection.ServiceLookup.CallSiteRuntimeResolver.VisitScopeCache(ServiceCallSite callSite, RuntimeResolverContext context)
   at Microsoft.Extensions.DependencyInjection.ServiceLookup.CallSiteVisitor`2.VisitCallSite(ServiceCallSite callSite, TArgument argument)
   at Microsoft.Extensions.DependencyInjection.ServiceLookup.CallSiteRuntimeResolver.VisitConstructor(ConstructorCallSite constructorCallSite, RuntimeResolverContext context)
   at Microsoft.Extensions.DependencyInjection.ServiceLookup.CallSiteVisitor`2.VisitCallSiteMain(ServiceCallSite callSite, TArgument argument)
   at Microsoft.Extensions.DependencyInjection.ServiceLookup.CallSiteRuntimeResolver.VisitCache(ServiceCallSite callSite, RuntimeResolverContext context, ServiceProviderEngineScope serviceProviderEngine, RuntimeResolverLock lockType)
   at Microsoft.Extensions.DependencyInjection.ServiceLookup.CallSiteRuntimeResolver.VisitScopeCache(ServiceCallSite callSite, RuntimeResolverContext context)
   at Microsoft.Extensions.DependencyInjection.ServiceLookup.CallSiteVisitor`2.VisitCallSite(ServiceCallSite callSite, TArgument argument)
   at Microsoft.Extensions.DependencyInjection.ServiceLookup.CallSiteRuntimeResolver.Resolve(ServiceCallSite callSite, ServiceProviderEngineScope scope)
   at Microsoft.Extensions.DependencyInjection.ServiceLookup.DynamicServiceProviderEngine.<>c__DisplayClass2_0.<RealizeService>b__0(ServiceProviderEngineScope scope)
   at Microsoft.Extensions.DependencyInjection.ServiceProvider.GetService(ServiceIdentifier serviceIdentifier, ServiceProviderEngineScope serviceProviderEngineScope)
   at Microsoft.Extensions.DependencyInjection.ServiceLookup.ServiceProviderEngineScope.GetService(Type serviceType)
   at Microsoft.Extensions.DependencyInjection.ServiceProviderServiceExtensions.GetRequiredService(IServiceProvider provider, Type serviceType)
   at Microsoft.Extensions.DependencyInjection.ServiceProviderServiceExtensions.GetRequiredService[T](IServiceProvider provider)
   at Microsoft.EntityFrameworkCore.Infrastructure.EntityFrameworkRelationalServicesBuilder.<>c.<TryAddCoreServices>b__3_3(IServiceProvider p)
   at Microsoft.Extensions.DependencyInjection.ServiceLookup.CallSiteVisitor`2.VisitCallSiteMain(ServiceCallSite callSite, TArgument argument)
   at Microsoft.Extensions.DependencyInjection.ServiceLookup.CallSiteRuntimeResolver.VisitCache(ServiceCallSite callSite, RuntimeResolverContext context, ServiceProviderEngineScope serviceProviderEngine, RuntimeResolverLock lockType)
   at Microsoft.Extensions.DependencyInjection.ServiceLookup.CallSiteRuntimeResolver.VisitScopeCache(ServiceCallSite callSite, RuntimeResolverContext context)
   at Microsoft.Extensions.DependencyInjection.ServiceLookup.CallSiteVisitor`2.VisitCallSite(ServiceCallSite callSite, TArgument argument)
   at Microsoft.Extensions.DependencyInjection.ServiceLookup.CallSiteRuntimeResolver.Resolve(ServiceCallSite callSite, ServiceProviderEngineScope scope)
   at Microsoft.Extensions.DependencyInjection.ServiceLookup.DynamicServiceProviderEngine.<>c__DisplayClass2_0.<RealizeService>b__0(ServiceProviderEngineScope scope)
   at Microsoft.Extensions.DependencyInjection.ServiceProvider.GetService(ServiceIdentifier serviceIdentifier, ServiceProviderEngineScope serviceProviderEngineScope)
   at Microsoft.Extensions.DependencyInjection.ServiceLookup.ServiceProviderEngineScope.GetService(Type serviceType)
   at Microsoft.EntityFrameworkCore.Infrastructure.Internal.InfrastructureExtensions.GetService(IInfrastructure`1 accessor, Type serviceType)
   at Microsoft.EntityFrameworkCore.Infrastructure.Internal.InfrastructureExtensions.GetService[TService](IInfrastructure`1 accessor)
   at Microsoft.EntityFrameworkCore.Infrastructure.AccessorExtensions.GetService[TService](IInfrastructure`1 accessor)
   at Microsoft.EntityFrameworkCore.Infrastructure.DatabaseFacade.get_Dependencies()
   at Microsoft.EntityFrameworkCore.Infrastructure.DatabaseFacade.EnsureCreated()
   at Program.<Main>$(String[] args) in /src/src/QAMS.Api/Program.cs:line 169
2026-02-15 19:43:22.022 +00:00 [INF] QAMS API iniciada en Docker.
2026-02-15 19:43:22.067 +00:00 [WRN] Storing keys in a directory '/root/.aspnet/DataProtection-Keys' that may not be persisted outside of the container. Protected data will be unavailable when container is destroyed. For more information go to https://aka.ms/aspnet/dataprotectionwarning
2026-02-15 19:43:22.078 +00:00 [INF] User profile is available. Using '/root/.aspnet/DataProtection-Keys' as key repository; keys will not be encrypted at rest.
2026-02-15 19:43:22.114 +00:00 [INF] Creating key {35acde19-14a1-4d67-9e99-ee220670c697} with creation date 2026-02-15 19:43:22Z, activation date 2026-02-15 19:43:22Z, and expiration date 2026-05-16 19:43:22Z.
2026-02-15 19:43:22.166 +00:00 [WRN] No XML encryptor configured. Key {35acde19-14a1-4d67-9e99-ee220670c697} may be persisted to storage in unencrypted form.
2026-02-15 19:43:22.173 +00:00 [INF] Writing data to file '/root/.aspnet/DataProtection-Keys/key-35acde19-14a1-4d67-9e99-ee220670c697.xml'.
2026-02-15 19:43:22.201 +00:00 [WRN] Overriding HTTP_PORTS '8080' and HTTPS_PORTS ''. Binding to values defined by URLS instead 'http://+:8080'.
2026-02-15 19:43:22.233 +00:00 [WRN] The WebRootPath was not found: /app/wwwroot. Static files may be unavailable.
2026-02-15 19:43:22.290 +00:00 [INF] Now listening on: http://[::]:8080
2026-02-15 19:43:22.293 +00:00 [INF] Application started. Press Ctrl+C to shut down.
2026-02-15 19:43:22.304 +00:00 [INF] Hosting environment: Docker
2026-02-15 19:43:22.308 +00:00 [INF] Content root path: /app
2026-02-15 19:43:43.269 +00:00 [INF] Request starting HTTP/1.1 POST http://localhost:5000/api/auth/login - application/json 2
2026-02-15 19:43:43.385 +00:00 [INF] Executing endpoint 'QAMS.Api.Controllers.AuthController.Login (QAMS.Api)'
2026-02-15 19:43:43.459 +00:00 [INF] Route matched with {action = "Login", controller = "Auth"}. Executing controller action with signature System.Threading.Tasks.Task`1[Microsoft.AspNetCore.Mvc.IActionResult] Login(QAMS.Application.DTOs.Auth.LoginRequestDto) on controller QAMS.Api.Controllers.AuthController (QAMS.Api).
2026-02-15 19:43:43.687 +00:00 [INF] Executed action QAMS.Api.Controllers.AuthController.Login (QAMS.Api) in 211.5216ms
2026-02-15 19:43:43.722 +00:00 [INF] Executed endpoint 'QAMS.Api.Controllers.AuthController.Login (QAMS.Api)'
2026-02-15 19:43:43.729 +00:00 [ERR] Error interno no controlado.
System.InvalidOperationException: The seed entity for entity type 'EvidenceType' cannot be added because another seed entity with the same key value for {'Id'} has already been added. Consider using 'DbContextOptionsBuilder.EnableSensitiveDataLogging' to see the conflicting key values.
   at Microsoft.EntityFrameworkCore.Infrastructure.ModelValidator.ValidateData(IModel model, IDiagnosticsLogger`1 logger)
   at Microsoft.EntityFrameworkCore.Infrastructure.RelationalModelValidator.ValidateData(IModel model, IDiagnosticsLogger`1 logger)
   at Microsoft.EntityFrameworkCore.Infrastructure.ModelValidator.Validate(IModel model, IDiagnosticsLogger`1 logger)
   at Microsoft.EntityFrameworkCore.Infrastructure.RelationalModelValidator.Validate(IModel model, IDiagnosticsLogger`1 logger)
   at Npgsql.EntityFrameworkCore.PostgreSQL.Infrastructure.Internal.NpgsqlModelValidator.Validate(IModel model, IDiagnosticsLogger`1 logger)
   at Microsoft.EntityFrameworkCore.Infrastructure.ModelRuntimeInitializer.Initialize(IModel model, Boolean designTime, IDiagnosticsLogger`1 validationLogger)
   at Microsoft.EntityFrameworkCore.Infrastructure.ModelSource.GetModel(DbContext context, ModelCreationDependencies modelCreationDependencies, Boolean designTime)
   at Microsoft.EntityFrameworkCore.Internal.DbContextServices.CreateModel(Boolean designTime)
   at Microsoft.EntityFrameworkCore.Internal.DbContextServices.get_Model()
   at Microsoft.EntityFrameworkCore.Infrastructure.EntityFrameworkServicesBuilder.<>c.<TryAddCoreServices>b__8_4(IServiceProvider p)
   at Microsoft.Extensions.DependencyInjection.ServiceLookup.CallSiteVisitor`2.VisitCallSiteMain(ServiceCallSite callSite, TArgument argument)
   at Microsoft.Extensions.DependencyInjection.ServiceLookup.CallSiteRuntimeResolver.VisitCache(ServiceCallSite callSite, RuntimeResolverContext context, ServiceProviderEngineScope serviceProviderEngine, RuntimeResolverLock lockType)
   at Microsoft.Extensions.DependencyInjection.ServiceLookup.CallSiteRuntimeResolver.VisitScopeCache(ServiceCallSite callSite, RuntimeResolverContext context)
   at Microsoft.Extensions.DependencyInjection.ServiceLookup.CallSiteVisitor`2.VisitCallSite(ServiceCallSite callSite, TArgument argument)
   at Microsoft.Extensions.DependencyInjection.ServiceLookup.CallSiteRuntimeResolver.VisitConstructor(ConstructorCallSite constructorCallSite, RuntimeResolverContext context)
   at Microsoft.Extensions.DependencyInjection.ServiceLookup.CallSiteVisitor`2.VisitCallSiteMain(ServiceCallSite callSite, TArgument argument)
   at Microsoft.Extensions.DependencyInjection.ServiceLookup.CallSiteRuntimeResolver.VisitCache(ServiceCallSite callSite, RuntimeResolverContext context, ServiceProviderEngineScope serviceProviderEngine, RuntimeResolverLock lockType)
   at Microsoft.Extensions.DependencyInjection.ServiceLookup.CallSiteRuntimeResolver.VisitScopeCache(ServiceCallSite callSite, RuntimeResolverContext context)
   at Microsoft.Extensions.DependencyInjection.ServiceLookup.CallSiteVisitor`2.VisitCallSite(ServiceCallSite callSite, TArgument argument)
   at Microsoft.Extensions.DependencyInjection.ServiceLookup.CallSiteRuntimeResolver.VisitConstructor(ConstructorCallSite constructorCallSite, RuntimeResolverContext context)
   at Microsoft.Extensions.DependencyInjection.ServiceLookup.CallSiteVisitor`2.VisitCallSiteMain(ServiceCallSite callSite, TArgument argument)
   at Microsoft.Extensions.DependencyInjection.ServiceLookup.CallSiteRuntimeResolver.VisitCache(ServiceCallSite callSite, RuntimeResolverContext context, ServiceProviderEngineScope serviceProviderEngine, RuntimeResolverLock lockType)
   at Microsoft.Extensions.DependencyInjection.ServiceLookup.CallSiteRuntimeResolver.VisitScopeCache(ServiceCallSite callSite, RuntimeResolverContext context)
   at Microsoft.Extensions.DependencyInjection.ServiceLookup.CallSiteVisitor`2.VisitCallSite(ServiceCallSite callSite, TArgument argument)
   at Microsoft.Extensions.DependencyInjection.ServiceLookup.CallSiteRuntimeResolver.VisitConstructor(ConstructorCallSite constructorCallSite, RuntimeResolverContext context)
   at Microsoft.Extensions.DependencyInjection.ServiceLookup.CallSiteVisitor`2.VisitCallSiteMain(ServiceCallSite callSite, TArgument argument)
   at Microsoft.Extensions.DependencyInjection.ServiceLookup.CallSiteRuntimeResolver.VisitCache(ServiceCallSite callSite, RuntimeResolverContext context, ServiceProviderEngineScope serviceProviderEngine, RuntimeResolverLock lockType)
   at Microsoft.Extensions.DependencyInjection.ServiceLookup.CallSiteRuntimeResolver.VisitScopeCache(ServiceCallSite callSite, RuntimeResolverContext context)
   at Microsoft.Extensions.DependencyInjection.ServiceLookup.CallSiteVisitor`2.VisitCallSite(ServiceCallSite callSite, TArgument argument)
   at Microsoft.Extensions.DependencyInjection.ServiceLookup.CallSiteRuntimeResolver.VisitConstructor(ConstructorCallSite constructorCallSite, RuntimeResolverContext context)
   at Microsoft.Extensions.DependencyInjection.ServiceLookup.CallSiteVisitor`2.VisitCallSiteMain(ServiceCallSite callSite, TArgument argument)
   at Microsoft.Extensions.DependencyInjection.ServiceLookup.CallSiteRuntimeResolver.VisitCache(ServiceCallSite callSite, RuntimeResolverContext context, ServiceProviderEngineScope serviceProviderEngine, RuntimeResolverLock lockType)
   at Microsoft.Extensions.DependencyInjection.ServiceLookup.CallSiteRuntimeResolver.VisitScopeCache(ServiceCallSite callSite, RuntimeResolverContext context)
   at Microsoft.Extensions.DependencyInjection.ServiceLookup.CallSiteVisitor`2.VisitCallSite(ServiceCallSite callSite, TArgument argument)
   at Microsoft.Extensions.DependencyInjection.ServiceLookup.CallSiteRuntimeResolver.VisitConstructor(ConstructorCallSite constructorCallSite, RuntimeResolverContext context)
   at Microsoft.Extensions.DependencyInjection.ServiceLookup.CallSiteVisitor`2.VisitCallSiteMain(ServiceCallSite callSite, TArgument argument)
   at Microsoft.Extensions.DependencyInjection.ServiceLookup.CallSiteRuntimeResolver.VisitCache(ServiceCallSite callSite, RuntimeResolverContext context, ServiceProviderEngineScope serviceProviderEngine, RuntimeResolverLock lockType)
   at Microsoft.Extensions.DependencyInjection.ServiceLookup.CallSiteRuntimeResolver.VisitScopeCache(ServiceCallSite callSite, RuntimeResolverContext context)
   at Microsoft.Extensions.DependencyInjection.ServiceLookup.CallSiteVisitor`2.VisitCallSite(ServiceCallSite callSite, TArgument argument)
   at Microsoft.Extensions.DependencyInjection.ServiceLookup.CallSiteRuntimeResolver.Resolve(ServiceCallSite callSite, ServiceProviderEngineScope scope)
   at Microsoft.Extensions.DependencyInjection.ServiceLookup.DynamicServiceProviderEngine.<>c__DisplayClass2_0.<RealizeService>b__0(ServiceProviderEngineScope scope)
   at Microsoft.Extensions.DependencyInjection.ServiceProvider.GetService(ServiceIdentifier serviceIdentifier, ServiceProviderEngineScope serviceProviderEngineScope)
   at Microsoft.Extensions.DependencyInjection.ServiceLookup.ServiceProviderEngineScope.GetService(Type serviceType)
   at Microsoft.Extensions.DependencyInjection.ServiceProviderServiceExtensions.GetRequiredService(IServiceProvider provider, Type serviceType)
   at Microsoft.Extensions.DependencyInjection.ServiceProviderServiceExtensions.GetRequiredService[T](IServiceProvider provider)
   at Microsoft.EntityFrameworkCore.DbContext.get_DbContextDependencies()
   at Microsoft.EntityFrameworkCore.DbContext.get_ContextServices()
   at Microsoft.EntityFrameworkCore.DbContext.get_InternalServiceProvider()
   at Microsoft.EntityFrameworkCore.DbContext.get_DbContextDependencies()
   at Microsoft.EntityFrameworkCore.DbContext.Set[TEntity]()
   at QAMS.Infrastructure.Repositories.GenericRepository`1..ctor(QamsDbContext context) in /src/src/QAMS.Infrastructure/Repositories/GenericRepository.cs:line 18
   at QAMS.Infrastructure.Repositories.UserRepository..ctor(QamsDbContext context) in /src/src/QAMS.Infrastructure/Repositories/UserRepository.cs:line 52
   at System.RuntimeMethodHandle.InvokeMethod(Object target, Void** arguments, Signature sig, Boolean isConstructor)
   at System.Reflection.MethodBaseInvoker.InvokeDirectByRefWithFewArgs(Object obj, Span`1 copyOfArgs, BindingFlags invokeAttr)
   at System.Reflection.MethodBaseInvoker.InvokeWithOneArg(Object obj, BindingFlags invokeAttr, Binder binder, Object[] parameters, CultureInfo culture)
   at System.Reflection.RuntimeConstructorInfo.Invoke(BindingFlags invokeAttr, Binder binder, Object[] parameters, CultureInfo culture)
   at Microsoft.Extensions.DependencyInjection.ServiceLookup.CallSiteVisitor`2.VisitCallSiteMain(ServiceCallSite callSite, TArgument argument)
   at Microsoft.Extensions.DependencyInjection.ServiceLookup.CallSiteRuntimeResolver.VisitCache(ServiceCallSite callSite, RuntimeResolverContext context, ServiceProviderEngineScope serviceProviderEngine, RuntimeResolverLock lockType)
   at Microsoft.Extensions.DependencyInjection.ServiceLookup.CallSiteRuntimeResolver.VisitScopeCache(ServiceCallSite callSite, RuntimeResolverContext context)
   at Microsoft.Extensions.DependencyInjection.ServiceLookup.CallSiteVisitor`2.VisitCallSite(ServiceCallSite callSite, TArgument argument)
   at Microsoft.Extensions.DependencyInjection.ServiceLookup.CallSiteRuntimeResolver.VisitConstructor(ConstructorCallSite constructorCallSite, RuntimeResolverContext context)
   at Microsoft.Extensions.DependencyInjection.ServiceLookup.CallSiteVisitor`2.VisitCallSiteMain(ServiceCallSite callSite, TArgument argument)
   at Microsoft.Extensions.DependencyInjection.ServiceLookup.CallSiteRuntimeResolver.VisitCache(ServiceCallSite callSite, RuntimeResolverContext context, ServiceProviderEngineScope serviceProviderEngine, RuntimeResolverLock lockType)
   at Microsoft.Extensions.DependencyInjection.ServiceLookup.CallSiteRuntimeResolver.VisitScopeCache(ServiceCallSite callSite, RuntimeResolverContext context)
   at Microsoft.Extensions.DependencyInjection.ServiceLookup.CallSiteVisitor`2.VisitCallSite(ServiceCallSite callSite, TArgument argument)
   at Microsoft.Extensions.DependencyInjection.ServiceLookup.CallSiteRuntimeResolver.Resolve(ServiceCallSite callSite, ServiceProviderEngineScope scope)
   at Microsoft.Extensions.DependencyInjection.ServiceLookup.DynamicServiceProviderEngine.<>c__DisplayClass2_0.<RealizeService>b__0(ServiceProviderEngineScope scope)
   at Microsoft.Extensions.DependencyInjection.ServiceProvider.GetService(ServiceIdentifier serviceIdentifier, ServiceProviderEngineScope serviceProviderEngineScope)
   at Microsoft.Extensions.DependencyInjection.ServiceLookup.ServiceProviderEngineScope.GetService(Type serviceType)
   at lambda_method34(Closure, IServiceProvider, Object[])
   at Microsoft.AspNetCore.Mvc.Controllers.ControllerFactoryProvider.<>c__DisplayClass6_0.<CreateControllerFactory>g__CreateController|0(ControllerContext controllerContext)
   at Microsoft.AspNetCore.Mvc.Infrastructure.ControllerActionInvoker.Next(State& next, Scope& scope, Object& state, Boolean& isCompleted)
   at Microsoft.AspNetCore.Mvc.Infrastructure.ControllerActionInvoker.InvokeInnerFilterAsync()
--- End of stack trace from previous location ---
   at Microsoft.AspNetCore.Mvc.Infrastructure.ResourceInvoker.<InvokeFilterPipelineAsync>g__Awaited|20_0(ResourceInvoker invoker, Task lastTask, State next, Scope scope, Object state, Boolean isCompleted)
   at Microsoft.AspNetCore.Mvc.Infrastructure.ResourceInvoker.<InvokeAsync>g__Logged|17_1(ResourceInvoker invoker)
   at Microsoft.AspNetCore.Mvc.Infrastructure.ResourceInvoker.<InvokeAsync>g__Logged|17_1(ResourceInvoker invoker)
   at Microsoft.AspNetCore.Routing.EndpointMiddleware.<Invoke>g__AwaitRequestTask|7_0(Endpoint endpoint, Task requestTask, ILogger logger)
   at Microsoft.AspNetCore.Authorization.AuthorizationMiddleware.Invoke(HttpContext context)
   at Microsoft.AspNetCore.Authentication.AuthenticationMiddleware.Invoke(HttpContext context)
   at Swashbuckle.AspNetCore.SwaggerUI.SwaggerUIMiddleware.Invoke(HttpContext httpContext)
   at Swashbuckle.AspNetCore.Swagger.SwaggerMiddleware.Invoke(HttpContext httpContext, ISwaggerProvider swaggerProvider)
   at QAMS.Api.Middleware.ExceptionHandlingMiddleware.InvokeAsync(HttpContext context) in /src/src/QAMS.Api/Middleware/ExceptionHandlingMiddleware.cs:line 27
2026-02-15 19:43:43.840 +00:00 [INF] Request finished HTTP/1.1 POST http://localhost:5000/api/auth/login - 500 null application/json 576.8442ms
2026-02-15 19:47:18.887 +00:00 [INF] Application is shutting down...
2026-02-15 19:47:40.478 +00:00 [WRN] Migrations failed, attempting EnsureCreated().
System.InvalidOperationException: The seed entity for entity type 'EvidenceType' cannot be added because another seed entity with the same key value for {'Id'} has already been added. Consider using 'DbContextOptionsBuilder.EnableSensitiveDataLogging' to see the conflicting key values.
   at Microsoft.EntityFrameworkCore.Infrastructure.ModelValidator.ValidateData(IModel model, IDiagnosticsLogger`1 logger)
   at Microsoft.EntityFrameworkCore.Infrastructure.RelationalModelValidator.ValidateData(IModel model, IDiagnosticsLogger`1 logger)
   at Microsoft.EntityFrameworkCore.Infrastructure.ModelValidator.Validate(IModel model, IDiagnosticsLogger`1 logger)
   at Microsoft.EntityFrameworkCore.Infrastructure.RelationalModelValidator.Validate(IModel model, IDiagnosticsLogger`1 logger)
   at Npgsql.EntityFrameworkCore.PostgreSQL.Infrastructure.Internal.NpgsqlModelValidator.Validate(IModel model, IDiagnosticsLogger`1 logger)
   at Microsoft.EntityFrameworkCore.Infrastructure.ModelRuntimeInitializer.Initialize(IModel model, Boolean designTime, IDiagnosticsLogger`1 validationLogger)
   at Microsoft.EntityFrameworkCore.Infrastructure.ModelSource.GetModel(DbContext context, ModelCreationDependencies modelCreationDependencies, Boolean designTime)
   at Microsoft.EntityFrameworkCore.Internal.DbContextServices.CreateModel(Boolean designTime)
   at Microsoft.EntityFrameworkCore.Internal.DbContextServices.get_Model()
   at Microsoft.EntityFrameworkCore.Infrastructure.EntityFrameworkServicesBuilder.<>c.<TryAddCoreServices>b__8_4(IServiceProvider p)
   at Microsoft.Extensions.DependencyInjection.ServiceLookup.CallSiteVisitor`2.VisitCallSiteMain(ServiceCallSite callSite, TArgument argument)
   at Microsoft.Extensions.DependencyInjection.ServiceLookup.CallSiteRuntimeResolver.VisitCache(ServiceCallSite callSite, RuntimeResolverContext context, ServiceProviderEngineScope serviceProviderEngine, RuntimeResolverLock lockType)
   at Microsoft.Extensions.DependencyInjection.ServiceLookup.CallSiteRuntimeResolver.VisitScopeCache(ServiceCallSite callSite, RuntimeResolverContext context)
   at Microsoft.Extensions.DependencyInjection.ServiceLookup.CallSiteVisitor`2.VisitCallSite(ServiceCallSite callSite, TArgument argument)
   at Microsoft.Extensions.DependencyInjection.ServiceLookup.CallSiteRuntimeResolver.VisitConstructor(ConstructorCallSite constructorCallSite, RuntimeResolverContext context)
   at Microsoft.Extensions.DependencyInjection.ServiceLookup.CallSiteVisitor`2.VisitCallSiteMain(ServiceCallSite callSite, TArgument argument)
   at Microsoft.Extensions.DependencyInjection.ServiceLookup.CallSiteRuntimeResolver.VisitCache(ServiceCallSite callSite, RuntimeResolverContext context, ServiceProviderEngineScope serviceProviderEngine, RuntimeResolverLock lockType)
   at Microsoft.Extensions.DependencyInjection.ServiceLookup.CallSiteRuntimeResolver.VisitScopeCache(ServiceCallSite callSite, RuntimeResolverContext context)
   at Microsoft.Extensions.DependencyInjection.ServiceLookup.CallSiteVisitor`2.VisitCallSite(ServiceCallSite callSite, TArgument argument)
   at Microsoft.Extensions.DependencyInjection.ServiceLookup.CallSiteRuntimeResolver.VisitConstructor(ConstructorCallSite constructorCallSite, RuntimeResolverContext context)
   at Microsoft.Extensions.DependencyInjection.ServiceLookup.CallSiteVisitor`2.VisitCallSiteMain(ServiceCallSite callSite, TArgument argument)
   at Microsoft.Extensions.DependencyInjection.ServiceLookup.CallSiteRuntimeResolver.VisitCache(ServiceCallSite callSite, RuntimeResolverContext context, ServiceProviderEngineScope serviceProviderEngine, RuntimeResolverLock lockType)
   at Microsoft.Extensions.DependencyInjection.ServiceLookup.CallSiteRuntimeResolver.VisitScopeCache(ServiceCallSite callSite, RuntimeResolverContext context)
   at Microsoft.Extensions.DependencyInjection.ServiceLookup.CallSiteVisitor`2.VisitCallSite(ServiceCallSite callSite, TArgument argument)
   at Microsoft.Extensions.DependencyInjection.ServiceLookup.CallSiteRuntimeResolver.VisitConstructor(ConstructorCallSite constructorCallSite, RuntimeResolverContext context)
   at Microsoft.Extensions.DependencyInjection.ServiceLookup.CallSiteVisitor`2.VisitCallSiteMain(ServiceCallSite callSite, TArgument argument)
   at Microsoft.Extensions.DependencyInjection.ServiceLookup.CallSiteRuntimeResolver.VisitCache(ServiceCallSite callSite, RuntimeResolverContext context, ServiceProviderEngineScope serviceProviderEngine, RuntimeResolverLock lockType)
   at Microsoft.Extensions.DependencyInjection.ServiceLookup.CallSiteRuntimeResolver.VisitScopeCache(ServiceCallSite callSite, RuntimeResolverContext context)
   at Microsoft.Extensions.DependencyInjection.ServiceLookup.CallSiteVisitor`2.VisitCallSite(ServiceCallSite callSite, TArgument argument)
   at Microsoft.Extensions.DependencyInjection.ServiceLookup.CallSiteRuntimeResolver.VisitConstructor(ConstructorCallSite constructorCallSite, RuntimeResolverContext context)
   at Microsoft.Extensions.DependencyInjection.ServiceLookup.CallSiteVisitor`2.VisitCallSiteMain(ServiceCallSite callSite, TArgument argument)
   at Microsoft.Extensions.DependencyInjection.ServiceLookup.CallSiteRuntimeResolver.VisitCache(ServiceCallSite callSite, RuntimeResolverContext context, ServiceProviderEngineScope serviceProviderEngine, RuntimeResolverLock lockType)
   at Microsoft.Extensions.DependencyInjection.ServiceLookup.CallSiteRuntimeResolver.VisitScopeCache(ServiceCallSite callSite, RuntimeResolverContext context)
   at Microsoft.Extensions.DependencyInjection.ServiceLookup.CallSiteVisitor`2.VisitCallSite(ServiceCallSite callSite, TArgument argument)
   at Microsoft.Extensions.DependencyInjection.ServiceLookup.CallSiteRuntimeResolver.VisitConstructor(ConstructorCallSite constructorCallSite, RuntimeResolverContext context)
   at Microsoft.Extensions.DependencyInjection.ServiceLookup.CallSiteVisitor`2.VisitCallSiteMain(ServiceCallSite callSite, TArgument argument)
   at Microsoft.Extensions.DependencyInjection.ServiceLookup.CallSiteRuntimeResolver.VisitCache(ServiceCallSite callSite, RuntimeResolverContext context, ServiceProviderEngineScope serviceProviderEngine, RuntimeResolverLock lockType)
   at Microsoft.Extensions.DependencyInjection.ServiceLookup.CallSiteRuntimeResolver.VisitScopeCache(ServiceCallSite callSite, RuntimeResolverContext context)
   at Microsoft.Extensions.DependencyInjection.ServiceLookup.CallSiteVisitor`2.VisitCallSite(ServiceCallSite callSite, TArgument argument)
   at Microsoft.Extensions.DependencyInjection.ServiceLookup.CallSiteRuntimeResolver.Resolve(ServiceCallSite callSite, ServiceProviderEngineScope scope)
   at Microsoft.Extensions.DependencyInjection.ServiceLookup.DynamicServiceProviderEngine.<>c__DisplayClass2_0.<RealizeService>b__0(ServiceProviderEngineScope scope)
   at Microsoft.Extensions.DependencyInjection.ServiceProvider.GetService(ServiceIdentifier serviceIdentifier, ServiceProviderEngineScope serviceProviderEngineScope)
   at Microsoft.Extensions.DependencyInjection.ServiceLookup.ServiceProviderEngineScope.GetService(Type serviceType)
   at Microsoft.Extensions.DependencyInjection.ServiceProviderServiceExtensions.GetRequiredService(IServiceProvider provider, Type serviceType)
   at Microsoft.Extensions.DependencyInjection.ServiceProviderServiceExtensions.GetRequiredService[T](IServiceProvider provider)
   at Microsoft.EntityFrameworkCore.DbContext.get_DbContextDependencies()
   at Microsoft.EntityFrameworkCore.DbContext.get_ContextServices()
   at Microsoft.EntityFrameworkCore.DbContext.get_InternalServiceProvider()
   at Microsoft.EntityFrameworkCore.DbContext.Microsoft.EntityFrameworkCore.Infrastructure.IInfrastructure<System.IServiceProvider>.get_Instance()
   at Microsoft.EntityFrameworkCore.Infrastructure.DatabaseFacade.Microsoft.EntityFrameworkCore.Infrastructure.IInfrastructure<System.IServiceProvider>.get_Instance()
   at Microsoft.EntityFrameworkCore.RelationalDatabaseFacadeExtensions.GetRelationalService[TService](IInfrastructure`1 databaseFacade)
   at Microsoft.EntityFrameworkCore.RelationalDatabaseFacadeExtensions.Migrate(DatabaseFacade databaseFacade)
   at Program.<Main>$(String[] args) in /src/src/QAMS.Api/Program.cs:line 153
2026-02-15 19:47:40.809 +00:00 [ERR] EnsureCreated also failed.
System.InvalidOperationException: The seed entity for entity type 'EvidenceType' cannot be added because another seed entity with the same key value for {'Id'} has already been added. Consider using 'DbContextOptionsBuilder.EnableSensitiveDataLogging' to see the conflicting key values.
   at Microsoft.EntityFrameworkCore.Infrastructure.ModelValidator.ValidateData(IModel model, IDiagnosticsLogger`1 logger)
   at Microsoft.EntityFrameworkCore.Infrastructure.RelationalModelValidator.ValidateData(IModel model, IDiagnosticsLogger`1 logger)
   at Microsoft.EntityFrameworkCore.Infrastructure.ModelValidator.Validate(IModel model, IDiagnosticsLogger`1 logger)
   at Microsoft.EntityFrameworkCore.Infrastructure.RelationalModelValidator.Validate(IModel model, IDiagnosticsLogger`1 logger)
   at Npgsql.EntityFrameworkCore.PostgreSQL.Infrastructure.Internal.NpgsqlModelValidator.Validate(IModel model, IDiagnosticsLogger`1 logger)
   at Microsoft.EntityFrameworkCore.Infrastructure.ModelRuntimeInitializer.Initialize(IModel model, Boolean designTime, IDiagnosticsLogger`1 validationLogger)
   at Microsoft.EntityFrameworkCore.Infrastructure.ModelSource.GetModel(DbContext context, ModelCreationDependencies modelCreationDependencies, Boolean designTime)
   at Microsoft.EntityFrameworkCore.Internal.DbContextServices.CreateModel(Boolean designTime)
   at Microsoft.EntityFrameworkCore.Internal.DbContextServices.get_Model()
   at Microsoft.EntityFrameworkCore.Infrastructure.EntityFrameworkServicesBuilder.<>c.<TryAddCoreServices>b__8_4(IServiceProvider p)
   at Microsoft.Extensions.DependencyInjection.ServiceLookup.CallSiteVisitor`2.VisitCallSiteMain(ServiceCallSite callSite, TArgument argument)
   at Microsoft.Extensions.DependencyInjection.ServiceLookup.CallSiteRuntimeResolver.VisitCache(ServiceCallSite callSite, RuntimeResolverContext context, ServiceProviderEngineScope serviceProviderEngine, RuntimeResolverLock lockType)
   at Microsoft.Extensions.DependencyInjection.ServiceLookup.CallSiteRuntimeResolver.VisitScopeCache(ServiceCallSite callSite, RuntimeResolverContext context)
   at Microsoft.Extensions.DependencyInjection.ServiceLookup.CallSiteVisitor`2.VisitCallSite(ServiceCallSite callSite, TArgument argument)
   at Microsoft.Extensions.DependencyInjection.ServiceLookup.CallSiteRuntimeResolver.VisitConstructor(ConstructorCallSite constructorCallSite, RuntimeResolverContext context)
   at Microsoft.Extensions.DependencyInjection.ServiceLookup.CallSiteVisitor`2.VisitCallSiteMain(ServiceCallSite callSite, TArgument argument)
   at Microsoft.Extensions.DependencyInjection.ServiceLookup.CallSiteRuntimeResolver.VisitCache(ServiceCallSite callSite, RuntimeResolverContext context, ServiceProviderEngineScope serviceProviderEngine, RuntimeResolverLock lockType)
   at Microsoft.Extensions.DependencyInjection.ServiceLookup.CallSiteRuntimeResolver.VisitScopeCache(ServiceCallSite callSite, RuntimeResolverContext context)
   at Microsoft.Extensions.DependencyInjection.ServiceLookup.CallSiteVisitor`2.VisitCallSite(ServiceCallSite callSite, TArgument argument)
   at Microsoft.Extensions.DependencyInjection.ServiceLookup.CallSiteRuntimeResolver.VisitConstructor(ConstructorCallSite constructorCallSite, RuntimeResolverContext context)
   at Microsoft.Extensions.DependencyInjection.ServiceLookup.CallSiteVisitor`2.VisitCallSiteMain(ServiceCallSite callSite, TArgument argument)
   at Microsoft.Extensions.DependencyInjection.ServiceLookup.CallSiteRuntimeResolver.VisitCache(ServiceCallSite callSite, RuntimeResolverContext context, ServiceProviderEngineScope serviceProviderEngine, RuntimeResolverLock lockType)
   at Microsoft.Extensions.DependencyInjection.ServiceLookup.CallSiteRuntimeResolver.VisitScopeCache(ServiceCallSite callSite, RuntimeResolverContext context)
   at Microsoft.Extensions.DependencyInjection.ServiceLookup.CallSiteVisitor`2.VisitCallSite(ServiceCallSite callSite, TArgument argument)
   at Microsoft.Extensions.DependencyInjection.ServiceLookup.CallSiteRuntimeResolver.VisitConstructor(ConstructorCallSite constructorCallSite, RuntimeResolverContext context)
   at Microsoft.Extensions.DependencyInjection.ServiceLookup.CallSiteVisitor`2.VisitCallSiteMain(ServiceCallSite callSite, TArgument argument)
   at Microsoft.Extensions.DependencyInjection.ServiceLookup.CallSiteRuntimeResolver.VisitCache(ServiceCallSite callSite, RuntimeResolverContext context, ServiceProviderEngineScope serviceProviderEngine, RuntimeResolverLock lockType)
   at Microsoft.Extensions.DependencyInjection.ServiceLookup.CallSiteRuntimeResolver.VisitScopeCache(ServiceCallSite callSite, RuntimeResolverContext context)
   at Microsoft.Extensions.DependencyInjection.ServiceLookup.CallSiteVisitor`2.VisitCallSite(ServiceCallSite callSite, TArgument argument)
   at Microsoft.Extensions.DependencyInjection.ServiceLookup.CallSiteRuntimeResolver.VisitConstructor(ConstructorCallSite constructorCallSite, RuntimeResolverContext context)
   at Microsoft.Extensions.DependencyInjection.ServiceLookup.CallSiteVisitor`2.VisitCallSiteMain(ServiceCallSite callSite, TArgument argument)
   at Microsoft.Extensions.DependencyInjection.ServiceLookup.CallSiteRuntimeResolver.VisitCache(ServiceCallSite callSite, RuntimeResolverContext context, ServiceProviderEngineScope serviceProviderEngine, RuntimeResolverLock lockType)
   at Microsoft.Extensions.DependencyInjection.ServiceLookup.CallSiteRuntimeResolver.VisitScopeCache(ServiceCallSite callSite, RuntimeResolverContext context)
   at Microsoft.Extensions.DependencyInjection.ServiceLookup.CallSiteVisitor`2.VisitCallSite(ServiceCallSite callSite, TArgument argument)
   at Microsoft.Extensions.DependencyInjection.ServiceLookup.CallSiteRuntimeResolver.VisitConstructor(ConstructorCallSite constructorCallSite, RuntimeResolverContext context)
   at Microsoft.Extensions.DependencyInjection.ServiceLookup.CallSiteVisitor`2.VisitCallSiteMain(ServiceCallSite callSite, TArgument argument)
   at Microsoft.Extensions.DependencyInjection.ServiceLookup.CallSiteRuntimeResolver.VisitCache(ServiceCallSite callSite, RuntimeResolverContext context, ServiceProviderEngineScope serviceProviderEngine, RuntimeResolverLock lockType)
   at Microsoft.Extensions.DependencyInjection.ServiceLookup.CallSiteRuntimeResolver.VisitScopeCache(ServiceCallSite callSite, RuntimeResolverContext context)
   at Microsoft.Extensions.DependencyInjection.ServiceLookup.CallSiteVisitor`2.VisitCallSite(ServiceCallSite callSite, TArgument argument)
   at Microsoft.Extensions.DependencyInjection.ServiceLookup.CallSiteRuntimeResolver.Resolve(ServiceCallSite callSite, ServiceProviderEngineScope scope)
   at Microsoft.Extensions.DependencyInjection.ServiceLookup.DynamicServiceProviderEngine.<>c__DisplayClass2_0.<RealizeService>b__0(ServiceProviderEngineScope scope)
   at Microsoft.Extensions.DependencyInjection.ServiceProvider.GetService(ServiceIdentifier serviceIdentifier, ServiceProviderEngineScope serviceProviderEngineScope)
   at Microsoft.Extensions.DependencyInjection.ServiceLookup.ServiceProviderEngineScope.GetService(Type serviceType)
   at Microsoft.Extensions.DependencyInjection.ServiceProviderServiceExtensions.GetRequiredService(IServiceProvider provider, Type serviceType)
   at Microsoft.Extensions.DependencyInjection.ServiceProviderServiceExtensions.GetRequiredService[T](IServiceProvider provider)
   at Microsoft.EntityFrameworkCore.Infrastructure.EntityFrameworkRelationalServicesBuilder.<>c.<TryAddCoreServices>b__3_3(IServiceProvider p)
   at Microsoft.Extensions.DependencyInjection.ServiceLookup.CallSiteVisitor`2.VisitCallSiteMain(ServiceCallSite callSite, TArgument argument)
   at Microsoft.Extensions.DependencyInjection.ServiceLookup.CallSiteRuntimeResolver.VisitCache(ServiceCallSite callSite, RuntimeResolverContext context, ServiceProviderEngineScope serviceProviderEngine, RuntimeResolverLock lockType)
   at Microsoft.Extensions.DependencyInjection.ServiceLookup.CallSiteRuntimeResolver.VisitScopeCache(ServiceCallSite callSite, RuntimeResolverContext context)
   at Microsoft.Extensions.DependencyInjection.ServiceLookup.CallSiteVisitor`2.VisitCallSite(ServiceCallSite callSite, TArgument argument)
   at Microsoft.Extensions.DependencyInjection.ServiceLookup.CallSiteRuntimeResolver.Resolve(ServiceCallSite callSite, ServiceProviderEngineScope scope)
   at Microsoft.Extensions.DependencyInjection.ServiceLookup.DynamicServiceProviderEngine.<>c__DisplayClass2_0.<RealizeService>b__0(ServiceProviderEngineScope scope)
   at Microsoft.Extensions.DependencyInjection.ServiceProvider.GetService(ServiceIdentifier serviceIdentifier, ServiceProviderEngineScope serviceProviderEngineScope)
   at Microsoft.Extensions.DependencyInjection.ServiceLookup.ServiceProviderEngineScope.GetService(Type serviceType)
   at Microsoft.EntityFrameworkCore.Infrastructure.Internal.InfrastructureExtensions.GetService(IInfrastructure`1 accessor, Type serviceType)
   at Microsoft.EntityFrameworkCore.Infrastructure.Internal.InfrastructureExtensions.GetService[TService](IInfrastructure`1 accessor)
   at Microsoft.EntityFrameworkCore.Infrastructure.AccessorExtensions.GetService[TService](IInfrastructure`1 accessor)
   at Microsoft.EntityFrameworkCore.Infrastructure.DatabaseFacade.get_Dependencies()
   at Microsoft.EntityFrameworkCore.Infrastructure.DatabaseFacade.EnsureCreated()
   at Program.<Main>$(String[] args) in /src/src/QAMS.Api/Program.cs:line 169
2026-02-15 19:47:40.823 +00:00 [ERR] Error applying migrations. Continuing without DB initialization.
System.InvalidOperationException: The seed entity for entity type 'EvidenceType' cannot be added because another seed entity with the same key value for {'Id'} has already been added. Consider using 'DbContextOptionsBuilder.EnableSensitiveDataLogging' to see the conflicting key values.
   at Microsoft.EntityFrameworkCore.Infrastructure.ModelValidator.ValidateData(IModel model, IDiagnosticsLogger`1 logger)
   at Microsoft.EntityFrameworkCore.Infrastructure.RelationalModelValidator.ValidateData(IModel model, IDiagnosticsLogger`1 logger)
   at Microsoft.EntityFrameworkCore.Infrastructure.ModelValidator.Validate(IModel model, IDiagnosticsLogger`1 logger)
   at Microsoft.EntityFrameworkCore.Infrastructure.RelationalModelValidator.Validate(IModel model, IDiagnosticsLogger`1 logger)
   at Npgsql.EntityFrameworkCore.PostgreSQL.Infrastructure.Internal.NpgsqlModelValidator.Validate(IModel model, IDiagnosticsLogger`1 logger)
   at Microsoft.EntityFrameworkCore.Infrastructure.ModelRuntimeInitializer.Initialize(IModel model, Boolean designTime, IDiagnosticsLogger`1 validationLogger)
   at Microsoft.EntityFrameworkCore.Infrastructure.ModelSource.GetModel(DbContext context, ModelCreationDependencies modelCreationDependencies, Boolean designTime)
   at Microsoft.EntityFrameworkCore.Internal.DbContextServices.CreateModel(Boolean designTime)
   at Microsoft.EntityFrameworkCore.Internal.DbContextServices.get_Model()
   at Microsoft.EntityFrameworkCore.Infrastructure.EntityFrameworkServicesBuilder.<>c.<TryAddCoreServices>b__8_4(IServiceProvider p)
   at Microsoft.Extensions.DependencyInjection.ServiceLookup.CallSiteVisitor`2.VisitCallSiteMain(ServiceCallSite callSite, TArgument argument)
   at Microsoft.Extensions.DependencyInjection.ServiceLookup.CallSiteRuntimeResolver.VisitCache(ServiceCallSite callSite, RuntimeResolverContext context, ServiceProviderEngineScope serviceProviderEngine, RuntimeResolverLock lockType)
   at Microsoft.Extensions.DependencyInjection.ServiceLookup.CallSiteRuntimeResolver.VisitScopeCache(ServiceCallSite callSite, RuntimeResolverContext context)
   at Microsoft.Extensions.DependencyInjection.ServiceLookup.CallSiteVisitor`2.VisitCallSite(ServiceCallSite callSite, TArgument argument)
   at Microsoft.Extensions.DependencyInjection.ServiceLookup.CallSiteRuntimeResolver.VisitConstructor(ConstructorCallSite constructorCallSite, RuntimeResolverContext context)
   at Microsoft.Extensions.DependencyInjection.ServiceLookup.CallSiteVisitor`2.VisitCallSiteMain(ServiceCallSite callSite, TArgument argument)
   at Microsoft.Extensions.DependencyInjection.ServiceLookup.CallSiteRuntimeResolver.VisitCache(ServiceCallSite callSite, RuntimeResolverContext context, ServiceProviderEngineScope serviceProviderEngine, RuntimeResolverLock lockType)
   at Microsoft.Extensions.DependencyInjection.ServiceLookup.CallSiteRuntimeResolver.VisitScopeCache(ServiceCallSite callSite, RuntimeResolverContext context)
   at Microsoft.Extensions.DependencyInjection.ServiceLookup.CallSiteVisitor`2.VisitCallSite(ServiceCallSite callSite, TArgument argument)
   at Microsoft.Extensions.DependencyInjection.ServiceLookup.CallSiteRuntimeResolver.VisitConstructor(ConstructorCallSite constructorCallSite, RuntimeResolverContext context)
   at Microsoft.Extensions.DependencyInjection.ServiceLookup.CallSiteVisitor`2.VisitCallSiteMain(ServiceCallSite callSite, TArgument argument)
   at Microsoft.Extensions.DependencyInjection.ServiceLookup.CallSiteRuntimeResolver.VisitCache(ServiceCallSite callSite, RuntimeResolverContext context, ServiceProviderEngineScope serviceProviderEngine, RuntimeResolverLock lockType)
   at Microsoft.Extensions.DependencyInjection.ServiceLookup.CallSiteRuntimeResolver.VisitScopeCache(ServiceCallSite callSite, RuntimeResolverContext context)
   at Microsoft.Extensions.DependencyInjection.ServiceLookup.CallSiteVisitor`2.VisitCallSite(ServiceCallSite callSite, TArgument argument)
   at Microsoft.Extensions.DependencyInjection.ServiceLookup.CallSiteRuntimeResolver.VisitConstructor(ConstructorCallSite constructorCallSite, RuntimeResolverContext context)
   at Microsoft.Extensions.DependencyInjection.ServiceLookup.CallSiteVisitor`2.VisitCallSiteMain(ServiceCallSite callSite, TArgument argument)
   at Microsoft.Extensions.DependencyInjection.ServiceLookup.CallSiteRuntimeResolver.VisitCache(ServiceCallSite callSite, RuntimeResolverContext context, ServiceProviderEngineScope serviceProviderEngine, RuntimeResolverLock lockType)
   at Microsoft.Extensions.DependencyInjection.ServiceLookup.CallSiteRuntimeResolver.VisitScopeCache(ServiceCallSite callSite, RuntimeResolverContext context)
   at Microsoft.Extensions.DependencyInjection.ServiceLookup.CallSiteVisitor`2.VisitCallSite(ServiceCallSite callSite, TArgument argument)
   at Microsoft.Extensions.DependencyInjection.ServiceLookup.CallSiteRuntimeResolver.VisitConstructor(ConstructorCallSite constructorCallSite, RuntimeResolverContext context)
   at Microsoft.Extensions.DependencyInjection.ServiceLookup.CallSiteVisitor`2.VisitCallSiteMain(ServiceCallSite callSite, TArgument argument)
   at Microsoft.Extensions.DependencyInjection.ServiceLookup.CallSiteRuntimeResolver.VisitCache(ServiceCallSite callSite, RuntimeResolverContext context, ServiceProviderEngineScope serviceProviderEngine, RuntimeResolverLock lockType)
   at Microsoft.Extensions.DependencyInjection.ServiceLookup.CallSiteRuntimeResolver.VisitScopeCache(ServiceCallSite callSite, RuntimeResolverContext context)
   at Microsoft.Extensions.DependencyInjection.ServiceLookup.CallSiteVisitor`2.VisitCallSite(ServiceCallSite callSite, TArgument argument)
   at Microsoft.Extensions.DependencyInjection.ServiceLookup.CallSiteRuntimeResolver.VisitConstructor(ConstructorCallSite constructorCallSite, RuntimeResolverContext context)
   at Microsoft.Extensions.DependencyInjection.ServiceLookup.CallSiteVisitor`2.VisitCallSiteMain(ServiceCallSite callSite, TArgument argument)
   at Microsoft.Extensions.DependencyInjection.ServiceLookup.CallSiteRuntimeResolver.VisitCache(ServiceCallSite callSite, RuntimeResolverContext context, ServiceProviderEngineScope serviceProviderEngine, RuntimeResolverLock lockType)
   at Microsoft.Extensions.DependencyInjection.ServiceLookup.CallSiteRuntimeResolver.VisitScopeCache(ServiceCallSite callSite, RuntimeResolverContext context)
   at Microsoft.Extensions.DependencyInjection.ServiceLookup.CallSiteVisitor`2.VisitCallSite(ServiceCallSite callSite, TArgument argument)
   at Microsoft.Extensions.DependencyInjection.ServiceLookup.CallSiteRuntimeResolver.Resolve(ServiceCallSite callSite, ServiceProviderEngineScope scope)
   at Microsoft.Extensions.DependencyInjection.ServiceLookup.DynamicServiceProviderEngine.<>c__DisplayClass2_0.<RealizeService>b__0(ServiceProviderEngineScope scope)
   at Microsoft.Extensions.DependencyInjection.ServiceProvider.GetService(ServiceIdentifier serviceIdentifier, ServiceProviderEngineScope serviceProviderEngineScope)
   at Microsoft.Extensions.DependencyInjection.ServiceLookup.ServiceProviderEngineScope.GetService(Type serviceType)
   at Microsoft.Extensions.DependencyInjection.ServiceProviderServiceExtensions.GetRequiredService(IServiceProvider provider, Type serviceType)
   at Microsoft.Extensions.DependencyInjection.ServiceProviderServiceExtensions.GetRequiredService[T](IServiceProvider provider)
   at Microsoft.EntityFrameworkCore.Infrastructure.EntityFrameworkRelationalServicesBuilder.<>c.<TryAddCoreServices>b__3_3(IServiceProvider p)
   at Microsoft.Extensions.DependencyInjection.ServiceLookup.CallSiteVisitor`2.VisitCallSiteMain(ServiceCallSite callSite, TArgument argument)
   at Microsoft.Extensions.DependencyInjection.ServiceLookup.CallSiteRuntimeResolver.VisitCache(ServiceCallSite callSite, RuntimeResolverContext context, ServiceProviderEngineScope serviceProviderEngine, RuntimeResolverLock lockType)
   at Microsoft.Extensions.DependencyInjection.ServiceLookup.CallSiteRuntimeResolver.VisitScopeCache(ServiceCallSite callSite, RuntimeResolverContext context)
   at Microsoft.Extensions.DependencyInjection.ServiceLookup.CallSiteVisitor`2.VisitCallSite(ServiceCallSite callSite, TArgument argument)
   at Microsoft.Extensions.DependencyInjection.ServiceLookup.CallSiteRuntimeResolver.Resolve(ServiceCallSite callSite, ServiceProviderEngineScope scope)
   at Microsoft.Extensions.DependencyInjection.ServiceLookup.DynamicServiceProviderEngine.<>c__DisplayClass2_0.<RealizeService>b__0(ServiceProviderEngineScope scope)
   at Microsoft.Extensions.DependencyInjection.ServiceProvider.GetService(ServiceIdentifier serviceIdentifier, ServiceProviderEngineScope serviceProviderEngineScope)
   at Microsoft.Extensions.DependencyInjection.ServiceLookup.ServiceProviderEngineScope.GetService(Type serviceType)
   at Microsoft.EntityFrameworkCore.Infrastructure.Internal.InfrastructureExtensions.GetService(IInfrastructure`1 accessor, Type serviceType)
   at Microsoft.EntityFrameworkCore.Infrastructure.Internal.InfrastructureExtensions.GetService[TService](IInfrastructure`1 accessor)
   at Microsoft.EntityFrameworkCore.Infrastructure.AccessorExtensions.GetService[TService](IInfrastructure`1 accessor)
   at Microsoft.EntityFrameworkCore.Infrastructure.DatabaseFacade.get_Dependencies()
   at Microsoft.EntityFrameworkCore.Infrastructure.DatabaseFacade.EnsureCreated()
   at Program.<Main>$(String[] args) in /src/src/QAMS.Api/Program.cs:line 169
2026-02-15 19:47:41.031 +00:00 [INF] QAMS API iniciada en Docker.
2026-02-15 19:47:41.102 +00:00 [WRN] Storing keys in a directory '/root/.aspnet/DataProtection-Keys' that may not be persisted outside of the container. Protected data will be unavailable when container is destroyed. For more information go to https://aka.ms/aspnet/dataprotectionwarning
2026-02-15 19:47:41.105 +00:00 [INF] User profile is available. Using '/root/.aspnet/DataProtection-Keys' as key repository; keys will not be encrypted at rest.
2026-02-15 19:47:41.144 +00:00 [INF] Creating key {49974d1c-9d0a-4f67-8855-57579635698b} with creation date 2026-02-15 19:47:41Z, activation date 2026-02-15 19:47:41Z, and expiration date 2026-05-16 19:47:41Z.
2026-02-15 19:47:41.217 +00:00 [WRN] No XML encryptor configured. Key {49974d1c-9d0a-4f67-8855-57579635698b} may be persisted to storage in unencrypted form.
2026-02-15 19:47:41.254 +00:00 [INF] Writing data to file '/root/.aspnet/DataProtection-Keys/key-49974d1c-9d0a-4f67-8855-57579635698b.xml'.
2026-02-15 19:47:41.295 +00:00 [WRN] Overriding HTTP_PORTS '8080' and HTTPS_PORTS ''. Binding to values defined by URLS instead 'http://+:8080'.
2026-02-15 19:47:41.331 +00:00 [WRN] The WebRootPath was not found: /app/wwwroot. Static files may be unavailable.
2026-02-15 19:47:41.437 +00:00 [INF] Now listening on: http://[::]:8080
2026-02-15 19:47:41.449 +00:00 [INF] Application started. Press Ctrl+C to shut down.
2026-02-15 19:47:41.457 +00:00 [INF] Hosting environment: Docker
2026-02-15 19:47:41.464 +00:00 [INF] Content root path: /app
2026-02-15 20:03:20.333 +00:00 [INF] Application is shutting down...
2026-02-15 20:03:41.987 +00:00 [INF] Executed DbCommand (85ms) [Parameters=[], CommandType='"Text"', CommandTimeout='30']
SELECT EXISTS (
    SELECT 1 FROM pg_catalog.pg_class c
    JOIN pg_catalog.pg_namespace n ON n.oid=c.relnamespace
    WHERE n.nspname='public' AND
          c.relname='__EFMigrationsHistory'
)
2026-02-15 20:03:42.186 +00:00 [INF] Executed DbCommand (3ms) [Parameters=[], CommandType='"Text"', CommandTimeout='30']
SELECT EXISTS (
    SELECT 1 FROM pg_catalog.pg_class c
    JOIN pg_catalog.pg_namespace n ON n.oid=c.relnamespace
    WHERE n.nspname='public' AND
          c.relname='__EFMigrationsHistory'
)
2026-02-15 20:03:42.373 +00:00 [INF] Executed DbCommand (40ms) [Parameters=[], CommandType='"Text"', CommandTimeout='30']
CREATE TABLE "__EFMigrationsHistory" (
    "MigrationId" character varying(150) NOT NULL,
    "ProductVersion" character varying(32) NOT NULL,
    CONSTRAINT "PK___EFMigrationsHistory" PRIMARY KEY ("MigrationId")
);
2026-02-15 20:03:42.412 +00:00 [INF] Executed DbCommand (1ms) [Parameters=[], CommandType='"Text"', CommandTimeout='30']
SELECT EXISTS (
    SELECT 1 FROM pg_catalog.pg_class c
    JOIN pg_catalog.pg_namespace n ON n.oid=c.relnamespace
    WHERE n.nspname='public' AND
          c.relname='__EFMigrationsHistory'
)
2026-02-15 20:03:42.429 +00:00 [INF] Executed DbCommand (3ms) [Parameters=[], CommandType='"Text"', CommandTimeout='30']
SELECT "MigrationId", "ProductVersion"
FROM "__EFMigrationsHistory"
ORDER BY "MigrationId";
2026-02-15 20:03:42.470 +00:00 [INF] Applying migration '20260214041238_InitialCreate'.
2026-02-15 20:03:42.779 +00:00 [INF] Executed DbCommand (24ms) [Parameters=[], CommandType='"Text"', CommandTimeout='30']
CREATE TABLE "EvidenceTypes" (
    "Id" integer GENERATED BY DEFAULT AS IDENTITY,
    "Code" text NOT NULL,
    "Name" text NOT NULL,
    "Description" text,
    "SortOrder" integer NOT NULL,
    "IsActive" boolean NOT NULL,
    "CreatedAt" timestamp with time zone NOT NULL,
    CONSTRAINT "PK_EvidenceTypes" PRIMARY KEY ("Id")
);
2026-02-15 20:03:42.932 +00:00 [INF] Executed DbCommand (27ms) [Parameters=[], CommandType='"Text"', CommandTimeout='30']
CREATE TABLE execution_statuses (
    id integer GENERATED BY DEFAULT AS IDENTITY,
    code character varying(50) NOT NULL,
    name character varying(100) NOT NULL,
    description character varying(500),
    sort_order integer NOT NULL DEFAULT 0,
    is_active boolean NOT NULL DEFAULT TRUE,
    created_at timestamp with time zone NOT NULL DEFAULT (NOW()),
    CONSTRAINT "PK_execution_statuses" PRIMARY KEY (id)
);
2026-02-15 20:03:43.045 +00:00 [INF] Executed DbCommand (26ms) [Parameters=[], CommandType='"Text"', CommandTimeout='30']
CREATE TABLE "Permissions" (
    "Id" uuid NOT NULL,
    "Code" text NOT NULL,
    "Description" text NOT NULL,
    "Module" text NOT NULL,
    "CreatedAt" timestamp with time zone NOT NULL,
    CONSTRAINT "PK_Permissions" PRIMARY KEY ("Id")
);
2026-02-15 20:03:43.071 +00:00 [INF] Executed DbCommand (22ms) [Parameters=[], CommandType='"Text"', CommandTimeout='30']
CREATE TABLE "Projects" (
    "Id" uuid NOT NULL,
    "Name" text NOT NULL,
    "Description" text,
    "IsActive" boolean NOT NULL,
    "CreatedAt" timestamp with time zone NOT NULL,
    "UpdatedAt" timestamp with time zone,
    CONSTRAINT "PK_Projects" PRIMARY KEY ("Id")
);
2026-02-15 20:03:43.201 +00:00 [INF] Executed DbCommand (38ms) [Parameters=[], CommandType='"Text"', CommandTimeout='30']
CREATE TABLE "Roles" (
    "Id" uuid NOT NULL,
    "Name" text NOT NULL,
    "Description" text,
    "IsActive" boolean NOT NULL,
    "CreatedAt" timestamp with time zone NOT NULL,
    CONSTRAINT "PK_Roles" PRIMARY KEY ("Id")
);
2026-02-15 20:03:43.233 +00:00 [INF] Executed DbCommand (23ms) [Parameters=[], CommandType='"Text"', CommandTimeout='30']
CREATE TABLE "StepResultStatuses" (
    "Id" integer GENERATED BY DEFAULT AS IDENTITY,
    "Code" text NOT NULL,
    "Name" text NOT NULL,
    "Description" text,
    "SortOrder" integer NOT NULL,
    "IsActive" boolean NOT NULL,
    "CreatedAt" timestamp with time zone NOT NULL,
    CONSTRAINT "PK_StepResultStatuses" PRIMARY KEY ("Id")
);
2026-02-15 20:03:43.259 +00:00 [INF] Executed DbCommand (21ms) [Parameters=[], CommandType='"Text"', CommandTimeout='30']
CREATE TABLE "TaskPriorities" (
    "Id" integer GENERATED BY DEFAULT AS IDENTITY,
    "Code" text NOT NULL,
    "Name" text NOT NULL,
    "Description" text,
    "SortOrder" integer NOT NULL,
    "IsActive" boolean NOT NULL,
    "CreatedAt" timestamp with time zone NOT NULL,
    CONSTRAINT "PK_TaskPriorities" PRIMARY KEY ("Id")
);
2026-02-15 20:03:43.394 +00:00 [INF] Executed DbCommand (49ms) [Parameters=[], CommandType='"Text"', CommandTimeout='30']
CREATE TABLE "TestCasePriorities" (
    "Id" integer GENERATED BY DEFAULT AS IDENTITY,
    "Code" text NOT NULL,
    "Name" text NOT NULL,
    "Description" text,
    "SortOrder" integer NOT NULL,
    "IsActive" boolean NOT NULL,
    "CreatedAt" timestamp with time zone NOT NULL,
    CONSTRAINT "PK_TestCasePriorities" PRIMARY KEY ("Id")
);
2026-02-15 20:03:43.429 +00:00 [INF] Executed DbCommand (32ms) [Parameters=[], CommandType='"Text"', CommandTimeout='30']
CREATE TABLE "Users" (
    "Id" uuid NOT NULL,
    "Username" text NOT NULL,
    "Email" text NOT NULL,
    "PasswordHash" text NOT NULL,
    "FullName" text NOT NULL,
    "IsActive" boolean NOT NULL,
    "RefreshToken" text,
    "RefreshTokenExpiryTime" timestamp with time zone,
    "CreatedAt" timestamp with time zone NOT NULL,
    "UpdatedAt" timestamp with time zone,
    CONSTRAINT "PK_Users" PRIMARY KEY ("Id")
);
2026-02-15 20:03:43.497 +00:00 [INF] Executed DbCommand (35ms) [Parameters=[], CommandType='"Text"', CommandTimeout='30']
CREATE TABLE "KanbanBoards" (
    "Id" uuid NOT NULL,
    "ProjectId" uuid NOT NULL,
    "Name" text NOT NULL,
    "CreatedAt" timestamp with time zone NOT NULL,
    CONSTRAINT "PK_KanbanBoards" PRIMARY KEY ("Id"),
    CONSTRAINT "FK_KanbanBoards_Projects_ProjectId" FOREIGN KEY ("ProjectId") REFERENCES "Projects" ("Id") ON DELETE CASCADE
);
2026-02-15 20:03:43.546 +00:00 [INF] Executed DbCommand (30ms) [Parameters=[], CommandType='"Text"', CommandTimeout='30']
CREATE TABLE "TestSuites" (
    "Id" uuid NOT NULL,
    "ProjectId" uuid NOT NULL,
    "Name" text NOT NULL,
    "Description" text,
    "CreatedAt" timestamp with time zone NOT NULL,
    CONSTRAINT "PK_TestSuites" PRIMARY KEY ("Id"),
    CONSTRAINT "FK_TestSuites_Projects_ProjectId" FOREIGN KEY ("ProjectId") REFERENCES "Projects" ("Id") ON DELETE CASCADE
);
2026-02-15 20:03:43.566 +00:00 [INF] Executed DbCommand (18ms) [Parameters=[], CommandType='"Text"', CommandTimeout='30']
CREATE TABLE role_permissions (
    "RoleId" uuid NOT NULL,
    "PermissionId" uuid NOT NULL,
    "AssignedAt" timestamp with time zone NOT NULL,
    CONSTRAINT "PK_role_permissions" PRIMARY KEY ("RoleId", "PermissionId"),
    CONSTRAINT "FK_role_permissions_Permissions_PermissionId" FOREIGN KEY ("PermissionId") REFERENCES "Permissions" ("Id") ON DELETE CASCADE,
    CONSTRAINT "FK_role_permissions_Roles_RoleId" FOREIGN KEY ("RoleId") REFERENCES "Roles" ("Id") ON DELETE CASCADE
);
2026-02-15 20:03:43.580 +00:00 [INF] Executed DbCommand (12ms) [Parameters=[], CommandType='"Text"', CommandTimeout='30']
CREATE TABLE user_roles (
    "UserId" uuid NOT NULL,
    "RoleId" uuid NOT NULL,
    "AssignedAt" timestamp with time zone NOT NULL,
    CONSTRAINT "PK_user_roles" PRIMARY KEY ("UserId", "RoleId"),
    CONSTRAINT "FK_user_roles_Roles_RoleId" FOREIGN KEY ("RoleId") REFERENCES "Roles" ("Id") ON DELETE CASCADE,
    CONSTRAINT "FK_user_roles_Users_UserId" FOREIGN KEY ("UserId") REFERENCES "Users" ("Id") ON DELETE CASCADE
);
2026-02-15 20:03:43.646 +00:00 [INF] Executed DbCommand (26ms) [Parameters=[], CommandType='"Text"', CommandTimeout='30']
CREATE TABLE "KanbanColumns" (
    "Id" uuid NOT NULL,
    "KanbanBoardId" uuid NOT NULL,
    "Name" text NOT NULL,
    "OrderIndex" integer NOT NULL,
    "CreatedAt" timestamp with time zone NOT NULL,
    CONSTRAINT "PK_KanbanColumns" PRIMARY KEY ("Id"),
    CONSTRAINT "FK_KanbanColumns_KanbanBoards_KanbanBoardId" FOREIGN KEY ("KanbanBoardId") REFERENCES "KanbanBoards" ("Id") ON DELETE CASCADE
);
2026-02-15 20:03:43.687 +00:00 [INF] Executed DbCommand (23ms) [Parameters=[], CommandType='"Text"', CommandTimeout='30']
CREATE TABLE "TestCases" (
    "Id" uuid NOT NULL,
    "TestSuiteId" uuid NOT NULL,
    "Title" text NOT NULL,
    "Description" text,
    "Preconditions" text,
    "ExpectedResult" text NOT NULL,
    "PriorityId" integer NOT NULL,
    "IsActive" boolean NOT NULL,
    "CreatedAt" timestamp with time zone NOT NULL,
    "UpdatedAt" timestamp with time zone,
    CONSTRAINT "PK_TestCases" PRIMARY KEY ("Id"),
    CONSTRAINT "FK_TestCases_TestCasePriorities_PriorityId" FOREIGN KEY ("PriorityId") REFERENCES "TestCasePriorities" ("Id") ON DELETE CASCADE,
    CONSTRAINT "FK_TestCases_TestSuites_TestSuiteId" FOREIGN KEY ("TestSuiteId") REFERENCES "TestSuites" ("Id") ON DELETE CASCADE
);
2026-02-15 20:03:43.710 +00:00 [INF] Executed DbCommand (20ms) [Parameters=[], CommandType='"Text"', CommandTimeout='30']
CREATE TABLE "KanbanTasks" (
    "Id" uuid NOT NULL,
    "KanbanColumnId" uuid NOT NULL,
    "Title" text NOT NULL,
    "Description" text,
    "AssigneeId" uuid,
    "TestCaseId" uuid,
    "PriorityId" integer NOT NULL,
    "DueDate" timestamp with time zone,
    "OrderIndex" integer NOT NULL,
    "CreatedAt" timestamp with time zone NOT NULL,
    "UpdatedAt" timestamp with time zone,
    CONSTRAINT "PK_KanbanTasks" PRIMARY KEY ("Id"),
    CONSTRAINT "FK_KanbanTasks_KanbanColumns_KanbanColumnId" FOREIGN KEY ("KanbanColumnId") REFERENCES "KanbanColumns" ("Id") ON DELETE CASCADE,
    CONSTRAINT "FK_KanbanTasks_TaskPriorities_PriorityId" FOREIGN KEY ("PriorityId") REFERENCES "TaskPriorities" ("Id") ON DELETE CASCADE,
    CONSTRAINT "FK_KanbanTasks_TestCases_TestCaseId" FOREIGN KEY ("TestCaseId") REFERENCES "TestCases" ("Id"),
    CONSTRAINT "FK_KanbanTasks_Users_AssigneeId" FOREIGN KEY ("AssigneeId") REFERENCES "Users" ("Id")
);
2026-02-15 20:03:43.757 +00:00 [INF] Executed DbCommand (24ms) [Parameters=[], CommandType='"Text"', CommandTimeout='30']
CREATE TABLE test_executions (
    id uuid NOT NULL,
    test_case_id uuid NOT NULL,
    tester_id uuid NOT NULL,
    status_id integer NOT NULL,
    notes character varying(2000),
    execution_date timestamp with time zone NOT NULL DEFAULT (NOW()),
    completed_at timestamp with time zone,
    CONSTRAINT "PK_test_executions" PRIMARY KEY (id),
    CONSTRAINT "FK_test_executions_TestCases_test_case_id" FOREIGN KEY (test_case_id) REFERENCES "TestCases" ("Id") ON DELETE CASCADE,
    CONSTRAINT "FK_test_executions_Users_tester_id" FOREIGN KEY (tester_id) REFERENCES "Users" ("Id") ON DELETE RESTRICT,
    CONSTRAINT "FK_test_executions_execution_statuses_status_id" FOREIGN KEY (status_id) REFERENCES execution_statuses (id) ON DELETE RESTRICT
);
2026-02-15 20:03:43.812 +00:00 [INF] Executed DbCommand (27ms) [Parameters=[], CommandType='"Text"', CommandTimeout='30']
CREATE TABLE "TestSteps" (
    "Id" uuid NOT NULL,
    "TestCaseId" uuid NOT NULL,
    "StepOrder" integer NOT NULL,
    "Action" text NOT NULL,
    "ExpectedResult" text NOT NULL,
    CONSTRAINT "PK_TestSteps" PRIMARY KEY ("Id"),
    CONSTRAINT "FK_TestSteps_TestCases_TestCaseId" FOREIGN KEY ("TestCaseId") REFERENCES "TestCases" ("Id") ON DELETE CASCADE
);
2026-02-15 20:03:43.868 +00:00 [INF] Executed DbCommand (24ms) [Parameters=[], CommandType='"Text"', CommandTimeout='30']
CREATE TABLE "Evidences" (
    "Id" uuid NOT NULL,
    "TestExecutionId" uuid NOT NULL,
    "FileTypeId" integer NOT NULL,
    "FileName" text NOT NULL,
    "FilePath" text NOT NULL,
    "FileSize" bigint NOT NULL,
    "ContentType" text NOT NULL,
    "Description" text,
    "UploadedAt" timestamp with time zone NOT NULL,
    CONSTRAINT "PK_Evidences" PRIMARY KEY ("Id"),
    CONSTRAINT "FK_Evidences_EvidenceTypes_FileTypeId" FOREIGN KEY ("FileTypeId") REFERENCES "EvidenceTypes" ("Id") ON DELETE CASCADE,
    CONSTRAINT "FK_Evidences_test_executions_TestExecutionId" FOREIGN KEY ("TestExecutionId") REFERENCES test_executions (id) ON DELETE CASCADE
);
2026-02-15 20:03:43.897 +00:00 [INF] Executed DbCommand (23ms) [Parameters=[], CommandType='"Text"', CommandTimeout='30']
CREATE TABLE "ExecutionStepResults" (
    "Id" uuid NOT NULL,
    "TestExecutionId" uuid NOT NULL,
    "TestStepId" uuid NOT NULL,
    "StatusId" integer NOT NULL,
    "ActualResult" text,
    "Notes" text,
    "EvaluatedAt" timestamp with time zone NOT NULL,
    CONSTRAINT "PK_ExecutionStepResults" PRIMARY KEY ("Id"),
    CONSTRAINT "FK_ExecutionStepResults_StepResultStatuses_StatusId" FOREIGN KEY ("StatusId") REFERENCES "StepResultStatuses" ("Id") ON DELETE CASCADE,
    CONSTRAINT "FK_ExecutionStepResults_TestSteps_TestStepId" FOREIGN KEY ("TestStepId") REFERENCES "TestSteps" ("Id") ON DELETE CASCADE,
    CONSTRAINT "FK_ExecutionStepResults_test_executions_TestExecutionId" FOREIGN KEY ("TestExecutionId") REFERENCES test_executions (id) ON DELETE CASCADE
);
2026-02-15 20:03:43.957 +00:00 [INF] Executed DbCommand (7ms) [Parameters=[], CommandType='"Text"', CommandTimeout='30']
INSERT INTO "Permissions" ("Id", "Code", "CreatedAt", "Description", "Module")
VALUES ('41544143-4f4c-5347-5f4d-414e41474500', 'CATALOGS_MANAGE', TIMESTAMPTZ '2025-01-01T00:00:00Z', 'Administrar catálogos', 'Catalogs');
INSERT INTO "Permissions" ("Id", "Code", "CreatedAt", "Description", "Module")
VALUES ('41544143-4f4c-5347-5f56-494557000000', 'CATALOGS_VIEW', TIMESTAMPTZ '2025-01-01T00:00:00Z', 'Ver catálogos', 'Catalogs');
INSERT INTO "Permissions" ("Id", "Code", "CreatedAt", "Description", "Module")
VALUES ('424e414b-4e41-435f-5245-415445000000', 'KANBAN_CREATE', TIMESTAMPTZ '2025-01-01T00:00:00Z', 'Crear tableros/tareas', 'Kanban');
INSERT INTO "Permissions" ("Id", "Code", "CreatedAt", "Description", "Module")
VALUES ('424e414b-4e41-445f-454c-455445000000', 'KANBAN_DELETE', TIMESTAMPTZ '2025-01-01T00:00:00Z', 'Eliminar tareas', 'Kanban');
INSERT INTO "Permissions" ("Id", "Code", "CreatedAt", "Description", "Module")
VALUES ('424e414b-4e41-555f-5044-415445000000', 'KANBAN_UPDATE', TIMESTAMPTZ '2025-01-01T00:00:00Z', 'Mover tareas', 'Kanban');
INSERT INTO "Permissions" ("Id", "Code", "CreatedAt", "Description", "Module")
VALUES ('424e414b-4e41-565f-4945-570000000000', 'KANBAN_VIEW', TIMESTAMPTZ '2025-01-01T00:00:00Z', 'Ver tableros Kanban', 'Kanban');
INSERT INTO "Permissions" ("Id", "Code", "CreatedAt", "Description", "Module")
VALUES ('43455845-5455-4f49-4e53-5f4352454154', 'EXECUTIONS_CREATE', TIMESTAMPTZ '2025-01-01T00:00:00Z', 'Crear ejecuciones', 'Executions');
INSERT INTO "Permissions" ("Id", "Code", "CreatedAt", "Description", "Module")
VALUES ('43455845-5455-4f49-4e53-5f5550444154', 'EXECUTIONS_UPDATE', TIMESTAMPTZ '2025-01-01T00:00:00Z', 'Actualizar ejecuciones', 'Executions');
INSERT INTO "Permissions" ("Id", "Code", "CreatedAt", "Description", "Module")
VALUES ('43455845-5455-4f49-4e53-5f55504c4f41', 'EXECUTIONS_UPLOAD_EVIDENCE', TIMESTAMPTZ '2025-01-01T00:00:00Z', 'Subir evidencia', 'Executions');
INSERT INTO "Permissions" ("Id", "Code", "CreatedAt", "Description", "Module")
VALUES ('43455845-5455-4f49-4e53-5f5649455700', 'EXECUTIONS_VIEW', TIMESTAMPTZ '2025-01-01T00:00:00Z', 'Ver ejecuciones', 'Executions');
INSERT INTO "Permissions" ("Id", "Code", "CreatedAt", "Description", "Module")
VALUES ('454c4f52-5f53-4544-4c45-544500000000', 'ROLES_DELETE', TIMESTAMPTZ '2025-01-01T00:00:00Z', 'Eliminar roles', 'Roles');
INSERT INTO "Permissions" ("Id", "Code", "CreatedAt", "Description", "Module")
VALUES ('454c4f52-5f53-4956-4557-000000000000', 'ROLES_VIEW', TIMESTAMPTZ '2025-01-01T00:00:00Z', 'Ver roles', 'Roles');
INSERT INTO "Permissions" ("Id", "Code", "CreatedAt", "Description", "Module")
VALUES ('454c4f52-5f53-5055-4441-544500000000', 'ROLES_UPDATE', TIMESTAMPTZ '2025-01-01T00:00:00Z', 'Actualizar roles', 'Roles');
INSERT INTO "Permissions" ("Id", "Code", "CreatedAt", "Description", "Module")
VALUES ('454c4f52-5f53-5243-4541-544500000000', 'ROLES_CREATE', TIMESTAMPTZ '2025-01-01T00:00:00Z', 'Crear roles', 'Roles');
INSERT INTO "Permissions" ("Id", "Code", "CreatedAt", "Description", "Module")
VALUES ('454c4f52-5f53-5341-5349-474e5f504552', 'ROLES_ASSIGN_PERMISSIONS', TIMESTAMPTZ '2025-01-01T00:00:00Z', 'Asignar permisos a roles', 'Roles');
INSERT INTO "Permissions" ("Id", "Code", "CreatedAt", "Description", "Module")
VALUES ('48534144-4f42-5241-445f-564945570000', 'DASHBOARD_VIEW', TIMESTAMPTZ '2025-01-01T00:00:00Z', 'Ver dashboard', 'Dashboard');
INSERT INTO "Permissions" ("Id", "Code", "CreatedAt", "Description", "Module")
VALUES ('4a4f5250-4345-5354-5f43-524541544500', 'PROJECTS_CREATE', TIMESTAMPTZ '2025-01-01T00:00:00Z', 'Crear proyectos', 'Projects');
INSERT INTO "Permissions" ("Id", "Code", "CreatedAt", "Description", "Module")
VALUES ('4a4f5250-4345-5354-5f44-454c45544500', 'PROJECTS_DELETE', TIMESTAMPTZ '2025-01-01T00:00:00Z', 'Eliminar proyectos', 'Projects');
INSERT INTO "Permissions" ("Id", "Code", "CreatedAt", "Description", "Module")
VALUES ('4a4f5250-4345-5354-5f55-504441544500', 'PROJECTS_UPDATE', TIMESTAMPTZ '2025-01-01T00:00:00Z', 'Actualizar proyectos', 'Projects');
INSERT INTO "Permissions" ("Id", "Code", "CreatedAt", "Description", "Module")
VALUES ('4a4f5250-4345-5354-5f56-494557000000', 'PROJECTS_VIEW', TIMESTAMPTZ '2025-01-01T00:00:00Z', 'Ver proyectos', 'Projects');
INSERT INTO "Permissions" ("Id", "Code", "CreatedAt", "Description", "Module")
VALUES ('52455355-5f53-4544-4c45-544500000000', 'USERS_DELETE', TIMESTAMPTZ '2025-01-01T00:00:00Z', 'Eliminar usuarios', 'Users');
INSERT INTO "Permissions" ("Id", "Code", "CreatedAt", "Description", "Module")
VALUES ('52455355-5f53-4956-4557-000000000000', 'USERS_VIEW', TIMESTAMPTZ '2025-01-01T00:00:00Z', 'Ver usuarios', 'Users');
INSERT INTO "Permissions" ("Id", "Code", "CreatedAt", "Description", "Module")
VALUES ('52455355-5f53-5055-4441-544500000000', 'USERS_UPDATE', TIMESTAMPTZ '2025-01-01T00:00:00Z', 'Actualizar usuarios', 'Users');
INSERT INTO "Permissions" ("Id", "Code", "CreatedAt", "Description", "Module")
VALUES ('52455355-5f53-5243-4541-544500000000', 'USERS_CREATE', TIMESTAMPTZ '2025-01-01T00:00:00Z', 'Crear usuarios', 'Users');
INSERT INTO "Permissions" ("Id", "Code", "CreatedAt", "Description", "Module")
VALUES ('54534554-435f-5341-4553-5f4352454154', 'TEST_CASES_CREATE', TIMESTAMPTZ '2025-01-01T00:00:00Z', 'Crear casos de prueba', 'TestCases');
INSERT INTO "Permissions" ("Id", "Code", "CreatedAt", "Description", "Module")
VALUES ('54534554-435f-5341-4553-5f44454c4554', 'TEST_CASES_DELETE', TIMESTAMPTZ '2025-01-01T00:00:00Z', 'Eliminar casos de prueba', 'TestCases');
INSERT INTO "Permissions" ("Id", "Code", "CreatedAt", "Description", "Module")
VALUES ('54534554-435f-5341-4553-5f5550444154', 'TEST_CASES_UPDATE', TIMESTAMPTZ '2025-01-01T00:00:00Z', 'Actualizar casos de prueba', 'TestCases');
INSERT INTO "Permissions" ("Id", "Code", "CreatedAt", "Description", "Module")
VALUES ('54534554-435f-5341-4553-5f5649455700', 'TEST_CASES_VIEW', TIMESTAMPTZ '2025-01-01T00:00:00Z', 'Ver casos de prueba', 'TestCases');
2026-02-15 20:03:44.018 +00:00 [INF] Executed DbCommand (5ms) [Parameters=[], CommandType='"Text"', CommandTimeout='30']
INSERT INTO execution_statuses (id, code, created_at, description, is_active, name, sort_order)
VALUES (1, 'PENDING', TIMESTAMPTZ '2026-02-14T04:12:37.143236Z', 'Ejecución creada pero no iniciada.', TRUE, 'Pendiente', 1);
INSERT INTO execution_statuses (id, code, created_at, description, is_active, name, sort_order)
VALUES (2, 'IN_PROGRESS', TIMESTAMPTZ '2026-02-14T04:12:37.143238Z', 'Ejecución en curso.', TRUE, 'En Progreso', 2);
INSERT INTO execution_statuses (id, code, created_at, description, is_active, name, sort_order)
VALUES (3, 'PASSED', TIMESTAMPTZ '2026-02-14T04:12:37.143238Z', 'Todos los pasos exitosos.', TRUE, 'Aprobado', 3);
INSERT INTO execution_statuses (id, code, created_at, description, is_active, name, sort_order)
VALUES (4, 'FAILED', TIMESTAMPTZ '2026-02-14T04:12:37.143238Z', 'Al menos un paso falló.', TRUE, 'Fallido', 4);
INSERT INTO execution_statuses (id, code, created_at, description, is_active, name, sort_order)
VALUES (5, 'BLOCKED', TIMESTAMPTZ '2026-02-14T04:12:37.143239Z', 'Impedimento externo.', TRUE, 'Bloqueado', 5);
INSERT INTO execution_statuses (id, code, created_at, description, is_active, name, sort_order)
VALUES (6, 'SKIPPED', TIMESTAMPTZ '2026-02-14T04:12:37.143239Z', 'Omitido intencionalmente.', TRUE, 'Omitido', 6);
2026-02-15 20:03:44.032 +00:00 [INF] Executed DbCommand (12ms) [Parameters=[], CommandType='"Text"', CommandTimeout='30']
CREATE INDEX "IX_Evidences_FileTypeId" ON "Evidences" ("FileTypeId");
2026-02-15 20:03:44.069 +00:00 [INF] Executed DbCommand (14ms) [Parameters=[], CommandType='"Text"', CommandTimeout='30']
CREATE INDEX "IX_Evidences_TestExecutionId" ON "Evidences" ("TestExecutionId");
2026-02-15 20:03:44.132 +00:00 [INF] Executed DbCommand (16ms) [Parameters=[], CommandType='"Text"', CommandTimeout='30']
CREATE UNIQUE INDEX "IX_execution_statuses_code" ON execution_statuses (code);
2026-02-15 20:03:44.150 +00:00 [INF] Executed DbCommand (14ms) [Parameters=[], CommandType='"Text"', CommandTimeout='30']
CREATE INDEX "IX_ExecutionStepResults_StatusId" ON "ExecutionStepResults" ("StatusId");
2026-02-15 20:03:44.164 +00:00 [INF] Executed DbCommand (12ms) [Parameters=[], CommandType='"Text"', CommandTimeout='30']
CREATE INDEX "IX_ExecutionStepResults_TestExecutionId" ON "ExecutionStepResults" ("TestExecutionId");
2026-02-15 20:03:44.178 +00:00 [INF] Executed DbCommand (12ms) [Parameters=[], CommandType='"Text"', CommandTimeout='30']
CREATE INDEX "IX_ExecutionStepResults_TestStepId" ON "ExecutionStepResults" ("TestStepId");
2026-02-15 20:03:44.211 +00:00 [INF] Executed DbCommand (11ms) [Parameters=[], CommandType='"Text"', CommandTimeout='30']
CREATE INDEX "IX_KanbanBoards_ProjectId" ON "KanbanBoards" ("ProjectId");
2026-02-15 20:03:44.244 +00:00 [INF] Executed DbCommand (13ms) [Parameters=[], CommandType='"Text"', CommandTimeout='30']
CREATE INDEX "IX_KanbanColumns_KanbanBoardId" ON "KanbanColumns" ("KanbanBoardId");
2026-02-15 20:03:44.271 +00:00 [INF] Executed DbCommand (12ms) [Parameters=[], CommandType='"Text"', CommandTimeout='30']
CREATE INDEX "IX_KanbanTasks_AssigneeId" ON "KanbanTasks" ("AssigneeId");
2026-02-15 20:03:44.285 +00:00 [INF] Executed DbCommand (11ms) [Parameters=[], CommandType='"Text"', CommandTimeout='30']
CREATE INDEX "IX_KanbanTasks_KanbanColumnId" ON "KanbanTasks" ("KanbanColumnId");
2026-02-15 20:03:44.298 +00:00 [INF] Executed DbCommand (11ms) [Parameters=[], CommandType='"Text"', CommandTimeout='30']
CREATE INDEX "IX_KanbanTasks_PriorityId" ON "KanbanTasks" ("PriorityId");
2026-02-15 20:03:44.325 +00:00 [INF] Executed DbCommand (8ms) [Parameters=[], CommandType='"Text"', CommandTimeout='30']
CREATE INDEX "IX_KanbanTasks_TestCaseId" ON "KanbanTasks" ("TestCaseId");
2026-02-15 20:03:44.338 +00:00 [INF] Executed DbCommand (10ms) [Parameters=[], CommandType='"Text"', CommandTimeout='30']
CREATE INDEX "IX_role_permissions_PermissionId" ON role_permissions ("PermissionId");
2026-02-15 20:03:44.351 +00:00 [INF] Executed DbCommand (11ms) [Parameters=[], CommandType='"Text"', CommandTimeout='30']
CREATE INDEX "IX_test_executions_status_id" ON test_executions (status_id);
2026-02-15 20:03:44.397 +00:00 [INF] Executed DbCommand (10ms) [Parameters=[], CommandType='"Text"', CommandTimeout='30']
CREATE INDEX "IX_test_executions_test_case_id" ON test_executions (test_case_id);
2026-02-15 20:03:44.414 +00:00 [INF] Executed DbCommand (12ms) [Parameters=[], CommandType='"Text"', CommandTimeout='30']
CREATE INDEX "IX_test_executions_tester_id" ON test_executions (tester_id);
2026-02-15 20:03:44.427 +00:00 [INF] Executed DbCommand (10ms) [Parameters=[], CommandType='"Text"', CommandTimeout='30']
CREATE INDEX "IX_TestCases_PriorityId" ON "TestCases" ("PriorityId");
2026-02-15 20:03:44.439 +00:00 [INF] Executed DbCommand (11ms) [Parameters=[], CommandType='"Text"', CommandTimeout='30']
CREATE INDEX "IX_TestCases_TestSuiteId" ON "TestCases" ("TestSuiteId");
2026-02-15 20:03:44.450 +00:00 [INF] Executed DbCommand (9ms) [Parameters=[], CommandType='"Text"', CommandTimeout='30']
CREATE INDEX "IX_TestSteps_TestCaseId" ON "TestSteps" ("TestCaseId");
2026-02-15 20:03:44.479 +00:00 [INF] Executed DbCommand (9ms) [Parameters=[], CommandType='"Text"', CommandTimeout='30']
CREATE INDEX "IX_TestSuites_ProjectId" ON "TestSuites" ("ProjectId");
2026-02-15 20:03:44.557 +00:00 [INF] Executed DbCommand (13ms) [Parameters=[], CommandType='"Text"', CommandTimeout='30']
CREATE INDEX "IX_user_roles_RoleId" ON user_roles ("RoleId");
2026-02-15 20:03:44.564 +00:00 [INF] Executed DbCommand (6ms) [Parameters=[], CommandType='"Text"', CommandTimeout='30']
SELECT setval(
    pg_get_serial_sequence('execution_statuses', 'id'),
    GREATEST(
        (SELECT MAX(id) FROM execution_statuses) + 1,
        nextval(pg_get_serial_sequence('execution_statuses', 'id'))),
    false);
2026-02-15 20:03:44.583 +00:00 [INF] Executed DbCommand (2ms) [Parameters=[], CommandType='"Text"', CommandTimeout='30']
INSERT INTO "__EFMigrationsHistory" ("MigrationId", "ProductVersion")
VALUES ('20260214041238_InitialCreate', '8.0.11');
2026-02-15 20:03:44.608 +00:00 [INF] Applying migration '20260215192006_AddSystemSeeding'.
2026-02-15 20:03:44.911 +00:00 [INF] Executed DbCommand (5ms) [Parameters=[], CommandType='"Text"', CommandTimeout='30']
ALTER TABLE "Evidences" DROP CONSTRAINT "FK_Evidences_EvidenceTypes_FileTypeId";
2026-02-15 20:03:44.940 +00:00 [INF] Executed DbCommand (3ms) [Parameters=[], CommandType='"Text"', CommandTimeout='30']
ALTER TABLE "ExecutionStepResults" DROP CONSTRAINT "FK_ExecutionStepResults_StepResultStatuses_StatusId";
2026-02-15 20:03:44.965 +00:00 [INF] Executed DbCommand (8ms) [Parameters=[], CommandType='"Text"', CommandTimeout='30']
ALTER TABLE "KanbanTasks" DROP CONSTRAINT "FK_KanbanTasks_TaskPriorities_PriorityId";
2026-02-15 20:03:44.971 +00:00 [INF] Executed DbCommand (2ms) [Parameters=[], CommandType='"Text"', CommandTimeout='30']
ALTER TABLE "KanbanTasks" DROP CONSTRAINT "FK_KanbanTasks_Users_AssigneeId";
2026-02-15 20:03:44.975 +00:00 [INF] Executed DbCommand (2ms) [Parameters=[], CommandType='"Text"', CommandTimeout='30']
ALTER TABLE role_permissions DROP CONSTRAINT "FK_role_permissions_Roles_RoleId";
2026-02-15 20:03:44.979 +00:00 [INF] Executed DbCommand (2ms) [Parameters=[], CommandType='"Text"', CommandTimeout='30']
ALTER TABLE test_executions DROP CONSTRAINT "FK_test_executions_Users_tester_id";
2026-02-15 20:03:44.982 +00:00 [INF] Executed DbCommand (1ms) [Parameters=[], CommandType='"Text"', CommandTimeout='30']
ALTER TABLE "TestCases" DROP CONSTRAINT "FK_TestCases_TestCasePriorities_PriorityId";
2026-02-15 20:03:44.985 +00:00 [INF] Executed DbCommand (1ms) [Parameters=[], CommandType='"Text"', CommandTimeout='30']
ALTER TABLE user_roles DROP CONSTRAINT "FK_user_roles_Roles_RoleId";
2026-02-15 20:03:44.987 +00:00 [INF] Executed DbCommand (1ms) [Parameters=[], CommandType='"Text"', CommandTimeout='30']
ALTER TABLE user_roles DROP CONSTRAINT "FK_user_roles_Users_UserId";
2026-02-15 20:03:44.992 +00:00 [INF] Executed DbCommand (2ms) [Parameters=[], CommandType='"Text"', CommandTimeout='30']
ALTER TABLE "Users" DROP CONSTRAINT "PK_Users";
2026-02-15 20:03:44.994 +00:00 [INF] Executed DbCommand (1ms) [Parameters=[], CommandType='"Text"', CommandTimeout='30']
ALTER TABLE "Roles" DROP CONSTRAINT "PK_Roles";
2026-02-15 20:03:44.996 +00:00 [INF] Executed DbCommand (1ms) [Parameters=[], CommandType='"Text"', CommandTimeout='30']
ALTER TABLE "TestCasePriorities" DROP CONSTRAINT "PK_TestCasePriorities";
2026-02-15 20:03:44.998 +00:00 [INF] Executed DbCommand (1ms) [Parameters=[], CommandType='"Text"', CommandTimeout='30']
ALTER TABLE "TaskPriorities" DROP CONSTRAINT "PK_TaskPriorities";
2026-02-15 20:03:45.000 +00:00 [INF] Executed DbCommand (1ms) [Parameters=[], CommandType='"Text"', CommandTimeout='30']
ALTER TABLE "StepResultStatuses" DROP CONSTRAINT "PK_StepResultStatuses";
2026-02-15 20:03:45.002 +00:00 [INF] Executed DbCommand (1ms) [Parameters=[], CommandType='"Text"', CommandTimeout='30']
ALTER TABLE "EvidenceTypes" DROP CONSTRAINT "PK_EvidenceTypes";
2026-02-15 20:03:45.031 +00:00 [INF] Executed DbCommand (1ms) [Parameters=[], CommandType='"Text"', CommandTimeout='30']
ALTER TABLE "Users" RENAME TO users;
2026-02-15 20:03:45.070 +00:00 [INF] Executed DbCommand (2ms) [Parameters=[], CommandType='"Text"', CommandTimeout='30']
ALTER TABLE "Roles" RENAME TO roles;
2026-02-15 20:03:45.095 +00:00 [INF] Executed DbCommand (1ms) [Parameters=[], CommandType='"Text"', CommandTimeout='30']
ALTER TABLE "TestCasePriorities" RENAME TO test_case_priorities;
2026-02-15 20:03:45.107 +00:00 [INF] Executed DbCommand (1ms) [Parameters=[], CommandType='"Text"', CommandTimeout='30']
ALTER TABLE "TaskPriorities" RENAME TO task_priorities;
2026-02-15 20:03:45.113 +00:00 [INF] Executed DbCommand (1ms) [Parameters=[], CommandType='"Text"', CommandTimeout='30']
ALTER TABLE "StepResultStatuses" RENAME TO step_result_statuses;
2026-02-15 20:03:45.116 +00:00 [INF] Executed DbCommand (1ms) [Parameters=[], CommandType='"Text"', CommandTimeout='30']
ALTER TABLE "EvidenceTypes" RENAME TO evidence_types;
2026-02-15 20:03:45.118 +00:00 [INF] Executed DbCommand (1ms) [Parameters=[], CommandType='"Text"', CommandTimeout='30']
ALTER TABLE users RENAME COLUMN "Username" TO username;
2026-02-15 20:03:45.121 +00:00 [INF] Executed DbCommand (1ms) [Parameters=[], CommandType='"Text"', CommandTimeout='30']
ALTER TABLE users RENAME COLUMN "Email" TO email;
2026-02-15 20:03:45.123 +00:00 [INF] Executed DbCommand (1ms) [Parameters=[], CommandType='"Text"', CommandTimeout='30']
ALTER TABLE users RENAME COLUMN "Id" TO id;
2026-02-15 20:03:45.138 +00:00 [INF] Executed DbCommand (1ms) [Parameters=[], CommandType='"Text"', CommandTimeout='30']
ALTER TABLE users RENAME COLUMN "UpdatedAt" TO updated_at;
2026-02-15 20:03:45.139 +00:00 [INF] Executed DbCommand (1ms) [Parameters=[], CommandType='"Text"', CommandTimeout='30']
ALTER TABLE users RENAME COLUMN "RefreshTokenExpiryTime" TO refresh_token_expiry_time;
2026-02-15 20:03:45.141 +00:00 [INF] Executed DbCommand (1ms) [Parameters=[], CommandType='"Text"', CommandTimeout='30']
ALTER TABLE users RENAME COLUMN "RefreshToken" TO refresh_token;
2026-02-15 20:03:45.142 +00:00 [INF] Executed DbCommand (1ms) [Parameters=[], CommandType='"Text"', CommandTimeout='30']
ALTER TABLE users RENAME COLUMN "PasswordHash" TO password_hash;
2026-02-15 20:03:45.143 +00:00 [INF] Executed DbCommand (1ms) [Parameters=[], CommandType='"Text"', CommandTimeout='30']
ALTER TABLE users RENAME COLUMN "IsActive" TO is_active;
2026-02-15 20:03:45.145 +00:00 [INF] Executed DbCommand (1ms) [Parameters=[], CommandType='"Text"', CommandTimeout='30']
ALTER TABLE users RENAME COLUMN "FullName" TO full_name;
2026-02-15 20:03:45.146 +00:00 [INF] Executed DbCommand (1ms) [Parameters=[], CommandType='"Text"', CommandTimeout='30']
ALTER TABLE users RENAME COLUMN "CreatedAt" TO created_at;
2026-02-15 20:03:45.147 +00:00 [INF] Executed DbCommand (1ms) [Parameters=[], CommandType='"Text"', CommandTimeout='30']
ALTER TABLE roles RENAME COLUMN "Name" TO name;
2026-02-15 20:03:45.148 +00:00 [INF] Executed DbCommand (0ms) [Parameters=[], CommandType='"Text"', CommandTimeout='30']
ALTER TABLE roles RENAME COLUMN "Description" TO description;
2026-02-15 20:03:45.149 +00:00 [INF] Executed DbCommand (1ms) [Parameters=[], CommandType='"Text"', CommandTimeout='30']
ALTER TABLE roles RENAME COLUMN "Id" TO id;
2026-02-15 20:03:45.150 +00:00 [INF] Executed DbCommand (1ms) [Parameters=[], CommandType='"Text"', CommandTimeout='30']
ALTER TABLE roles RENAME COLUMN "IsActive" TO is_active;
2026-02-15 20:03:45.152 +00:00 [INF] Executed DbCommand (0ms) [Parameters=[], CommandType='"Text"', CommandTimeout='30']
ALTER TABLE roles RENAME COLUMN "CreatedAt" TO created_at;
2026-02-15 20:03:45.153 +00:00 [INF] Executed DbCommand (1ms) [Parameters=[], CommandType='"Text"', CommandTimeout='30']
ALTER TABLE test_case_priorities RENAME COLUMN "Name" TO name;
2026-02-15 20:03:45.154 +00:00 [INF] Executed DbCommand (0ms) [Parameters=[], CommandType='"Text"', CommandTimeout='30']
ALTER TABLE test_case_priorities RENAME COLUMN "Description" TO description;
2026-02-15 20:03:45.156 +00:00 [INF] Executed DbCommand (0ms) [Parameters=[], CommandType='"Text"', CommandTimeout='30']
ALTER TABLE test_case_priorities RENAME COLUMN "Code" TO code;
2026-02-15 20:03:45.157 +00:00 [INF] Executed DbCommand (1ms) [Parameters=[], CommandType='"Text"', CommandTimeout='30']
ALTER TABLE test_case_priorities RENAME COLUMN "Id" TO id;
2026-02-15 20:03:45.158 +00:00 [INF] Executed DbCommand (0ms) [Parameters=[], CommandType='"Text"', CommandTimeout='30']
ALTER TABLE test_case_priorities RENAME COLUMN "SortOrder" TO sort_order;
2026-02-15 20:03:45.159 +00:00 [INF] Executed DbCommand (1ms) [Parameters=[], CommandType='"Text"', CommandTimeout='30']
ALTER TABLE test_case_priorities RENAME COLUMN "IsActive" TO is_active;
2026-02-15 20:03:45.161 +00:00 [INF] Executed DbCommand (1ms) [Parameters=[], CommandType='"Text"', CommandTimeout='30']
ALTER TABLE test_case_priorities RENAME COLUMN "CreatedAt" TO created_at;
2026-02-15 20:03:45.162 +00:00 [INF] Executed DbCommand (1ms) [Parameters=[], CommandType='"Text"', CommandTimeout='30']
ALTER TABLE task_priorities RENAME COLUMN "Name" TO name;
2026-02-15 20:03:45.163 +00:00 [INF] Executed DbCommand (1ms) [Parameters=[], CommandType='"Text"', CommandTimeout='30']
ALTER TABLE task_priorities RENAME COLUMN "Description" TO description;
2026-02-15 20:03:45.230 +00:00 [INF] Executed DbCommand (1ms) [Parameters=[], CommandType='"Text"', CommandTimeout='30']
ALTER TABLE task_priorities RENAME COLUMN "Code" TO code;
2026-02-15 20:03:45.242 +00:00 [INF] Executed DbCommand (2ms) [Parameters=[], CommandType='"Text"', CommandTimeout='30']
ALTER TABLE task_priorities RENAME COLUMN "Id" TO id;
2026-02-15 20:03:45.254 +00:00 [INF] Executed DbCommand (1ms) [Parameters=[], CommandType='"Text"', CommandTimeout='30']
ALTER TABLE task_priorities RENAME COLUMN "SortOrder" TO sort_order;
2026-02-15 20:03:45.256 +00:00 [INF] Executed DbCommand (1ms) [Parameters=[], CommandType='"Text"', CommandTimeout='30']
ALTER TABLE task_priorities RENAME COLUMN "IsActive" TO is_active;
2026-02-15 20:03:45.259 +00:00 [INF] Executed DbCommand (1ms) [Parameters=[], CommandType='"Text"', CommandTimeout='30']
ALTER TABLE task_priorities RENAME COLUMN "CreatedAt" TO created_at;
2026-02-15 20:03:45.261 +00:00 [INF] Executed DbCommand (1ms) [Parameters=[], CommandType='"Text"', CommandTimeout='30']
ALTER TABLE step_result_statuses RENAME COLUMN "Name" TO name;
2026-02-15 20:03:45.264 +00:00 [INF] Executed DbCommand (2ms) [Parameters=[], CommandType='"Text"', CommandTimeout='30']
ALTER TABLE step_result_statuses RENAME COLUMN "Description" TO description;
2026-02-15 20:03:45.266 +00:00 [INF] Executed DbCommand (1ms) [Parameters=[], CommandType='"Text"', CommandTimeout='30']
ALTER TABLE step_result_statuses RENAME COLUMN "Code" TO code;
2026-02-15 20:03:45.268 +00:00 [INF] Executed DbCommand (1ms) [Parameters=[], CommandType='"Text"', CommandTimeout='30']
ALTER TABLE step_result_statuses RENAME COLUMN "Id" TO id;
2026-02-15 20:03:45.270 +00:00 [INF] Executed DbCommand (1ms) [Parameters=[], CommandType='"Text"', CommandTimeout='30']
ALTER TABLE step_result_statuses RENAME COLUMN "SortOrder" TO sort_order;
2026-02-15 20:03:45.272 +00:00 [INF] Executed DbCommand (1ms) [Parameters=[], CommandType='"Text"', CommandTimeout='30']
ALTER TABLE step_result_statuses RENAME COLUMN "IsActive" TO is_active;
2026-02-15 20:03:45.274 +00:00 [INF] Executed DbCommand (1ms) [Parameters=[], CommandType='"Text"', CommandTimeout='30']
ALTER TABLE step_result_statuses RENAME COLUMN "CreatedAt" TO created_at;
2026-02-15 20:03:45.276 +00:00 [INF] Executed DbCommand (1ms) [Parameters=[], CommandType='"Text"', CommandTimeout='30']
ALTER TABLE evidence_types RENAME COLUMN "Name" TO name;
2026-02-15 20:03:45.277 +00:00 [INF] Executed DbCommand (1ms) [Parameters=[], CommandType='"Text"', CommandTimeout='30']
ALTER TABLE evidence_types RENAME COLUMN "Description" TO description;
2026-02-15 20:03:45.278 +00:00 [INF] Executed DbCommand (1ms) [Parameters=[], CommandType='"Text"', CommandTimeout='30']
ALTER TABLE evidence_types RENAME COLUMN "Code" TO code;
2026-02-15 20:03:45.280 +00:00 [INF] Executed DbCommand (1ms) [Parameters=[], CommandType='"Text"', CommandTimeout='30']
ALTER TABLE evidence_types RENAME COLUMN "Id" TO id;
2026-02-15 20:03:45.280 +00:00 [INF] Executed DbCommand (0ms) [Parameters=[], CommandType='"Text"', CommandTimeout='30']
ALTER TABLE evidence_types RENAME COLUMN "SortOrder" TO sort_order;
2026-02-15 20:03:45.282 +00:00 [INF] Executed DbCommand (1ms) [Parameters=[], CommandType='"Text"', CommandTimeout='30']
ALTER TABLE evidence_types RENAME COLUMN "IsActive" TO is_active;
2026-02-15 20:03:45.283 +00:00 [INF] Executed DbCommand (1ms) [Parameters=[], CommandType='"Text"', CommandTimeout='30']
ALTER TABLE evidence_types RENAME COLUMN "CreatedAt" TO created_at;
2026-02-15 20:03:45.320 +00:00 [INF] Executed DbCommand (23ms) [Parameters=[], CommandType='"Text"', CommandTimeout='30']
ALTER TABLE users ALTER COLUMN username TYPE character varying(100);
2026-02-15 20:03:45.355 +00:00 [INF] Executed DbCommand (14ms) [Parameters=[], CommandType='"Text"', CommandTimeout='30']
ALTER TABLE users ALTER COLUMN email TYPE character varying(150);
2026-02-15 20:03:45.375 +00:00 [INF] Executed DbCommand (1ms) [Parameters=[], CommandType='"Text"', CommandTimeout='30']
ALTER TABLE users ALTER COLUMN is_active SET DEFAULT TRUE;
2026-02-15 20:03:45.391 +00:00 [INF] Executed DbCommand (13ms) [Parameters=[], CommandType='"Text"', CommandTimeout='30']
ALTER TABLE users ALTER COLUMN full_name TYPE character varying(200);
2026-02-15 20:03:45.393 +00:00 [INF] Executed DbCommand (1ms) [Parameters=[], CommandType='"Text"', CommandTimeout='30']
ALTER TABLE users ALTER COLUMN created_at SET DEFAULT (NOW());
2026-02-15 20:03:45.405 +00:00 [INF] Executed DbCommand (11ms) [Parameters=[], CommandType='"Text"', CommandTimeout='30']
ALTER TABLE roles ALTER COLUMN name TYPE character varying(100);
2026-02-15 20:03:45.441 +00:00 [INF] Executed DbCommand (11ms) [Parameters=[], CommandType='"Text"', CommandTimeout='30']
ALTER TABLE roles ALTER COLUMN description TYPE character varying(500);
2026-02-15 20:03:45.466 +00:00 [INF] Executed DbCommand (2ms) [Parameters=[], CommandType='"Text"', CommandTimeout='30']
ALTER TABLE roles ALTER COLUMN is_active SET DEFAULT TRUE;
2026-02-15 20:03:45.481 +00:00 [INF] Executed DbCommand (2ms) [Parameters=[], CommandType='"Text"', CommandTimeout='30']
ALTER TABLE roles ALTER COLUMN created_at SET DEFAULT (NOW());
2026-02-15 20:03:45.510 +00:00 [INF] Executed DbCommand (14ms) [Parameters=[], CommandType='"Text"', CommandTimeout='30']
ALTER TABLE test_case_priorities ALTER COLUMN name TYPE character varying(100);
2026-02-15 20:03:45.523 +00:00 [INF] Executed DbCommand (12ms) [Parameters=[], CommandType='"Text"', CommandTimeout='30']
ALTER TABLE test_case_priorities ALTER COLUMN description TYPE character varying(500);
2026-02-15 20:03:45.538 +00:00 [INF] Executed DbCommand (14ms) [Parameters=[], CommandType='"Text"', CommandTimeout='30']
ALTER TABLE test_case_priorities ALTER COLUMN code TYPE character varying(50);
2026-02-15 20:03:45.555 +00:00 [INF] Executed DbCommand (1ms) [Parameters=[], CommandType='"Text"', CommandTimeout='30']
ALTER TABLE test_case_priorities ALTER COLUMN sort_order SET DEFAULT 0;
2026-02-15 20:03:45.573 +00:00 [INF] Executed DbCommand (1ms) [Parameters=[], CommandType='"Text"', CommandTimeout='30']
ALTER TABLE test_case_priorities ALTER COLUMN is_active SET DEFAULT TRUE;
2026-02-15 20:03:45.592 +00:00 [INF] Executed DbCommand (1ms) [Parameters=[], CommandType='"Text"', CommandTimeout='30']
ALTER TABLE test_case_priorities ALTER COLUMN created_at SET DEFAULT (NOW());
2026-02-15 20:03:45.626 +00:00 [INF] Executed DbCommand (18ms) [Parameters=[], CommandType='"Text"', CommandTimeout='30']
ALTER TABLE task_priorities ALTER COLUMN name TYPE character varying(100);
2026-02-15 20:03:45.659 +00:00 [INF] Executed DbCommand (11ms) [Parameters=[], CommandType='"Text"', CommandTimeout='30']
ALTER TABLE task_priorities ALTER COLUMN description TYPE character varying(500);
2026-02-15 20:03:45.671 +00:00 [INF] Executed DbCommand (11ms) [Parameters=[], CommandType='"Text"', CommandTimeout='30']
ALTER TABLE task_priorities ALTER COLUMN code TYPE character varying(50);
2026-02-15 20:03:45.672 +00:00 [INF] Executed DbCommand (1ms) [Parameters=[], CommandType='"Text"', CommandTimeout='30']
ALTER TABLE task_priorities ALTER COLUMN sort_order SET DEFAULT 0;
2026-02-15 20:03:45.673 +00:00 [INF] Executed DbCommand (1ms) [Parameters=[], CommandType='"Text"', CommandTimeout='30']
ALTER TABLE task_priorities ALTER COLUMN is_active SET DEFAULT TRUE;
2026-02-15 20:03:45.675 +00:00 [INF] Executed DbCommand (1ms) [Parameters=[], CommandType='"Text"', CommandTimeout='30']
ALTER TABLE task_priorities ALTER COLUMN created_at SET DEFAULT (NOW());
2026-02-15 20:03:45.686 +00:00 [INF] Executed DbCommand (11ms) [Parameters=[], CommandType='"Text"', CommandTimeout='30']
ALTER TABLE step_result_statuses ALTER COLUMN name TYPE character varying(100);
2026-02-15 20:03:45.698 +00:00 [INF] Executed DbCommand (11ms) [Parameters=[], CommandType='"Text"', CommandTimeout='30']
ALTER TABLE step_result_statuses ALTER COLUMN description TYPE character varying(500);
2026-02-15 20:03:45.711 +00:00 [INF] Executed DbCommand (10ms) [Parameters=[], CommandType='"Text"', CommandTimeout='30']
ALTER TABLE step_result_statuses ALTER COLUMN code TYPE character varying(50);
2026-02-15 20:03:45.713 +00:00 [INF] Executed DbCommand (1ms) [Parameters=[], CommandType='"Text"', CommandTimeout='30']
ALTER TABLE step_result_statuses ALTER COLUMN sort_order SET DEFAULT 0;
2026-02-15 20:03:45.714 +00:00 [INF] Executed DbCommand (1ms) [Parameters=[], CommandType='"Text"', CommandTimeout='30']
ALTER TABLE step_result_statuses ALTER COLUMN is_active SET DEFAULT TRUE;
2026-02-15 20:03:45.716 +00:00 [INF] Executed DbCommand (1ms) [Parameters=[], CommandType='"Text"', CommandTimeout='30']
ALTER TABLE step_result_statuses ALTER COLUMN created_at SET DEFAULT (NOW());
2026-02-15 20:03:45.728 +00:00 [INF] Executed DbCommand (11ms) [Parameters=[], CommandType='"Text"', CommandTimeout='30']
ALTER TABLE evidence_types ALTER COLUMN name TYPE character varying(100);
2026-02-15 20:03:45.743 +00:00 [INF] Executed DbCommand (14ms) [Parameters=[], CommandType='"Text"', CommandTimeout='30']
ALTER TABLE evidence_types ALTER COLUMN description TYPE character varying(500);
2026-02-15 20:03:45.758 +00:00 [INF] Executed DbCommand (15ms) [Parameters=[], CommandType='"Text"', CommandTimeout='30']
ALTER TABLE evidence_types ALTER COLUMN code TYPE character varying(50);
2026-02-15 20:03:45.760 +00:00 [INF] Executed DbCommand (1ms) [Parameters=[], CommandType='"Text"', CommandTimeout='30']
ALTER TABLE evidence_types ALTER COLUMN sort_order SET DEFAULT 0;
2026-02-15 20:03:45.763 +00:00 [INF] Executed DbCommand (1ms) [Parameters=[], CommandType='"Text"', CommandTimeout='30']
ALTER TABLE evidence_types ALTER COLUMN is_active SET DEFAULT TRUE;
2026-02-15 20:03:45.776 +00:00 [INF] Executed DbCommand (1ms) [Parameters=[], CommandType='"Text"', CommandTimeout='30']
ALTER TABLE evidence_types ALTER COLUMN created_at SET DEFAULT (NOW());
2026-02-15 20:03:45.802 +00:00 [INF] Executed DbCommand (10ms) [Parameters=[], CommandType='"Text"', CommandTimeout='30']
ALTER TABLE users ADD CONSTRAINT "PK_users" PRIMARY KEY (id);
2026-02-15 20:03:45.831 +00:00 [INF] Executed DbCommand (8ms) [Parameters=[], CommandType='"Text"', CommandTimeout='30']
ALTER TABLE roles ADD CONSTRAINT "PK_roles" PRIMARY KEY (id);
2026-02-15 20:03:45.858 +00:00 [INF] Executed DbCommand (10ms) [Parameters=[], CommandType='"Text"', CommandTimeout='30']
ALTER TABLE test_case_priorities ADD CONSTRAINT "PK_test_case_priorities" PRIMARY KEY (id);
2026-02-15 20:03:45.875 +00:00 [INF] Executed DbCommand (14ms) [Parameters=[], CommandType='"Text"', CommandTimeout='30']
ALTER TABLE task_priorities ADD CONSTRAINT "PK_task_priorities" PRIMARY KEY (id);
2026-02-15 20:03:45.888 +00:00 [INF] Executed DbCommand (12ms) [Parameters=[], CommandType='"Text"', CommandTimeout='30']
ALTER TABLE step_result_statuses ADD CONSTRAINT "PK_step_result_statuses" PRIMARY KEY (id);
2026-02-15 20:03:45.955 +00:00 [INF] Executed DbCommand (12ms) [Parameters=[], CommandType='"Text"', CommandTimeout='30']
ALTER TABLE evidence_types ADD CONSTRAINT "PK_evidence_types" PRIMARY KEY (id);
2026-02-15 20:03:45.980 +00:00 [INF] Executed DbCommand (3ms) [Parameters=[], CommandType='"Text"', CommandTimeout='30']
INSERT INTO evidence_types (id, code, created_at, description, is_active, name, sort_order)
VALUES (1, 'IMAGE', TIMESTAMPTZ '2026-02-15T19:20:05.647548Z', NULL, TRUE, 'Imagen', 1);
INSERT INTO evidence_types (id, code, created_at, description, is_active, name, sort_order)
VALUES (2, 'VIDEO', TIMESTAMPTZ '2026-02-15T19:20:05.647548Z', NULL, TRUE, 'Video', 2);
INSERT INTO evidence_types (id, code, created_at, description, is_active, name, sort_order)
VALUES (3, 'DOCUMENT', TIMESTAMPTZ '2026-02-15T19:20:05.647549Z', NULL, TRUE, 'Documento', 3);
INSERT INTO evidence_types (id, code, created_at, description, is_active, name, sort_order)
VALUES (4, 'LOG_FILE', TIMESTAMPTZ '2026-02-15T19:20:05.647549Z', NULL, TRUE, 'Archivo de Log', 4);
2026-02-15 20:03:45.987 +00:00 [INF] Executed DbCommand (6ms) [Parameters=[], CommandType='"Text"', CommandTimeout='30']
UPDATE execution_statuses SET created_at = TIMESTAMPTZ '2026-02-15T19:20:05.648029Z'
WHERE id = 1;
2026-02-15 20:03:45.988 +00:00 [INF] Executed DbCommand (1ms) [Parameters=[], CommandType='"Text"', CommandTimeout='30']
UPDATE execution_statuses SET created_at = TIMESTAMPTZ '2026-02-15T19:20:05.648029Z'
WHERE id = 2;
2026-02-15 20:03:45.990 +00:00 [INF] Executed DbCommand (1ms) [Parameters=[], CommandType='"Text"', CommandTimeout='30']
UPDATE execution_statuses SET created_at = TIMESTAMPTZ '2026-02-15T19:20:05.648029Z'
WHERE id = 3;
2026-02-15 20:03:45.992 +00:00 [INF] Executed DbCommand (1ms) [Parameters=[], CommandType='"Text"', CommandTimeout='30']
UPDATE execution_statuses SET created_at = TIMESTAMPTZ '2026-02-15T19:20:05.648029Z'
WHERE id = 4;
2026-02-15 20:03:45.994 +00:00 [INF] Executed DbCommand (1ms) [Parameters=[], CommandType='"Text"', CommandTimeout='30']
UPDATE execution_statuses SET created_at = TIMESTAMPTZ '2026-02-15T19:20:05.64803Z'
WHERE id = 5;
2026-02-15 20:03:45.996 +00:00 [INF] Executed DbCommand (1ms) [Parameters=[], CommandType='"Text"', CommandTimeout='30']
UPDATE execution_statuses SET created_at = TIMESTAMPTZ '2026-02-15T19:20:05.64803Z'
WHERE id = 6;
2026-02-15 20:03:45.998 +00:00 [INF] Executed DbCommand (2ms) [Parameters=[], CommandType='"Text"', CommandTimeout='30']
INSERT INTO roles (id, created_at, description, is_active, name)
VALUES ('11111111-1111-1111-1111-111111111111', TIMESTAMPTZ '2025-01-01T00:00:00Z', 'Acceso total al sistema', TRUE, 'Administrator');
INSERT INTO roles (id, created_at, description, is_active, name)
VALUES ('22222222-2222-2222-2222-222222222222', TIMESTAMPTZ '2025-01-01T00:00:00Z', 'Ejecución y gestión de pruebas', TRUE, 'Tester');
2026-02-15 20:03:46.004 +00:00 [INF] Executed DbCommand (2ms) [Parameters=[], CommandType='"Text"', CommandTimeout='30']
INSERT INTO step_result_statuses (id, code, created_at, description, is_active, name, sort_order)
VALUES (1, 'NOT_EXECUTED', TIMESTAMPTZ '2026-02-15T19:20:05.649817Z', NULL, TRUE, 'No Ejecutado', 1);
INSERT INTO step_result_statuses (id, code, created_at, description, is_active, name, sort_order)
VALUES (2, 'PASSED', TIMESTAMPTZ '2026-02-15T19:20:05.649817Z', NULL, TRUE, 'Aprobado', 2);
INSERT INTO step_result_statuses (id, code, created_at, description, is_active, name, sort_order)
VALUES (3, 'FAILED', TIMESTAMPTZ '2026-02-15T19:20:05.649817Z', NULL, TRUE, 'Fallido', 3);
INSERT INTO step_result_statuses (id, code, created_at, description, is_active, name, sort_order)
VALUES (4, 'BLOCKED', TIMESTAMPTZ '2026-02-15T19:20:05.649817Z', NULL, TRUE, 'Bloqueado', 4);
2026-02-15 20:03:46.021 +00:00 [INF] Executed DbCommand (2ms) [Parameters=[], CommandType='"Text"', CommandTimeout='30']
INSERT INTO task_priorities (id, code, created_at, description, is_active, name, sort_order)
VALUES (1, 'LOW', TIMESTAMPTZ '2026-02-15T19:20:05.650146Z', NULL, TRUE, 'Baja', 1);
INSERT INTO task_priorities (id, code, created_at, description, is_active, name, sort_order)
VALUES (2, 'MEDIUM', TIMESTAMPTZ '2026-02-15T19:20:05.650147Z', NULL, TRUE, 'Media', 2);
INSERT INTO task_priorities (id, code, created_at, description, is_active, name, sort_order)
VALUES (3, 'HIGH', TIMESTAMPTZ '2026-02-15T19:20:05.650147Z', NULL, TRUE, 'Alta', 3);
INSERT INTO task_priorities (id, code, created_at, description, is_active, name, sort_order)
VALUES (4, 'CRITICAL', TIMESTAMPTZ '2026-02-15T19:20:05.650147Z', NULL, TRUE, 'Crítica', 4);
2026-02-15 20:03:46.039 +00:00 [INF] Executed DbCommand (2ms) [Parameters=[], CommandType='"Text"', CommandTimeout='30']
INSERT INTO test_case_priorities (id, code, created_at, description, is_active, name, sort_order)
VALUES (1, 'LOW', TIMESTAMPTZ '2026-02-15T19:20:05.650537Z', NULL, TRUE, 'Baja', 1);
INSERT INTO test_case_priorities (id, code, created_at, description, is_active, name, sort_order)
VALUES (2, 'MEDIUM', TIMESTAMPTZ '2026-02-15T19:20:05.650537Z', NULL, TRUE, 'Media', 2);
INSERT INTO test_case_priorities (id, code, created_at, description, is_active, name, sort_order)
VALUES (3, 'HIGH', TIMESTAMPTZ '2026-02-15T19:20:05.650537Z', NULL, TRUE, 'Alta', 3);
INSERT INTO test_case_priorities (id, code, created_at, description, is_active, name, sort_order)
VALUES (4, 'CRITICAL', TIMESTAMPTZ '2026-02-15T19:20:05.650537Z', NULL, TRUE, 'Crítica', 4);
2026-02-15 20:03:46.054 +00:00 [INF] Executed DbCommand (2ms) [Parameters=[], CommandType='"Text"', CommandTimeout='30']
INSERT INTO users (id, created_at, email, full_name, is_active, password_hash, refresh_token, refresh_token_expiry_time, updated_at, username)
VALUES ('99999999-9999-9999-9999-999999999999', TIMESTAMPTZ '2025-01-01T00:00:00Z', 'admin@qams.local', 'Administrador Base', TRUE, '$2a$12$R9h/LIPzKuOfSRR6M9V39u.BBzBRS7O.O80X9/b9L.p51v5FzE5x.', NULL, NULL, NULL, 'admin');
2026-02-15 20:03:46.078 +00:00 [INF] Executed DbCommand (8ms) [Parameters=[], CommandType='"Text"', CommandTimeout='30']
INSERT INTO role_permissions ("PermissionId", "RoleId", "AssignedAt")
VALUES ('41544143-4f4c-5347-5f4d-414e41474500', '11111111-1111-1111-1111-111111111111', TIMESTAMPTZ '2025-01-01T00:00:00Z');
INSERT INTO role_permissions ("PermissionId", "RoleId", "AssignedAt")
VALUES ('41544143-4f4c-5347-5f56-494557000000', '11111111-1111-1111-1111-111111111111', TIMESTAMPTZ '2025-01-01T00:00:00Z');
INSERT INTO role_permissions ("PermissionId", "RoleId", "AssignedAt")
VALUES ('424e414b-4e41-435f-5245-415445000000', '11111111-1111-1111-1111-111111111111', TIMESTAMPTZ '2025-01-01T00:00:00Z');
INSERT INTO role_permissions ("PermissionId", "RoleId", "AssignedAt")
VALUES ('424e414b-4e41-445f-454c-455445000000', '11111111-1111-1111-1111-111111111111', TIMESTAMPTZ '2025-01-01T00:00:00Z');
INSERT INTO role_permissions ("PermissionId", "RoleId", "AssignedAt")
VALUES ('424e414b-4e41-555f-5044-415445000000', '11111111-1111-1111-1111-111111111111', TIMESTAMPTZ '2025-01-01T00:00:00Z');
INSERT INTO role_permissions ("PermissionId", "RoleId", "AssignedAt")
VALUES ('424e414b-4e41-565f-4945-570000000000', '11111111-1111-1111-1111-111111111111', TIMESTAMPTZ '2025-01-01T00:00:00Z');
INSERT INTO role_permissions ("PermissionId", "RoleId", "AssignedAt")
VALUES ('43455845-5455-4f49-4e53-5f4352454154', '11111111-1111-1111-1111-111111111111', TIMESTAMPTZ '2025-01-01T00:00:00Z');
INSERT INTO role_permissions ("PermissionId", "RoleId", "AssignedAt")
VALUES ('43455845-5455-4f49-4e53-5f5550444154', '11111111-1111-1111-1111-111111111111', TIMESTAMPTZ '2025-01-01T00:00:00Z');
INSERT INTO role_permissions ("PermissionId", "RoleId", "AssignedAt")
VALUES ('43455845-5455-4f49-4e53-5f55504c4f41', '11111111-1111-1111-1111-111111111111', TIMESTAMPTZ '2025-01-01T00:00:00Z');
INSERT INTO role_permissions ("PermissionId", "RoleId", "AssignedAt")
VALUES ('43455845-5455-4f49-4e53-5f5649455700', '11111111-1111-1111-1111-111111111111', TIMESTAMPTZ '2025-01-01T00:00:00Z');
INSERT INTO role_permissions ("PermissionId", "RoleId", "AssignedAt")
VALUES ('454c4f52-5f53-4544-4c45-544500000000', '11111111-1111-1111-1111-111111111111', TIMESTAMPTZ '2025-01-01T00:00:00Z');
INSERT INTO role_permissions ("PermissionId", "RoleId", "AssignedAt")
VALUES ('454c4f52-5f53-4956-4557-000000000000', '11111111-1111-1111-1111-111111111111', TIMESTAMPTZ '2025-01-01T00:00:00Z');
INSERT INTO role_permissions ("PermissionId", "RoleId", "AssignedAt")
VALUES ('454c4f52-5f53-5055-4441-544500000000', '11111111-1111-1111-1111-111111111111', TIMESTAMPTZ '2025-01-01T00:00:00Z');
INSERT INTO role_permissions ("PermissionId", "RoleId", "AssignedAt")
VALUES ('454c4f52-5f53-5243-4541-544500000000', '11111111-1111-1111-1111-111111111111', TIMESTAMPTZ '2025-01-01T00:00:00Z');
INSERT INTO role_permissions ("PermissionId", "RoleId", "AssignedAt")
VALUES ('454c4f52-5f53-5341-5349-474e5f504552', '11111111-1111-1111-1111-111111111111', TIMESTAMPTZ '2025-01-01T00:00:00Z');
INSERT INTO role_permissions ("PermissionId", "RoleId", "AssignedAt")
VALUES ('48534144-4f42-5241-445f-564945570000', '11111111-1111-1111-1111-111111111111', TIMESTAMPTZ '2025-01-01T00:00:00Z');
INSERT INTO role_permissions ("PermissionId", "RoleId", "AssignedAt")
VALUES ('4a4f5250-4345-5354-5f43-524541544500', '11111111-1111-1111-1111-111111111111', TIMESTAMPTZ '2025-01-01T00:00:00Z');
INSERT INTO role_permissions ("PermissionId", "RoleId", "AssignedAt")
VALUES ('4a4f5250-4345-5354-5f44-454c45544500', '11111111-1111-1111-1111-111111111111', TIMESTAMPTZ '2025-01-01T00:00:00Z');
INSERT INTO role_permissions ("PermissionId", "RoleId", "AssignedAt")
VALUES ('4a4f5250-4345-5354-5f55-504441544500', '11111111-1111-1111-1111-111111111111', TIMESTAMPTZ '2025-01-01T00:00:00Z');
INSERT INTO role_permissions ("PermissionId", "RoleId", "AssignedAt")
VALUES ('4a4f5250-4345-5354-5f56-494557000000', '11111111-1111-1111-1111-111111111111', TIMESTAMPTZ '2025-01-01T00:00:00Z');
INSERT INTO role_permissions ("PermissionId", "RoleId", "AssignedAt")
VALUES ('52455355-5f53-4544-4c45-544500000000', '11111111-1111-1111-1111-111111111111', TIMESTAMPTZ '2025-01-01T00:00:00Z');
INSERT INTO role_permissions ("PermissionId", "RoleId", "AssignedAt")
VALUES ('52455355-5f53-4956-4557-000000000000', '11111111-1111-1111-1111-111111111111', TIMESTAMPTZ '2025-01-01T00:00:00Z');
INSERT INTO role_permissions ("PermissionId", "RoleId", "AssignedAt")
VALUES ('52455355-5f53-5055-4441-544500000000', '11111111-1111-1111-1111-111111111111', TIMESTAMPTZ '2025-01-01T00:00:00Z');
INSERT INTO role_permissions ("PermissionId", "RoleId", "AssignedAt")
VALUES ('52455355-5f53-5243-4541-544500000000', '11111111-1111-1111-1111-111111111111', TIMESTAMPTZ '2025-01-01T00:00:00Z');
INSERT INTO role_permissions ("PermissionId", "RoleId", "AssignedAt")
VALUES ('54534554-435f-5341-4553-5f4352454154', '11111111-1111-1111-1111-111111111111', TIMESTAMPTZ '2025-01-01T00:00:00Z');
INSERT INTO role_permissions ("PermissionId", "RoleId", "AssignedAt")
VALUES ('54534554-435f-5341-4553-5f44454c4554', '11111111-1111-1111-1111-111111111111', TIMESTAMPTZ '2025-01-01T00:00:00Z');
INSERT INTO role_permissions ("PermissionId", "RoleId", "AssignedAt")
VALUES ('54534554-435f-5341-4553-5f5550444154', '11111111-1111-1111-1111-111111111111', TIMESTAMPTZ '2025-01-01T00:00:00Z');
INSERT INTO role_permissions ("PermissionId", "RoleId", "AssignedAt")
VALUES ('54534554-435f-5341-4553-5f5649455700', '11111111-1111-1111-1111-111111111111', TIMESTAMPTZ '2025-01-01T00:00:00Z');
2026-02-15 20:03:46.116 +00:00 [INF] Executed DbCommand (2ms) [Parameters=[], CommandType='"Text"', CommandTimeout='30']
INSERT INTO user_roles ("RoleId", "UserId", "AssignedAt")
VALUES ('11111111-1111-1111-1111-111111111111', '99999999-9999-9999-9999-999999999999', TIMESTAMPTZ '2025-01-01T00:00:00Z');
2026-02-15 20:03:46.142 +00:00 [INF] Executed DbCommand (17ms) [Parameters=[], CommandType='"Text"', CommandTimeout='30']
CREATE UNIQUE INDEX "IX_users_email" ON users (email);
2026-02-15 20:03:46.161 +00:00 [INF] Executed DbCommand (18ms) [Parameters=[], CommandType='"Text"', CommandTimeout='30']
CREATE UNIQUE INDEX "IX_users_username" ON users (username);
2026-02-15 20:03:46.173 +00:00 [INF] Executed DbCommand (11ms) [Parameters=[], CommandType='"Text"', CommandTimeout='30']
CREATE UNIQUE INDEX "IX_roles_name" ON roles (name);
2026-02-15 20:03:46.192 +00:00 [INF] Executed DbCommand (18ms) [Parameters=[], CommandType='"Text"', CommandTimeout='30']
CREATE UNIQUE INDEX "IX_test_case_priorities_code" ON test_case_priorities (code);
2026-02-15 20:03:46.266 +00:00 [INF] Executed DbCommand (50ms) [Parameters=[], CommandType='"Text"', CommandTimeout='30']
CREATE UNIQUE INDEX "IX_task_priorities_code" ON task_priorities (code);
2026-02-15 20:03:46.315 +00:00 [INF] Executed DbCommand (41ms) [Parameters=[], CommandType='"Text"', CommandTimeout='30']
CREATE UNIQUE INDEX "IX_step_result_statuses_code" ON step_result_statuses (code);
2026-02-15 20:03:46.343 +00:00 [INF] Executed DbCommand (19ms) [Parameters=[], CommandType='"Text"', CommandTimeout='30']
CREATE UNIQUE INDEX "IX_evidence_types_code" ON evidence_types (code);
2026-02-15 20:03:46.369 +00:00 [INF] Executed DbCommand (3ms) [Parameters=[], CommandType='"Text"', CommandTimeout='30']
ALTER TABLE "Evidences" ADD CONSTRAINT "FK_Evidences_evidence_types_FileTypeId" FOREIGN KEY ("FileTypeId") REFERENCES evidence_types (id) ON DELETE CASCADE;
2026-02-15 20:03:46.390 +00:00 [INF] Executed DbCommand (3ms) [Parameters=[], CommandType='"Text"', CommandTimeout='30']
ALTER TABLE "ExecutionStepResults" ADD CONSTRAINT "FK_ExecutionStepResults_step_result_statuses_StatusId" FOREIGN KEY ("StatusId") REFERENCES step_result_statuses (id) ON DELETE CASCADE;
2026-02-15 20:03:46.406 +00:00 [INF] Executed DbCommand (5ms) [Parameters=[], CommandType='"Text"', CommandTimeout='30']
ALTER TABLE "KanbanTasks" ADD CONSTRAINT "FK_KanbanTasks_task_priorities_PriorityId" FOREIGN KEY ("PriorityId") REFERENCES task_priorities (id) ON DELETE CASCADE;
2026-02-15 20:03:46.411 +00:00 [INF] Executed DbCommand (3ms) [Parameters=[], CommandType='"Text"', CommandTimeout='30']
ALTER TABLE "KanbanTasks" ADD CONSTRAINT "FK_KanbanTasks_users_AssigneeId" FOREIGN KEY ("AssigneeId") REFERENCES users (id);
2026-02-15 20:03:46.414 +00:00 [INF] Executed DbCommand (2ms) [Parameters=[], CommandType='"Text"', CommandTimeout='30']
ALTER TABLE role_permissions ADD CONSTRAINT "FK_role_permissions_roles_RoleId" FOREIGN KEY ("RoleId") REFERENCES roles (id) ON DELETE CASCADE;
2026-02-15 20:03:46.422 +00:00 [INF] Executed DbCommand (6ms) [Parameters=[], CommandType='"Text"', CommandTimeout='30']
ALTER TABLE test_executions ADD CONSTRAINT "FK_test_executions_users_tester_id" FOREIGN KEY (tester_id) REFERENCES users (id) ON DELETE RESTRICT;
2026-02-15 20:03:46.426 +00:00 [INF] Executed DbCommand (3ms) [Parameters=[], CommandType='"Text"', CommandTimeout='30']
ALTER TABLE "TestCases" ADD CONSTRAINT "FK_TestCases_test_case_priorities_PriorityId" FOREIGN KEY ("PriorityId") REFERENCES test_case_priorities (id) ON DELETE CASCADE;
2026-02-15 20:03:46.454 +00:00 [INF] Executed DbCommand (2ms) [Parameters=[], CommandType='"Text"', CommandTimeout='30']
ALTER TABLE user_roles ADD CONSTRAINT "FK_user_roles_roles_RoleId" FOREIGN KEY ("RoleId") REFERENCES roles (id) ON DELETE CASCADE;
2026-02-15 20:03:46.484 +00:00 [INF] Executed DbCommand (2ms) [Parameters=[], CommandType='"Text"', CommandTimeout='30']
ALTER TABLE user_roles ADD CONSTRAINT "FK_user_roles_users_UserId" FOREIGN KEY ("UserId") REFERENCES users (id) ON DELETE CASCADE;
2026-02-15 20:03:46.501 +00:00 [INF] Executed DbCommand (2ms) [Parameters=[], CommandType='"Text"', CommandTimeout='30']
SELECT setval(
    pg_get_serial_sequence('evidence_types', 'id'),
    GREATEST(
        (SELECT MAX(id) FROM evidence_types) + 1,
        nextval(pg_get_serial_sequence('evidence_types', 'id'))),
    false);
SELECT setval(
    pg_get_serial_sequence('step_result_statuses', 'id'),
    GREATEST(
        (SELECT MAX(id) FROM step_result_statuses) + 1,
        nextval(pg_get_serial_sequence('step_result_statuses', 'id'))),
    false);
SELECT setval(
    pg_get_serial_sequence('task_priorities', 'id'),
    GREATEST(
        (SELECT MAX(id) FROM task_priorities) + 1,
        nextval(pg_get_serial_sequence('task_priorities', 'id'))),
    false);
SELECT setval(
    pg_get_serial_sequence('test_case_priorities', 'id'),
    GREATEST(
        (SELECT MAX(id) FROM test_case_priorities) + 1,
        nextval(pg_get_serial_sequence('test_case_priorities', 'id'))),
    false);
2026-02-15 20:03:46.519 +00:00 [INF] Executed DbCommand (1ms) [Parameters=[], CommandType='"Text"', CommandTimeout='30']
INSERT INTO "__EFMigrationsHistory" ("MigrationId", "ProductVersion")
VALUES ('20260215192006_AddSystemSeeding', '8.0.11');
2026-02-15 20:03:46.568 +00:00 [INF] Database migrations applied.
2026-02-15 20:03:46.628 +00:00 [INF] Executed DbCommand (1ms) [Parameters=[], CommandType='"Text"', CommandTimeout='30']
SELECT EXISTS (
    SELECT 1 FROM pg_catalog.pg_class c
    JOIN pg_catalog.pg_namespace n ON n.oid=c.relnamespace
    WHERE n.nspname='public' AND
          c.relname='__EFMigrationsHistory'
)
2026-02-15 20:03:46.630 +00:00 [INF] Executed DbCommand (1ms) [Parameters=[], CommandType='"Text"', CommandTimeout='30']
SELECT "MigrationId", "ProductVersion"
FROM "__EFMigrationsHistory"
ORDER BY "MigrationId";
2026-02-15 20:03:46.891 +00:00 [INF] QAMS API iniciada en Docker.
2026-02-15 20:03:46.933 +00:00 [WRN] Storing keys in a directory '/root/.aspnet/DataProtection-Keys' that may not be persisted outside of the container. Protected data will be unavailable when container is destroyed. For more information go to https://aka.ms/aspnet/dataprotectionwarning
2026-02-15 20:03:46.936 +00:00 [INF] User profile is available. Using '/root/.aspnet/DataProtection-Keys' as key repository; keys will not be encrypted at rest.
2026-02-15 20:03:46.981 +00:00 [INF] Creating key {a1c721f5-c83d-4543-8f78-98dfe4b158ac} with creation date 2026-02-15 20:03:46Z, activation date 2026-02-15 20:03:46Z, and expiration date 2026-05-16 20:03:46Z.
2026-02-15 20:03:47.032 +00:00 [WRN] No XML encryptor configured. Key {a1c721f5-c83d-4543-8f78-98dfe4b158ac} may be persisted to storage in unencrypted form.
2026-02-15 20:03:47.051 +00:00 [INF] Writing data to file '/root/.aspnet/DataProtection-Keys/key-a1c721f5-c83d-4543-8f78-98dfe4b158ac.xml'.
2026-02-15 20:03:47.075 +00:00 [WRN] Overriding HTTP_PORTS '8080' and HTTPS_PORTS ''. Binding to values defined by URLS instead 'http://+:8080'.
2026-02-15 20:03:47.161 +00:00 [WRN] The WebRootPath was not found: /app/wwwroot. Static files may be unavailable.
2026-02-15 20:03:47.219 +00:00 [INF] Now listening on: http://[::]:8080
2026-02-15 20:03:47.252 +00:00 [INF] Application started. Press Ctrl+C to shut down.
2026-02-15 20:03:47.268 +00:00 [INF] Hosting environment: Docker
2026-02-15 20:03:47.276 +00:00 [INF] Content root path: /app
2026-02-15 20:14:04.114 +00:00 [INF] Request starting HTTP/1.1 POST http://localhost:5000/api/auth/login - application/json 2
2026-02-15 20:14:04.901 +00:00 [INF] Executing endpoint 'QAMS.Api.Controllers.AuthController.Login (QAMS.Api)'
2026-02-15 20:14:05.159 +00:00 [INF] Route matched with {action = "Login", controller = "Auth"}. Executing controller action with signature System.Threading.Tasks.Task`1[Microsoft.AspNetCore.Mvc.IActionResult] Login(QAMS.Application.DTOs.Auth.LoginRequestDto) on controller QAMS.Api.Controllers.AuthController (QAMS.Api).
2026-02-15 20:14:05.545 +00:00 [INF] Executing BadRequestObjectResult, writing value of type 'Microsoft.AspNetCore.Mvc.ValidationProblemDetails'.
2026-02-15 20:14:05.618 +00:00 [INF] Executed action QAMS.Api.Controllers.AuthController.Login (QAMS.Api) in 448.0733ms
2026-02-15 20:14:05.623 +00:00 [INF] Executed endpoint 'QAMS.Api.Controllers.AuthController.Login (QAMS.Api)'
2026-02-15 20:14:05.649 +00:00 [INF] Request finished HTTP/1.1 POST http://localhost:5000/api/auth/login - 400 null application/problem+json; charset=utf-8 1577.2806ms
2026-02-15 20:14:39.417 +00:00 [INF] Request starting HTTP/1.1 POST http://localhost:5000/api/auth/login - application/json 2
2026-02-15 20:14:39.420 +00:00 [INF] Executing endpoint 'QAMS.Api.Controllers.AuthController.Login (QAMS.Api)'
2026-02-15 20:14:39.422 +00:00 [INF] Route matched with {action = "Login", controller = "Auth"}. Executing controller action with signature System.Threading.Tasks.Task`1[Microsoft.AspNetCore.Mvc.IActionResult] Login(QAMS.Application.DTOs.Auth.LoginRequestDto) on controller QAMS.Api.Controllers.AuthController (QAMS.Api).
2026-02-15 20:14:39.533 +00:00 [INF] Executing BadRequestObjectResult, writing value of type 'Microsoft.AspNetCore.Mvc.ValidationProblemDetails'.
2026-02-15 20:14:39.534 +00:00 [INF] Executed action QAMS.Api.Controllers.AuthController.Login (QAMS.Api) in 111.9265ms
2026-02-15 20:14:39.535 +00:00 [INF] Executed endpoint 'QAMS.Api.Controllers.AuthController.Login (QAMS.Api)'
2026-02-15 20:14:39.536 +00:00 [INF] Request finished HTTP/1.1 POST http://localhost:5000/api/auth/login - 400 null application/problem+json; charset=utf-8 119.5525ms
2026-02-15 20:14:59.616 +00:00 [INF] Request starting HTTP/1.1 POST http://localhost:5000/api/auth/login - application/json 2
2026-02-15 20:14:59.642 +00:00 [INF] Executing endpoint 'QAMS.Api.Controllers.AuthController.Login (QAMS.Api)'
2026-02-15 20:14:59.655 +00:00 [INF] Route matched with {action = "Login", controller = "Auth"}. Executing controller action with signature System.Threading.Tasks.Task`1[Microsoft.AspNetCore.Mvc.IActionResult] Login(QAMS.Application.DTOs.Auth.LoginRequestDto) on controller QAMS.Api.Controllers.AuthController (QAMS.Api).
2026-02-15 20:14:59.676 +00:00 [INF] Executing BadRequestObjectResult, writing value of type 'Microsoft.AspNetCore.Mvc.ValidationProblemDetails'.
2026-02-15 20:14:59.681 +00:00 [INF] Executed action QAMS.Api.Controllers.AuthController.Login (QAMS.Api) in 16.6921ms
2026-02-15 20:14:59.684 +00:00 [INF] Executed endpoint 'QAMS.Api.Controllers.AuthController.Login (QAMS.Api)'
2026-02-15 20:14:59.686 +00:00 [INF] Request finished HTTP/1.1 POST http://localhost:5000/api/auth/login - 400 null application/problem+json; charset=utf-8 69.2365ms
2026-02-15 20:26:42.384 +00:00 [INF] Request starting HTTP/1.1 POST http://localhost:5000/api/auth/login - application/json 2
2026-02-15 20:26:42.547 +00:00 [INF] Executing endpoint 'QAMS.Api.Controllers.AuthController.Login (QAMS.Api)'
2026-02-15 20:26:42.576 +00:00 [INF] Route matched with {action = "Login", controller = "Auth"}. Executing controller action with signature System.Threading.Tasks.Task`1[Microsoft.AspNetCore.Mvc.IActionResult] Login(QAMS.Application.DTOs.Auth.LoginRequestDto) on controller QAMS.Api.Controllers.AuthController (QAMS.Api).
2026-02-15 20:26:42.863 +00:00 [INF] Executing BadRequestObjectResult, writing value of type 'Microsoft.AspNetCore.Mvc.ValidationProblemDetails'.
2026-02-15 20:26:42.882 +00:00 [INF] Executed action QAMS.Api.Controllers.AuthController.Login (QAMS.Api) in 299.4894ms
2026-02-15 20:26:42.887 +00:00 [INF] Executed endpoint 'QAMS.Api.Controllers.AuthController.Login (QAMS.Api)'
2026-02-15 20:26:42.893 +00:00 [INF] Request finished HTTP/1.1 POST http://localhost:5000/api/auth/login - 400 null application/problem+json; charset=utf-8 513.2438ms
2026-02-15 20:27:11.528 +00:00 [INF] Request starting HTTP/1.1 POST http://localhost:5000/api/auth/login - null null
2026-02-15 20:27:11.536 +00:00 [INF] Executing endpoint 'QAMS.Api.Controllers.AuthController.Login (QAMS.Api)'
2026-02-15 20:27:11.537 +00:00 [INF] Route matched with {action = "Login", controller = "Auth"}. Executing controller action with signature System.Threading.Tasks.Task`1[Microsoft.AspNetCore.Mvc.IActionResult] Login(QAMS.Application.DTOs.Auth.LoginRequestDto) on controller QAMS.Api.Controllers.AuthController (QAMS.Api).
2026-02-15 20:27:11.617 +00:00 [INF] Executing ObjectResult, writing value of type 'Microsoft.AspNetCore.Mvc.ProblemDetails'.
2026-02-15 20:27:11.787 +00:00 [INF] Executed action QAMS.Api.Controllers.AuthController.Login (QAMS.Api) in 248.2794ms
2026-02-15 20:27:11.789 +00:00 [INF] Executed endpoint 'QAMS.Api.Controllers.AuthController.Login (QAMS.Api)'
2026-02-15 20:27:11.791 +00:00 [INF] Request finished HTTP/1.1 POST http://localhost:5000/api/auth/login - 415 null application/problem+json; charset=utf-8 263.5058ms
2026-02-15 20:27:25.178 +00:00 [INF] Request starting HTTP/1.1 POST http://localhost:5000/api/auth/login - application/json 61
2026-02-15 20:27:25.184 +00:00 [INF] Executing endpoint 'QAMS.Api.Controllers.AuthController.Login (QAMS.Api)'
2026-02-15 20:27:25.185 +00:00 [INF] Route matched with {action = "Login", controller = "Auth"}. Executing controller action with signature System.Threading.Tasks.Task`1[Microsoft.AspNetCore.Mvc.IActionResult] Login(QAMS.Application.DTOs.Auth.LoginRequestDto) on controller QAMS.Api.Controllers.AuthController (QAMS.Api).
2026-02-15 20:27:25.350 +00:00 [INF] POST /api/auth/login - Usuario: admin
2026-02-15 20:27:25.367 +00:00 [INF] Intento de login: 'admin'.
2026-02-15 20:27:27.208 +00:00 [WRN] Compiling a query which loads related collections for more than one collection navigation, either via 'Include' or through projection, but no 'QuerySplittingBehavior' has been configured. By default, Entity Framework will use 'QuerySplittingBehavior.SingleQuery', which can potentially result in slow query performance. See https://go.microsoft.com/fwlink/?linkid=2134277 for more information. To identify the query that's triggering this warning call 'ConfigureWarnings(w => w.Throw(RelationalEventId.MultipleCollectionIncludeWarning))'.
2026-02-15 20:27:28.247 +00:00 [INF] Executed DbCommand (354ms) [Parameters=[@__username_0='?'], CommandType='"Text"', CommandTimeout='30']
SELECT t.id, t.created_at, t.email, t.full_name, t.is_active, t.password_hash, t.refresh_token, t.refresh_token_expiry_time, t.updated_at, t.username, t0."UserId", t0."RoleId", t0."AssignedAt", t0.id, t0.created_at, t0.description, t0.is_active, t0.name, t0."RoleId0", t0."PermissionId", t0."AssignedAt0", t0."Id0", t0."Code", t0."CreatedAt", t0."Description0", t0."Module"
FROM (
    SELECT u.id, u.created_at, u.email, u.full_name, u.is_active, u.password_hash, u.refresh_token, u.refresh_token_expiry_time, u.updated_at, u.username
    FROM users AS u
    WHERE u.username = @__username_0
    LIMIT 1
) AS t
LEFT JOIN (
    SELECT u0."UserId", u0."RoleId", u0."AssignedAt", r.id, r.created_at, r.description, r.is_active, r.name, t1."RoleId" AS "RoleId0", t1."PermissionId", t1."AssignedAt" AS "AssignedAt0", t1."Id" AS "Id0", t1."Code", t1."CreatedAt", t1."Description" AS "Description0", t1."Module"
    FROM user_roles AS u0
    INNER JOIN roles AS r ON u0."RoleId" = r.id
    LEFT JOIN (
        SELECT r0."RoleId", r0."PermissionId", r0."AssignedAt", p."Id", p."Code", p."CreatedAt", p."Description", p."Module"
        FROM role_permissions AS r0
        INNER JOIN "Permissions" AS p ON r0."PermissionId" = p."Id"
    ) AS t1 ON r.id = t1."RoleId"
) AS t0 ON t.id = t0."UserId"
ORDER BY t.id, t0."UserId", t0."RoleId", t0.id, t0."RoleId0", t0."PermissionId"
2026-02-15 20:27:31.132 +00:00 [WRN] Contraseña incorrecta para 'admin'.
2026-02-15 20:27:31.143 +00:00 [INF] Executed action QAMS.Api.Controllers.AuthController.Login (QAMS.Api) in 5957.4024ms
2026-02-15 20:27:31.146 +00:00 [INF] Executed endpoint 'QAMS.Api.Controllers.AuthController.Login (QAMS.Api)'
2026-02-15 20:27:31.161 +00:00 [WRN] Error de dominio: Credenciales inválidas.
QAMS.Domain.Exceptions.DomainException: Credenciales inválidas.
   at QAMS.Application.Services.AuthService.LoginAsync(LoginRequestDto request) in /src/src/QAMS.Application/Services/AuthService.cs:line 48
   at QAMS.Api.Controllers.AuthController.Login(LoginRequestDto request) in /src/src/QAMS.Api/Controllers/AuthController.cs:line 29
   at Microsoft.AspNetCore.Mvc.Infrastructure.ActionMethodExecutor.TaskOfIActionResultExecutor.Execute(ActionContext actionContext, IActionResultTypeMapper mapper, ObjectMethodExecutor executor, Object controller, Object[] arguments)
   at Microsoft.AspNetCore.Mvc.Infrastructure.ControllerActionInvoker.<InvokeActionMethodAsync>g__Awaited|12_0(ControllerActionInvoker invoker, ValueTask`1 actionResultValueTask)
   at Microsoft.AspNetCore.Mvc.Infrastructure.ControllerActionInvoker.<InvokeNextActionFilterAsync>g__Awaited|10_0(ControllerActionInvoker invoker, Task lastTask, State next, Scope scope, Object state, Boolean isCompleted)
   at Microsoft.AspNetCore.Mvc.Infrastructure.ControllerActionInvoker.Rethrow(ActionExecutedContextSealed context)
   at Microsoft.AspNetCore.Mvc.Infrastructure.ControllerActionInvoker.Next(State& next, Scope& scope, Object& state, Boolean& isCompleted)
   at Microsoft.AspNetCore.Mvc.Infrastructure.ControllerActionInvoker.<InvokeInnerFilterAsync>g__Awaited|13_0(ControllerActionInvoker invoker, Task lastTask, State next, Scope scope, Object state, Boolean isCompleted)
   at Microsoft.AspNetCore.Mvc.Infrastructure.ResourceInvoker.<InvokeFilterPipelineAsync>g__Awaited|20_0(ResourceInvoker invoker, Task lastTask, State next, Scope scope, Object state, Boolean isCompleted)
   at Microsoft.AspNetCore.Mvc.Infrastructure.ResourceInvoker.<InvokeAsync>g__Logged|17_1(ResourceInvoker invoker)
   at Microsoft.AspNetCore.Mvc.Infrastructure.ResourceInvoker.<InvokeAsync>g__Logged|17_1(ResourceInvoker invoker)
   at Microsoft.AspNetCore.Routing.EndpointMiddleware.<Invoke>g__AwaitRequestTask|7_0(Endpoint endpoint, Task requestTask, ILogger logger)
   at Microsoft.AspNetCore.Authorization.AuthorizationMiddleware.Invoke(HttpContext context)
   at Microsoft.AspNetCore.Authentication.AuthenticationMiddleware.Invoke(HttpContext context)
   at Swashbuckle.AspNetCore.SwaggerUI.SwaggerUIMiddleware.Invoke(HttpContext httpContext)
   at Swashbuckle.AspNetCore.Swagger.SwaggerMiddleware.Invoke(HttpContext httpContext, ISwaggerProvider swaggerProvider)
   at QAMS.Api.Middleware.ExceptionHandlingMiddleware.InvokeAsync(HttpContext context) in /src/src/QAMS.Api/Middleware/ExceptionHandlingMiddleware.cs:line 27
2026-02-15 20:27:31.444 +00:00 [INF] Request finished HTTP/1.1 POST http://localhost:5000/api/auth/login - 400 null application/json 6266.3702ms
2026-02-15 20:30:57.194 +00:00 [INF] Request starting HTTP/1.1 POST http://localhost:5000/api/auth/register - application/json 132
2026-02-15 20:30:57.264 +00:00 [INF] Executing endpoint 'QAMS.Api.Controllers.AuthController.Register (QAMS.Api)'
2026-02-15 20:30:57.448 +00:00 [INF] Route matched with {action = "Register", controller = "Auth"}. Executing controller action with signature System.Threading.Tasks.Task`1[Microsoft.AspNetCore.Mvc.IActionResult] Register(QAMS.Application.DTOs.Auth.RegisterRequestDto) on controller QAMS.Api.Controllers.AuthController (QAMS.Api).
2026-02-15 20:30:57.597 +00:00 [INF] POST /api/auth/register - Usuario: testuser
2026-02-15 20:30:57.632 +00:00 [INF] Registro: 'testuser'.
2026-02-15 20:30:57.890 +00:00 [INF] Executed DbCommand (31ms) [Parameters=[@__username_0='?'], CommandType='"Text"', CommandTimeout='30']
SELECT u.id, u.created_at, u.email, u.full_name, u.is_active, u.password_hash, u.refresh_token, u.refresh_token_expiry_time, u.updated_at, u.username
FROM users AS u
WHERE u.username = @__username_0
LIMIT 1
2026-02-15 20:30:57.978 +00:00 [INF] Executed DbCommand (4ms) [Parameters=[@__email_0='?'], CommandType='"Text"', CommandTimeout='30']
SELECT u.id, u.created_at, u.email, u.full_name, u.is_active, u.password_hash, u.refresh_token, u.refresh_token_expiry_time, u.updated_at, u.username
FROM users AS u
WHERE u.email = @__email_0
LIMIT 1
2026-02-15 20:30:59.505 +00:00 [INF] Executed DbCommand (58ms) [Parameters=[@p0='?' (DbType = Guid), @p1='?' (DbType = DateTime), @p2='?', @p3='?', @p4='?', @p5='?', @p6='?' (DbType = DateTime), @p7='?' (DbType = DateTime), @p8='?'], CommandType='"Text"', CommandTimeout='30']
INSERT INTO users (id, created_at, email, full_name, password_hash, refresh_token, refresh_token_expiry_time, updated_at, username)
VALUES (@p0, @p1, @p2, @p3, @p4, @p5, @p6, @p7, @p8)
RETURNING is_active;
2026-02-15 20:30:59.606 +00:00 [INF] 1 cambios persistidos.
2026-02-15 20:30:59.608 +00:00 [INF] Usuario registrado: 'testuser' ("7a6d32dc-1788-4ff6-ad73-43b3f79cd160").
2026-02-15 20:30:59.611 +00:00 [INF] Intento de login: 'testuser'.
2026-02-15 20:30:59.658 +00:00 [INF] Executed DbCommand (30ms) [Parameters=[@__username_0='?'], CommandType='"Text"', CommandTimeout='30']
SELECT t.id, t.created_at, t.email, t.full_name, t.is_active, t.password_hash, t.refresh_token, t.refresh_token_expiry_time, t.updated_at, t.username, t0."UserId", t0."RoleId", t0."AssignedAt", t0.id, t0.created_at, t0.description, t0.is_active, t0.name, t0."RoleId0", t0."PermissionId", t0."AssignedAt0", t0."Id0", t0."Code", t0."CreatedAt", t0."Description0", t0."Module"
FROM (
    SELECT u.id, u.created_at, u.email, u.full_name, u.is_active, u.password_hash, u.refresh_token, u.refresh_token_expiry_time, u.updated_at, u.username
    FROM users AS u
    WHERE u.username = @__username_0
    LIMIT 1
) AS t
LEFT JOIN (
    SELECT u0."UserId", u0."RoleId", u0."AssignedAt", r.id, r.created_at, r.description, r.is_active, r.name, t1."RoleId" AS "RoleId0", t1."PermissionId", t1."AssignedAt" AS "AssignedAt0", t1."Id" AS "Id0", t1."Code", t1."CreatedAt", t1."Description" AS "Description0", t1."Module"
    FROM user_roles AS u0
    INNER JOIN roles AS r ON u0."RoleId" = r.id
    LEFT JOIN (
        SELECT r0."RoleId", r0."PermissionId", r0."AssignedAt", p."Id", p."Code", p."CreatedAt", p."Description", p."Module"
        FROM role_permissions AS r0
        INNER JOIN "Permissions" AS p ON r0."PermissionId" = p."Id"
    ) AS t1 ON r.id = t1."RoleId"
) AS t0 ON t.id = t0."UserId"
ORDER BY t.id, t0."UserId", t0."RoleId", t0.id, t0."RoleId0", t0."PermissionId"
2026-02-15 20:31:00.560 +00:00 [INF] Obteniendo permisos del usuario '"7a6d32dc-1788-4ff6-ad73-43b3f79cd160"'.
2026-02-15 20:31:00.693 +00:00 [INF] Executed DbCommand (16ms) [Parameters=[@__userId_0='?' (DbType = Guid)], CommandType='"Text"', CommandTimeout='30']
SELECT DISTINCT p."Code"
FROM user_roles AS u
INNER JOIN roles AS r ON u."RoleId" = r.id
INNER JOIN role_permissions AS r0 ON r.id = r0."RoleId"
INNER JOIN "Permissions" AS p ON r0."PermissionId" = p."Id"
WHERE u."UserId" = @__userId_0
2026-02-15 20:31:00.701 +00:00 [INF] Usuario '"7a6d32dc-1788-4ff6-ad73-43b3f79cd160"' tiene 0 permisos.
2026-02-15 20:31:00.982 +00:00 [INF] Executed DbCommand (32ms) [Parameters=[@p9='?' (DbType = Guid), @p0='?' (DbType = DateTime), @p1='?', @p2='?', @p3='?' (DbType = Boolean), @p4='?', @p5='?', @p6='?' (DbType = DateTime), @p7='?' (DbType = DateTime), @p8='?'], CommandType='"Text"', CommandTimeout='30']
UPDATE users SET created_at = @p0, email = @p1, full_name = @p2, is_active = @p3, password_hash = @p4, refresh_token = @p5, refresh_token_expiry_time = @p6, updated_at = @p7, username = @p8
WHERE id = @p9;
2026-02-15 20:31:00.992 +00:00 [INF] 1 cambios persistidos.
2026-02-15 20:31:00.993 +00:00 [INF] Login exitoso: 'testuser', 0 permisos.
2026-02-15 20:31:01.007 +00:00 [INF] Executing CreatedResult, writing value of type 'QAMS.Application.DTOs.Auth.LoginResponseDto'.
2026-02-15 20:31:01.050 +00:00 [INF] Executed action QAMS.Api.Controllers.AuthController.Register (QAMS.Api) in 3592.3945ms
2026-02-15 20:31:01.054 +00:00 [INF] Executed endpoint 'QAMS.Api.Controllers.AuthController.Register (QAMS.Api)'
2026-02-15 20:31:01.057 +00:00 [INF] Request finished HTTP/1.1 POST http://localhost:5000/api/auth/register - 201 null application/json; charset=utf-8 3875.5818ms
2026-02-15 20:31:58.316 +00:00 [INF] Request starting HTTP/1.1 POST http://localhost:5000/api/auth/login - application/json 64
2026-02-15 20:31:58.397 +00:00 [INF] Executing endpoint 'QAMS.Api.Controllers.AuthController.Login (QAMS.Api)'
2026-02-15 20:31:58.419 +00:00 [INF] Route matched with {action = "Login", controller = "Auth"}. Executing controller action with signature System.Threading.Tasks.Task`1[Microsoft.AspNetCore.Mvc.IActionResult] Login(QAMS.Application.DTOs.Auth.LoginRequestDto) on controller QAMS.Api.Controllers.AuthController (QAMS.Api).
2026-02-15 20:31:58.463 +00:00 [INF] POST /api/auth/login - Usuario: admin
2026-02-15 20:31:58.555 +00:00 [INF] Intento de login: 'admin'.
2026-02-15 20:31:58.598 +00:00 [INF] Executed DbCommand (8ms) [Parameters=[@__username_0='?'], CommandType='"Text"', CommandTimeout='30']
SELECT t.id, t.created_at, t.email, t.full_name, t.is_active, t.password_hash, t.refresh_token, t.refresh_token_expiry_time, t.updated_at, t.username, t0."UserId", t0."RoleId", t0."AssignedAt", t0.id, t0.created_at, t0.description, t0.is_active, t0.name, t0."RoleId0", t0."PermissionId", t0."AssignedAt0", t0."Id0", t0."Code", t0."CreatedAt", t0."Description0", t0."Module"
FROM (
    SELECT u.id, u.created_at, u.email, u.full_name, u.is_active, u.password_hash, u.refresh_token, u.refresh_token_expiry_time, u.updated_at, u.username
    FROM users AS u
    WHERE u.username = @__username_0
    LIMIT 1
) AS t
LEFT JOIN (
    SELECT u0."UserId", u0."RoleId", u0."AssignedAt", r.id, r.created_at, r.description, r.is_active, r.name, t1."RoleId" AS "RoleId0", t1."PermissionId", t1."AssignedAt" AS "AssignedAt0", t1."Id" AS "Id0", t1."Code", t1."CreatedAt", t1."Description" AS "Description0", t1."Module"
    FROM user_roles AS u0
    INNER JOIN roles AS r ON u0."RoleId" = r.id
    LEFT JOIN (
        SELECT r0."RoleId", r0."PermissionId", r0."AssignedAt", p."Id", p."Code", p."CreatedAt", p."Description", p."Module"
        FROM role_permissions AS r0
        INNER JOIN "Permissions" AS p ON r0."PermissionId" = p."Id"
    ) AS t1 ON r.id = t1."RoleId"
) AS t0 ON t.id = t0."UserId"
ORDER BY t.id, t0."UserId", t0."RoleId", t0.id, t0."RoleId0", t0."PermissionId"
2026-02-15 20:31:59.660 +00:00 [WRN] Contraseña incorrecta para 'admin'.
2026-02-15 20:31:59.683 +00:00 [INF] Executed action QAMS.Api.Controllers.AuthController.Login (QAMS.Api) in 1246.8366ms
2026-02-15 20:31:59.698 +00:00 [INF] Executed endpoint 'QAMS.Api.Controllers.AuthController.Login (QAMS.Api)'
2026-02-15 20:31:59.713 +00:00 [WRN] Error de dominio: Credenciales inválidas.
QAMS.Domain.Exceptions.DomainException: Credenciales inválidas.
   at QAMS.Application.Services.AuthService.LoginAsync(LoginRequestDto request) in /src/src/QAMS.Application/Services/AuthService.cs:line 48
   at QAMS.Api.Controllers.AuthController.Login(LoginRequestDto request) in /src/src/QAMS.Api/Controllers/AuthController.cs:line 29
   at Microsoft.AspNetCore.Mvc.Infrastructure.ActionMethodExecutor.TaskOfIActionResultExecutor.Execute(ActionContext actionContext, IActionResultTypeMapper mapper, ObjectMethodExecutor executor, Object controller, Object[] arguments)
   at Microsoft.AspNetCore.Mvc.Infrastructure.ControllerActionInvoker.<InvokeActionMethodAsync>g__Awaited|12_0(ControllerActionInvoker invoker, ValueTask`1 actionResultValueTask)
   at Microsoft.AspNetCore.Mvc.Infrastructure.ControllerActionInvoker.<InvokeNextActionFilterAsync>g__Awaited|10_0(ControllerActionInvoker invoker, Task lastTask, State next, Scope scope, Object state, Boolean isCompleted)
   at Microsoft.AspNetCore.Mvc.Infrastructure.ControllerActionInvoker.Rethrow(ActionExecutedContextSealed context)
   at Microsoft.AspNetCore.Mvc.Infrastructure.ControllerActionInvoker.Next(State& next, Scope& scope, Object& state, Boolean& isCompleted)
   at Microsoft.AspNetCore.Mvc.Infrastructure.ControllerActionInvoker.<InvokeInnerFilterAsync>g__Awaited|13_0(ControllerActionInvoker invoker, Task lastTask, State next, Scope scope, Object state, Boolean isCompleted)
   at Microsoft.AspNetCore.Mvc.Infrastructure.ResourceInvoker.<InvokeFilterPipelineAsync>g__Awaited|20_0(ResourceInvoker invoker, Task lastTask, State next, Scope scope, Object state, Boolean isCompleted)
   at Microsoft.AspNetCore.Mvc.Infrastructure.ResourceInvoker.<InvokeAsync>g__Logged|17_1(ResourceInvoker invoker)
   at Microsoft.AspNetCore.Mvc.Infrastructure.ResourceInvoker.<InvokeAsync>g__Logged|17_1(ResourceInvoker invoker)
   at Microsoft.AspNetCore.Routing.EndpointMiddleware.<Invoke>g__AwaitRequestTask|7_0(Endpoint endpoint, Task requestTask, ILogger logger)
   at Microsoft.AspNetCore.Authorization.AuthorizationMiddleware.Invoke(HttpContext context)
   at Microsoft.AspNetCore.Authentication.AuthenticationMiddleware.Invoke(HttpContext context)
   at Swashbuckle.AspNetCore.SwaggerUI.SwaggerUIMiddleware.Invoke(HttpContext httpContext)
   at Swashbuckle.AspNetCore.Swagger.SwaggerMiddleware.Invoke(HttpContext httpContext, ISwaggerProvider swaggerProvider)
   at QAMS.Api.Middleware.ExceptionHandlingMiddleware.InvokeAsync(HttpContext context) in /src/src/QAMS.Api/Middleware/ExceptionHandlingMiddleware.cs:line 27
2026-02-15 20:31:59.757 +00:00 [INF] Request finished HTTP/1.1 POST http://localhost:5000/api/auth/login - 400 null application/json 1441.2199ms
2026-02-15 20:44:45.561 +00:00 [INF] Application is shutting down...
2026-02-15 20:45:06.647 +00:00 [INF] Executed DbCommand (66ms) [Parameters=[], CommandType='"Text"', CommandTimeout='30']
SELECT EXISTS (
    SELECT 1 FROM pg_catalog.pg_class c
    JOIN pg_catalog.pg_namespace n ON n.oid=c.relnamespace
    WHERE n.nspname='public' AND
          c.relname='__EFMigrationsHistory'
)
2026-02-15 20:45:06.757 +00:00 [INF] Executed DbCommand (2ms) [Parameters=[], CommandType='"Text"', CommandTimeout='30']
SELECT EXISTS (
    SELECT 1 FROM pg_catalog.pg_class c
    JOIN pg_catalog.pg_namespace n ON n.oid=c.relnamespace
    WHERE n.nspname='public' AND
          c.relname='__EFMigrationsHistory'
)
2026-02-15 20:45:06.877 +00:00 [INF] Executed DbCommand (18ms) [Parameters=[], CommandType='"Text"', CommandTimeout='30']
CREATE TABLE "__EFMigrationsHistory" (
    "MigrationId" character varying(150) NOT NULL,
    "ProductVersion" character varying(32) NOT NULL,
    CONSTRAINT "PK___EFMigrationsHistory" PRIMARY KEY ("MigrationId")
);
2026-02-15 20:45:06.885 +00:00 [INF] Executed DbCommand (1ms) [Parameters=[], CommandType='"Text"', CommandTimeout='30']
SELECT EXISTS (
    SELECT 1 FROM pg_catalog.pg_class c
    JOIN pg_catalog.pg_namespace n ON n.oid=c.relnamespace
    WHERE n.nspname='public' AND
          c.relname='__EFMigrationsHistory'
)
2026-02-15 20:45:06.892 +00:00 [INF] Executed DbCommand (2ms) [Parameters=[], CommandType='"Text"', CommandTimeout='30']
SELECT "MigrationId", "ProductVersion"
FROM "__EFMigrationsHistory"
ORDER BY "MigrationId";
2026-02-15 20:45:06.918 +00:00 [INF] Applying migration '20260214041238_InitialCreate'.
2026-02-15 20:45:07.060 +00:00 [INF] Executed DbCommand (19ms) [Parameters=[], CommandType='"Text"', CommandTimeout='30']
CREATE TABLE "EvidenceTypes" (
    "Id" integer GENERATED BY DEFAULT AS IDENTITY,
    "Code" text NOT NULL,
    "Name" text NOT NULL,
    "Description" text,
    "SortOrder" integer NOT NULL,
    "IsActive" boolean NOT NULL,
    "CreatedAt" timestamp with time zone NOT NULL,
    CONSTRAINT "PK_EvidenceTypes" PRIMARY KEY ("Id")
);
2026-02-15 20:45:07.080 +00:00 [INF] Executed DbCommand (19ms) [Parameters=[], CommandType='"Text"', CommandTimeout='30']
CREATE TABLE execution_statuses (
    id integer GENERATED BY DEFAULT AS IDENTITY,
    code character varying(50) NOT NULL,
    name character varying(100) NOT NULL,
    description character varying(500),
    sort_order integer NOT NULL DEFAULT 0,
    is_active boolean NOT NULL DEFAULT TRUE,
    created_at timestamp with time zone NOT NULL DEFAULT (NOW()),
    CONSTRAINT "PK_execution_statuses" PRIMARY KEY (id)
);
2026-02-15 20:45:07.099 +00:00 [INF] Executed DbCommand (18ms) [Parameters=[], CommandType='"Text"', CommandTimeout='30']
CREATE TABLE "Permissions" (
    "Id" uuid NOT NULL,
    "Code" text NOT NULL,
    "Description" text NOT NULL,
    "Module" text NOT NULL,
    "CreatedAt" timestamp with time zone NOT NULL,
    CONSTRAINT "PK_Permissions" PRIMARY KEY ("Id")
);
2026-02-15 20:45:07.115 +00:00 [INF] Executed DbCommand (16ms) [Parameters=[], CommandType='"Text"', CommandTimeout='30']
CREATE TABLE "Projects" (
    "Id" uuid NOT NULL,
    "Name" text NOT NULL,
    "Description" text,
    "IsActive" boolean NOT NULL,
    "CreatedAt" timestamp with time zone NOT NULL,
    "UpdatedAt" timestamp with time zone,
    CONSTRAINT "PK_Projects" PRIMARY KEY ("Id")
);
2026-02-15 20:45:07.134 +00:00 [INF] Executed DbCommand (17ms) [Parameters=[], CommandType='"Text"', CommandTimeout='30']
CREATE TABLE "Roles" (
    "Id" uuid NOT NULL,
    "Name" text NOT NULL,
    "Description" text,
    "IsActive" boolean NOT NULL,
    "CreatedAt" timestamp with time zone NOT NULL,
    CONSTRAINT "PK_Roles" PRIMARY KEY ("Id")
);
2026-02-15 20:45:07.166 +00:00 [INF] Executed DbCommand (31ms) [Parameters=[], CommandType='"Text"', CommandTimeout='30']
CREATE TABLE "StepResultStatuses" (
    "Id" integer GENERATED BY DEFAULT AS IDENTITY,
    "Code" text NOT NULL,
    "Name" text NOT NULL,
    "Description" text,
    "SortOrder" integer NOT NULL,
    "IsActive" boolean NOT NULL,
    "CreatedAt" timestamp with time zone NOT NULL,
    CONSTRAINT "PK_StepResultStatuses" PRIMARY KEY ("Id")
);
2026-02-15 20:45:07.186 +00:00 [INF] Executed DbCommand (19ms) [Parameters=[], CommandType='"Text"', CommandTimeout='30']
CREATE TABLE "TaskPriorities" (
    "Id" integer GENERATED BY DEFAULT AS IDENTITY,
    "Code" text NOT NULL,
    "Name" text NOT NULL,
    "Description" text,
    "SortOrder" integer NOT NULL,
    "IsActive" boolean NOT NULL,
    "CreatedAt" timestamp with time zone NOT NULL,
    CONSTRAINT "PK_TaskPriorities" PRIMARY KEY ("Id")
);
2026-02-15 20:45:07.205 +00:00 [INF] Executed DbCommand (18ms) [Parameters=[], CommandType='"Text"', CommandTimeout='30']
CREATE TABLE "TestCasePriorities" (
    "Id" integer GENERATED BY DEFAULT AS IDENTITY,
    "Code" text NOT NULL,
    "Name" text NOT NULL,
    "Description" text,
    "SortOrder" integer NOT NULL,
    "IsActive" boolean NOT NULL,
    "CreatedAt" timestamp with time zone NOT NULL,
    CONSTRAINT "PK_TestCasePriorities" PRIMARY KEY ("Id")
);
2026-02-15 20:45:07.227 +00:00 [INF] Executed DbCommand (20ms) [Parameters=[], CommandType='"Text"', CommandTimeout='30']
CREATE TABLE "Users" (
    "Id" uuid NOT NULL,
    "Username" text NOT NULL,
    "Email" text NOT NULL,
    "PasswordHash" text NOT NULL,
    "FullName" text NOT NULL,
    "IsActive" boolean NOT NULL,
    "RefreshToken" text,
    "RefreshTokenExpiryTime" timestamp with time zone,
    "CreatedAt" timestamp with time zone NOT NULL,
    "UpdatedAt" timestamp with time zone,
    CONSTRAINT "PK_Users" PRIMARY KEY ("Id")
);
2026-02-15 20:45:07.250 +00:00 [INF] Executed DbCommand (22ms) [Parameters=[], CommandType='"Text"', CommandTimeout='30']
CREATE TABLE "KanbanBoards" (
    "Id" uuid NOT NULL,
    "ProjectId" uuid NOT NULL,
    "Name" text NOT NULL,
    "CreatedAt" timestamp with time zone NOT NULL,
    CONSTRAINT "PK_KanbanBoards" PRIMARY KEY ("Id"),
    CONSTRAINT "FK_KanbanBoards_Projects_ProjectId" FOREIGN KEY ("ProjectId") REFERENCES "Projects" ("Id") ON DELETE CASCADE
);
2026-02-15 20:45:07.275 +00:00 [INF] Executed DbCommand (22ms) [Parameters=[], CommandType='"Text"', CommandTimeout='30']
CREATE TABLE "TestSuites" (
    "Id" uuid NOT NULL,
    "ProjectId" uuid NOT NULL,
    "Name" text NOT NULL,
    "Description" text,
    "CreatedAt" timestamp with time zone NOT NULL,
    CONSTRAINT "PK_TestSuites" PRIMARY KEY ("Id"),
    CONSTRAINT "FK_TestSuites_Projects_ProjectId" FOREIGN KEY ("ProjectId") REFERENCES "Projects" ("Id") ON DELETE CASCADE
);
2026-02-15 20:45:07.286 +00:00 [INF] Executed DbCommand (10ms) [Parameters=[], CommandType='"Text"', CommandTimeout='30']
CREATE TABLE role_permissions (
    "RoleId" uuid NOT NULL,
    "PermissionId" uuid NOT NULL,
    "AssignedAt" timestamp with time zone NOT NULL,
    CONSTRAINT "PK_role_permissions" PRIMARY KEY ("RoleId", "PermissionId"),
    CONSTRAINT "FK_role_permissions_Permissions_PermissionId" FOREIGN KEY ("PermissionId") REFERENCES "Permissions" ("Id") ON DELETE CASCADE,
    CONSTRAINT "FK_role_permissions_Roles_RoleId" FOREIGN KEY ("RoleId") REFERENCES "Roles" ("Id") ON DELETE CASCADE
);
2026-02-15 20:45:07.300 +00:00 [INF] Executed DbCommand (13ms) [Parameters=[], CommandType='"Text"', CommandTimeout='30']
CREATE TABLE user_roles (
    "UserId" uuid NOT NULL,
    "RoleId" uuid NOT NULL,
    "AssignedAt" timestamp with time zone NOT NULL,
    CONSTRAINT "PK_user_roles" PRIMARY KEY ("UserId", "RoleId"),
    CONSTRAINT "FK_user_roles_Roles_RoleId" FOREIGN KEY ("RoleId") REFERENCES "Roles" ("Id") ON DELETE CASCADE,
    CONSTRAINT "FK_user_roles_Users_UserId" FOREIGN KEY ("UserId") REFERENCES "Users" ("Id") ON DELETE CASCADE
);
2026-02-15 20:45:07.321 +00:00 [INF] Executed DbCommand (19ms) [Parameters=[], CommandType='"Text"', CommandTimeout='30']
CREATE TABLE "KanbanColumns" (
    "Id" uuid NOT NULL,
    "KanbanBoardId" uuid NOT NULL,
    "Name" text NOT NULL,
    "OrderIndex" integer NOT NULL,
    "CreatedAt" timestamp with time zone NOT NULL,
    CONSTRAINT "PK_KanbanColumns" PRIMARY KEY ("Id"),
    CONSTRAINT "FK_KanbanColumns_KanbanBoards_KanbanBoardId" FOREIGN KEY ("KanbanBoardId") REFERENCES "KanbanBoards" ("Id") ON DELETE CASCADE
);
2026-02-15 20:45:07.343 +00:00 [INF] Executed DbCommand (21ms) [Parameters=[], CommandType='"Text"', CommandTimeout='30']
CREATE TABLE "TestCases" (
    "Id" uuid NOT NULL,
    "TestSuiteId" uuid NOT NULL,
    "Title" text NOT NULL,
    "Description" text,
    "Preconditions" text,
    "ExpectedResult" text NOT NULL,
    "PriorityId" integer NOT NULL,
    "IsActive" boolean NOT NULL,
    "CreatedAt" timestamp with time zone NOT NULL,
    "UpdatedAt" timestamp with time zone,
    CONSTRAINT "PK_TestCases" PRIMARY KEY ("Id"),
    CONSTRAINT "FK_TestCases_TestCasePriorities_PriorityId" FOREIGN KEY ("PriorityId") REFERENCES "TestCasePriorities" ("Id") ON DELETE CASCADE,
    CONSTRAINT "FK_TestCases_TestSuites_TestSuiteId" FOREIGN KEY ("TestSuiteId") REFERENCES "TestSuites" ("Id") ON DELETE CASCADE
);
2026-02-15 20:45:07.371 +00:00 [INF] Executed DbCommand (27ms) [Parameters=[], CommandType='"Text"', CommandTimeout='30']
CREATE TABLE "KanbanTasks" (
    "Id" uuid NOT NULL,
    "KanbanColumnId" uuid NOT NULL,
    "Title" text NOT NULL,
    "Description" text,
    "AssigneeId" uuid,
    "TestCaseId" uuid,
    "PriorityId" integer NOT NULL,
    "DueDate" timestamp with time zone,
    "OrderIndex" integer NOT NULL,
    "CreatedAt" timestamp with time zone NOT NULL,
    "UpdatedAt" timestamp with time zone,
    CONSTRAINT "PK_KanbanTasks" PRIMARY KEY ("Id"),
    CONSTRAINT "FK_KanbanTasks_KanbanColumns_KanbanColumnId" FOREIGN KEY ("KanbanColumnId") REFERENCES "KanbanColumns" ("Id") ON DELETE CASCADE,
    CONSTRAINT "FK_KanbanTasks_TaskPriorities_PriorityId" FOREIGN KEY ("PriorityId") REFERENCES "TaskPriorities" ("Id") ON DELETE CASCADE,
    CONSTRAINT "FK_KanbanTasks_TestCases_TestCaseId" FOREIGN KEY ("TestCaseId") REFERENCES "TestCases" ("Id"),
    CONSTRAINT "FK_KanbanTasks_Users_AssigneeId" FOREIGN KEY ("AssigneeId") REFERENCES "Users" ("Id")
);
2026-02-15 20:45:07.392 +00:00 [INF] Executed DbCommand (20ms) [Parameters=[], CommandType='"Text"', CommandTimeout='30']
CREATE TABLE test_executions (
    id uuid NOT NULL,
    test_case_id uuid NOT NULL,
    tester_id uuid NOT NULL,
    status_id integer NOT NULL,
    notes character varying(2000),
    execution_date timestamp with time zone NOT NULL DEFAULT (NOW()),
    completed_at timestamp with time zone,
    CONSTRAINT "PK_test_executions" PRIMARY KEY (id),
    CONSTRAINT "FK_test_executions_TestCases_test_case_id" FOREIGN KEY (test_case_id) REFERENCES "TestCases" ("Id") ON DELETE CASCADE,
    CONSTRAINT "FK_test_executions_Users_tester_id" FOREIGN KEY (tester_id) REFERENCES "Users" ("Id") ON DELETE RESTRICT,
    CONSTRAINT "FK_test_executions_execution_statuses_status_id" FOREIGN KEY (status_id) REFERENCES execution_statuses (id) ON DELETE RESTRICT
);
2026-02-15 20:45:07.412 +00:00 [INF] Executed DbCommand (19ms) [Parameters=[], CommandType='"Text"', CommandTimeout='30']
CREATE TABLE "TestSteps" (
    "Id" uuid NOT NULL,
    "TestCaseId" uuid NOT NULL,
    "StepOrder" integer NOT NULL,
    "Action" text NOT NULL,
    "ExpectedResult" text NOT NULL,
    CONSTRAINT "PK_TestSteps" PRIMARY KEY ("Id"),
    CONSTRAINT "FK_TestSteps_TestCases_TestCaseId" FOREIGN KEY ("TestCaseId") REFERENCES "TestCases" ("Id") ON DELETE CASCADE
);
2026-02-15 20:45:07.447 +00:00 [INF] Executed DbCommand (32ms) [Parameters=[], CommandType='"Text"', CommandTimeout='30']
CREATE TABLE "Evidences" (
    "Id" uuid NOT NULL,
    "TestExecutionId" uuid NOT NULL,
    "FileTypeId" integer NOT NULL,
    "FileName" text NOT NULL,
    "FilePath" text NOT NULL,
    "FileSize" bigint NOT NULL,
    "ContentType" text NOT NULL,
    "Description" text,
    "UploadedAt" timestamp with time zone NOT NULL,
    CONSTRAINT "PK_Evidences" PRIMARY KEY ("Id"),
    CONSTRAINT "FK_Evidences_EvidenceTypes_FileTypeId" FOREIGN KEY ("FileTypeId") REFERENCES "EvidenceTypes" ("Id") ON DELETE CASCADE,
    CONSTRAINT "FK_Evidences_test_executions_TestExecutionId" FOREIGN KEY ("TestExecutionId") REFERENCES test_executions (id) ON DELETE CASCADE
);
2026-02-15 20:45:07.470 +00:00 [INF] Executed DbCommand (21ms) [Parameters=[], CommandType='"Text"', CommandTimeout='30']
CREATE TABLE "ExecutionStepResults" (
    "Id" uuid NOT NULL,
    "TestExecutionId" uuid NOT NULL,
    "TestStepId" uuid NOT NULL,
    "StatusId" integer NOT NULL,
    "ActualResult" text,
    "Notes" text,
    "EvaluatedAt" timestamp with time zone NOT NULL,
    CONSTRAINT "PK_ExecutionStepResults" PRIMARY KEY ("Id"),
    CONSTRAINT "FK_ExecutionStepResults_StepResultStatuses_StatusId" FOREIGN KEY ("StatusId") REFERENCES "StepResultStatuses" ("Id") ON DELETE CASCADE,
    CONSTRAINT "FK_ExecutionStepResults_TestSteps_TestStepId" FOREIGN KEY ("TestStepId") REFERENCES "TestSteps" ("Id") ON DELETE CASCADE,
    CONSTRAINT "FK_ExecutionStepResults_test_executions_TestExecutionId" FOREIGN KEY ("TestExecutionId") REFERENCES test_executions (id) ON DELETE CASCADE
);
2026-02-15 20:45:07.479 +00:00 [INF] Executed DbCommand (8ms) [Parameters=[], CommandType='"Text"', CommandTimeout='30']
INSERT INTO "Permissions" ("Id", "Code", "CreatedAt", "Description", "Module")
VALUES ('41544143-4f4c-5347-5f4d-414e41474500', 'CATALOGS_MANAGE', TIMESTAMPTZ '2025-01-01T00:00:00Z', 'Administrar catálogos', 'Catalogs');
INSERT INTO "Permissions" ("Id", "Code", "CreatedAt", "Description", "Module")
VALUES ('41544143-4f4c-5347-5f56-494557000000', 'CATALOGS_VIEW', TIMESTAMPTZ '2025-01-01T00:00:00Z', 'Ver catálogos', 'Catalogs');
INSERT INTO "Permissions" ("Id", "Code", "CreatedAt", "Description", "Module")
VALUES ('424e414b-4e41-435f-5245-415445000000', 'KANBAN_CREATE', TIMESTAMPTZ '2025-01-01T00:00:00Z', 'Crear tableros/tareas', 'Kanban');
INSERT INTO "Permissions" ("Id", "Code", "CreatedAt", "Description", "Module")
VALUES ('424e414b-4e41-445f-454c-455445000000', 'KANBAN_DELETE', TIMESTAMPTZ '2025-01-01T00:00:00Z', 'Eliminar tareas', 'Kanban');
INSERT INTO "Permissions" ("Id", "Code", "CreatedAt", "Description", "Module")
VALUES ('424e414b-4e41-555f-5044-415445000000', 'KANBAN_UPDATE', TIMESTAMPTZ '2025-01-01T00:00:00Z', 'Mover tareas', 'Kanban');
INSERT INTO "Permissions" ("Id", "Code", "CreatedAt", "Description", "Module")
VALUES ('424e414b-4e41-565f-4945-570000000000', 'KANBAN_VIEW', TIMESTAMPTZ '2025-01-01T00:00:00Z', 'Ver tableros Kanban', 'Kanban');
INSERT INTO "Permissions" ("Id", "Code", "CreatedAt", "Description", "Module")
VALUES ('43455845-5455-4f49-4e53-5f4352454154', 'EXECUTIONS_CREATE', TIMESTAMPTZ '2025-01-01T00:00:00Z', 'Crear ejecuciones', 'Executions');
INSERT INTO "Permissions" ("Id", "Code", "CreatedAt", "Description", "Module")
VALUES ('43455845-5455-4f49-4e53-5f5550444154', 'EXECUTIONS_UPDATE', TIMESTAMPTZ '2025-01-01T00:00:00Z', 'Actualizar ejecuciones', 'Executions');
INSERT INTO "Permissions" ("Id", "Code", "CreatedAt", "Description", "Module")
VALUES ('43455845-5455-4f49-4e53-5f55504c4f41', 'EXECUTIONS_UPLOAD_EVIDENCE', TIMESTAMPTZ '2025-01-01T00:00:00Z', 'Subir evidencia', 'Executions');
INSERT INTO "Permissions" ("Id", "Code", "CreatedAt", "Description", "Module")
VALUES ('43455845-5455-4f49-4e53-5f5649455700', 'EXECUTIONS_VIEW', TIMESTAMPTZ '2025-01-01T00:00:00Z', 'Ver ejecuciones', 'Executions');
INSERT INTO "Permissions" ("Id", "Code", "CreatedAt", "Description", "Module")
VALUES ('454c4f52-5f53-4544-4c45-544500000000', 'ROLES_DELETE', TIMESTAMPTZ '2025-01-01T00:00:00Z', 'Eliminar roles', 'Roles');
INSERT INTO "Permissions" ("Id", "Code", "CreatedAt", "Description", "Module")
VALUES ('454c4f52-5f53-4956-4557-000000000000', 'ROLES_VIEW', TIMESTAMPTZ '2025-01-01T00:00:00Z', 'Ver roles', 'Roles');
INSERT INTO "Permissions" ("Id", "Code", "CreatedAt", "Description", "Module")
VALUES ('454c4f52-5f53-5055-4441-544500000000', 'ROLES_UPDATE', TIMESTAMPTZ '2025-01-01T00:00:00Z', 'Actualizar roles', 'Roles');
INSERT INTO "Permissions" ("Id", "Code", "CreatedAt", "Description", "Module")
VALUES ('454c4f52-5f53-5243-4541-544500000000', 'ROLES_CREATE', TIMESTAMPTZ '2025-01-01T00:00:00Z', 'Crear roles', 'Roles');
INSERT INTO "Permissions" ("Id", "Code", "CreatedAt", "Description", "Module")
VALUES ('454c4f52-5f53-5341-5349-474e5f504552', 'ROLES_ASSIGN_PERMISSIONS', TIMESTAMPTZ '2025-01-01T00:00:00Z', 'Asignar permisos a roles', 'Roles');
INSERT INTO "Permissions" ("Id", "Code", "CreatedAt", "Description", "Module")
VALUES ('48534144-4f42-5241-445f-564945570000', 'DASHBOARD_VIEW', TIMESTAMPTZ '2025-01-01T00:00:00Z', 'Ver dashboard', 'Dashboard');
INSERT INTO "Permissions" ("Id", "Code", "CreatedAt", "Description", "Module")
VALUES ('4a4f5250-4345-5354-5f43-524541544500', 'PROJECTS_CREATE', TIMESTAMPTZ '2025-01-01T00:00:00Z', 'Crear proyectos', 'Projects');
INSERT INTO "Permissions" ("Id", "Code", "CreatedAt", "Description", "Module")
VALUES ('4a4f5250-4345-5354-5f44-454c45544500', 'PROJECTS_DELETE', TIMESTAMPTZ '2025-01-01T00:00:00Z', 'Eliminar proyectos', 'Projects');
INSERT INTO "Permissions" ("Id", "Code", "CreatedAt", "Description", "Module")
VALUES ('4a4f5250-4345-5354-5f55-504441544500', 'PROJECTS_UPDATE', TIMESTAMPTZ '2025-01-01T00:00:00Z', 'Actualizar proyectos', 'Projects');
INSERT INTO "Permissions" ("Id", "Code", "CreatedAt", "Description", "Module")
VALUES ('4a4f5250-4345-5354-5f56-494557000000', 'PROJECTS_VIEW', TIMESTAMPTZ '2025-01-01T00:00:00Z', 'Ver proyectos', 'Projects');
INSERT INTO "Permissions" ("Id", "Code", "CreatedAt", "Description", "Module")
VALUES ('52455355-5f53-4544-4c45-544500000000', 'USERS_DELETE', TIMESTAMPTZ '2025-01-01T00:00:00Z', 'Eliminar usuarios', 'Users');
INSERT INTO "Permissions" ("Id", "Code", "CreatedAt", "Description", "Module")
VALUES ('52455355-5f53-4956-4557-000000000000', 'USERS_VIEW', TIMESTAMPTZ '2025-01-01T00:00:00Z', 'Ver usuarios', 'Users');
INSERT INTO "Permissions" ("Id", "Code", "CreatedAt", "Description", "Module")
VALUES ('52455355-5f53-5055-4441-544500000000', 'USERS_UPDATE', TIMESTAMPTZ '2025-01-01T00:00:00Z', 'Actualizar usuarios', 'Users');
INSERT INTO "Permissions" ("Id", "Code", "CreatedAt", "Description", "Module")
VALUES ('52455355-5f53-5243-4541-544500000000', 'USERS_CREATE', TIMESTAMPTZ '2025-01-01T00:00:00Z', 'Crear usuarios', 'Users');
INSERT INTO "Permissions" ("Id", "Code", "CreatedAt", "Description", "Module")
VALUES ('54534554-435f-5341-4553-5f4352454154', 'TEST_CASES_CREATE', TIMESTAMPTZ '2025-01-01T00:00:00Z', 'Crear casos de prueba', 'TestCases');
INSERT INTO "Permissions" ("Id", "Code", "CreatedAt", "Description", "Module")
VALUES ('54534554-435f-5341-4553-5f44454c4554', 'TEST_CASES_DELETE', TIMESTAMPTZ '2025-01-01T00:00:00Z', 'Eliminar casos de prueba', 'TestCases');
INSERT INTO "Permissions" ("Id", "Code", "CreatedAt", "Description", "Module")
VALUES ('54534554-435f-5341-4553-5f5550444154', 'TEST_CASES_UPDATE', TIMESTAMPTZ '2025-01-01T00:00:00Z', 'Actualizar casos de prueba', 'TestCases');
INSERT INTO "Permissions" ("Id", "Code", "CreatedAt", "Description", "Module")
VALUES ('54534554-435f-5341-4553-5f5649455700', 'TEST_CASES_VIEW', TIMESTAMPTZ '2025-01-01T00:00:00Z', 'Ver casos de prueba', 'TestCases');
2026-02-15 20:45:07.485 +00:00 [INF] Executed DbCommand (3ms) [Parameters=[], CommandType='"Text"', CommandTimeout='30']
INSERT INTO execution_statuses (id, code, created_at, description, is_active, name, sort_order)
VALUES (1, 'PENDING', TIMESTAMPTZ '2026-02-14T04:12:37.143236Z', 'Ejecución creada pero no iniciada.', TRUE, 'Pendiente', 1);
INSERT INTO execution_statuses (id, code, created_at, description, is_active, name, sort_order)
VALUES (2, 'IN_PROGRESS', TIMESTAMPTZ '2026-02-14T04:12:37.143238Z', 'Ejecución en curso.', TRUE, 'En Progreso', 2);
INSERT INTO execution_statuses (id, code, created_at, description, is_active, name, sort_order)
VALUES (3, 'PASSED', TIMESTAMPTZ '2026-02-14T04:12:37.143238Z', 'Todos los pasos exitosos.', TRUE, 'Aprobado', 3);
INSERT INTO execution_statuses (id, code, created_at, description, is_active, name, sort_order)
VALUES (4, 'FAILED', TIMESTAMPTZ '2026-02-14T04:12:37.143238Z', 'Al menos un paso falló.', TRUE, 'Fallido', 4);
INSERT INTO execution_statuses (id, code, created_at, description, is_active, name, sort_order)
VALUES (5, 'BLOCKED', TIMESTAMPTZ '2026-02-14T04:12:37.143239Z', 'Impedimento externo.', TRUE, 'Bloqueado', 5);
INSERT INTO execution_statuses (id, code, created_at, description, is_active, name, sort_order)
VALUES (6, 'SKIPPED', TIMESTAMPTZ '2026-02-14T04:12:37.143239Z', 'Omitido intencionalmente.', TRUE, 'Omitido', 6);
2026-02-15 20:45:07.497 +00:00 [INF] Executed DbCommand (11ms) [Parameters=[], CommandType='"Text"', CommandTimeout='30']
CREATE INDEX "IX_Evidences_FileTypeId" ON "Evidences" ("FileTypeId");
2026-02-15 20:45:07.506 +00:00 [INF] Executed DbCommand (8ms) [Parameters=[], CommandType='"Text"', CommandTimeout='30']
CREATE INDEX "IX_Evidences_TestExecutionId" ON "Evidences" ("TestExecutionId");
2026-02-15 20:45:07.516 +00:00 [INF] Executed DbCommand (9ms) [Parameters=[], CommandType='"Text"', CommandTimeout='30']
CREATE UNIQUE INDEX "IX_execution_statuses_code" ON execution_statuses (code);
2026-02-15 20:45:07.525 +00:00 [INF] Executed DbCommand (7ms) [Parameters=[], CommandType='"Text"', CommandTimeout='30']
CREATE INDEX "IX_ExecutionStepResults_StatusId" ON "ExecutionStepResults" ("StatusId");
2026-02-15 20:45:07.534 +00:00 [INF] Executed DbCommand (8ms) [Parameters=[], CommandType='"Text"', CommandTimeout='30']
CREATE INDEX "IX_ExecutionStepResults_TestExecutionId" ON "ExecutionStepResults" ("TestExecutionId");
2026-02-15 20:45:07.547 +00:00 [INF] Executed DbCommand (11ms) [Parameters=[], CommandType='"Text"', CommandTimeout='30']
CREATE INDEX "IX_ExecutionStepResults_TestStepId" ON "ExecutionStepResults" ("TestStepId");
2026-02-15 20:45:07.559 +00:00 [INF] Executed DbCommand (11ms) [Parameters=[], CommandType='"Text"', CommandTimeout='30']
CREATE INDEX "IX_KanbanBoards_ProjectId" ON "KanbanBoards" ("ProjectId");
2026-02-15 20:45:07.572 +00:00 [INF] Executed DbCommand (12ms) [Parameters=[], CommandType='"Text"', CommandTimeout='30']
CREATE INDEX "IX_KanbanColumns_KanbanBoardId" ON "KanbanColumns" ("KanbanBoardId");
2026-02-15 20:45:07.583 +00:00 [INF] Executed DbCommand (10ms) [Parameters=[], CommandType='"Text"', CommandTimeout='30']
CREATE INDEX "IX_KanbanTasks_AssigneeId" ON "KanbanTasks" ("AssigneeId");
2026-02-15 20:45:07.592 +00:00 [INF] Executed DbCommand (8ms) [Parameters=[], CommandType='"Text"', CommandTimeout='30']
CREATE INDEX "IX_KanbanTasks_KanbanColumnId" ON "KanbanTasks" ("KanbanColumnId");
2026-02-15 20:45:07.600 +00:00 [INF] Executed DbCommand (8ms) [Parameters=[], CommandType='"Text"', CommandTimeout='30']
CREATE INDEX "IX_KanbanTasks_PriorityId" ON "KanbanTasks" ("PriorityId");
2026-02-15 20:45:07.609 +00:00 [INF] Executed DbCommand (8ms) [Parameters=[], CommandType='"Text"', CommandTimeout='30']
CREATE INDEX "IX_KanbanTasks_TestCaseId" ON "KanbanTasks" ("TestCaseId");
2026-02-15 20:45:07.618 +00:00 [INF] Executed DbCommand (7ms) [Parameters=[], CommandType='"Text"', CommandTimeout='30']
CREATE INDEX "IX_role_permissions_PermissionId" ON role_permissions ("PermissionId");
2026-02-15 20:45:07.627 +00:00 [INF] Executed DbCommand (8ms) [Parameters=[], CommandType='"Text"', CommandTimeout='30']
CREATE INDEX "IX_test_executions_status_id" ON test_executions (status_id);
2026-02-15 20:45:07.636 +00:00 [INF] Executed DbCommand (9ms) [Parameters=[], CommandType='"Text"', CommandTimeout='30']
CREATE INDEX "IX_test_executions_test_case_id" ON test_executions (test_case_id);
2026-02-15 20:45:07.645 +00:00 [INF] Executed DbCommand (8ms) [Parameters=[], CommandType='"Text"', CommandTimeout='30']
CREATE INDEX "IX_test_executions_tester_id" ON test_executions (tester_id);
2026-02-15 20:45:07.654 +00:00 [INF] Executed DbCommand (8ms) [Parameters=[], CommandType='"Text"', CommandTimeout='30']
CREATE INDEX "IX_TestCases_PriorityId" ON "TestCases" ("PriorityId");
2026-02-15 20:45:07.664 +00:00 [INF] Executed DbCommand (9ms) [Parameters=[], CommandType='"Text"', CommandTimeout='30']
CREATE INDEX "IX_TestCases_TestSuiteId" ON "TestCases" ("TestSuiteId");
2026-02-15 20:45:07.675 +00:00 [INF] Executed DbCommand (9ms) [Parameters=[], CommandType='"Text"', CommandTimeout='30']
CREATE INDEX "IX_TestSteps_TestCaseId" ON "TestSteps" ("TestCaseId");
2026-02-15 20:45:07.687 +00:00 [INF] Executed DbCommand (9ms) [Parameters=[], CommandType='"Text"', CommandTimeout='30']
CREATE INDEX "IX_TestSuites_ProjectId" ON "TestSuites" ("ProjectId");
2026-02-15 20:45:07.698 +00:00 [INF] Executed DbCommand (10ms) [Parameters=[], CommandType='"Text"', CommandTimeout='30']
CREATE INDEX "IX_user_roles_RoleId" ON user_roles ("RoleId");
2026-02-15 20:45:07.707 +00:00 [INF] Executed DbCommand (3ms) [Parameters=[], CommandType='"Text"', CommandTimeout='30']
SELECT setval(
    pg_get_serial_sequence('execution_statuses', 'id'),
    GREATEST(
        (SELECT MAX(id) FROM execution_statuses) + 1,
        nextval(pg_get_serial_sequence('execution_statuses', 'id'))),
    false);
2026-02-15 20:45:07.710 +00:00 [INF] Executed DbCommand (2ms) [Parameters=[], CommandType='"Text"', CommandTimeout='30']
INSERT INTO "__EFMigrationsHistory" ("MigrationId", "ProductVersion")
VALUES ('20260214041238_InitialCreate', '8.0.11');
2026-02-15 20:45:07.725 +00:00 [INF] Applying migration '20260215192006_AddSystemSeeding'.
2026-02-15 20:45:07.840 +00:00 [INF] Executed DbCommand (2ms) [Parameters=[], CommandType='"Text"', CommandTimeout='30']
ALTER TABLE "Evidences" DROP CONSTRAINT "FK_Evidences_EvidenceTypes_FileTypeId";
2026-02-15 20:45:07.842 +00:00 [INF] Executed DbCommand (1ms) [Parameters=[], CommandType='"Text"', CommandTimeout='30']
ALTER TABLE "ExecutionStepResults" DROP CONSTRAINT "FK_ExecutionStepResults_StepResultStatuses_StatusId";
2026-02-15 20:45:07.844 +00:00 [INF] Executed DbCommand (1ms) [Parameters=[], CommandType='"Text"', CommandTimeout='30']
ALTER TABLE "KanbanTasks" DROP CONSTRAINT "FK_KanbanTasks_TaskPriorities_PriorityId";
2026-02-15 20:45:07.845 +00:00 [INF] Executed DbCommand (1ms) [Parameters=[], CommandType='"Text"', CommandTimeout='30']
ALTER TABLE "KanbanTasks" DROP CONSTRAINT "FK_KanbanTasks_Users_AssigneeId";
2026-02-15 20:45:07.847 +00:00 [INF] Executed DbCommand (1ms) [Parameters=[], CommandType='"Text"', CommandTimeout='30']
ALTER TABLE role_permissions DROP CONSTRAINT "FK_role_permissions_Roles_RoleId";
2026-02-15 20:45:07.848 +00:00 [INF] Executed DbCommand (1ms) [Parameters=[], CommandType='"Text"', CommandTimeout='30']
ALTER TABLE test_executions DROP CONSTRAINT "FK_test_executions_Users_tester_id";
2026-02-15 20:45:07.851 +00:00 [INF] Executed DbCommand (1ms) [Parameters=[], CommandType='"Text"', CommandTimeout='30']
ALTER TABLE "TestCases" DROP CONSTRAINT "FK_TestCases_TestCasePriorities_PriorityId";
2026-02-15 20:45:07.852 +00:00 [INF] Executed DbCommand (1ms) [Parameters=[], CommandType='"Text"', CommandTimeout='30']
ALTER TABLE user_roles DROP CONSTRAINT "FK_user_roles_Roles_RoleId";
2026-02-15 20:45:07.854 +00:00 [INF] Executed DbCommand (1ms) [Parameters=[], CommandType='"Text"', CommandTimeout='30']
ALTER TABLE user_roles DROP CONSTRAINT "FK_user_roles_Users_UserId";
2026-02-15 20:45:07.855 +00:00 [INF] Executed DbCommand (1ms) [Parameters=[], CommandType='"Text"', CommandTimeout='30']
ALTER TABLE "Users" DROP CONSTRAINT "PK_Users";
2026-02-15 20:45:07.856 +00:00 [INF] Executed DbCommand (1ms) [Parameters=[], CommandType='"Text"', CommandTimeout='30']
ALTER TABLE "Roles" DROP CONSTRAINT "PK_Roles";
2026-02-15 20:45:07.857 +00:00 [INF] Executed DbCommand (1ms) [Parameters=[], CommandType='"Text"', CommandTimeout='30']
ALTER TABLE "TestCasePriorities" DROP CONSTRAINT "PK_TestCasePriorities";
2026-02-15 20:45:07.859 +00:00 [INF] Executed DbCommand (1ms) [Parameters=[], CommandType='"Text"', CommandTimeout='30']
ALTER TABLE "TaskPriorities" DROP CONSTRAINT "PK_TaskPriorities";
2026-02-15 20:45:07.860 +00:00 [INF] Executed DbCommand (1ms) [Parameters=[], CommandType='"Text"', CommandTimeout='30']
ALTER TABLE "StepResultStatuses" DROP CONSTRAINT "PK_StepResultStatuses";
2026-02-15 20:45:07.862 +00:00 [INF] Executed DbCommand (1ms) [Parameters=[], CommandType='"Text"', CommandTimeout='30']
ALTER TABLE "EvidenceTypes" DROP CONSTRAINT "PK_EvidenceTypes";
2026-02-15 20:45:07.863 +00:00 [INF] Executed DbCommand (0ms) [Parameters=[], CommandType='"Text"', CommandTimeout='30']
ALTER TABLE "Users" RENAME TO users;
2026-02-15 20:45:07.864 +00:00 [INF] Executed DbCommand (0ms) [Parameters=[], CommandType='"Text"', CommandTimeout='30']
ALTER TABLE "Roles" RENAME TO roles;
2026-02-15 20:45:07.865 +00:00 [INF] Executed DbCommand (0ms) [Parameters=[], CommandType='"Text"', CommandTimeout='30']
ALTER TABLE "TestCasePriorities" RENAME TO test_case_priorities;
2026-02-15 20:45:07.866 +00:00 [INF] Executed DbCommand (0ms) [Parameters=[], CommandType='"Text"', CommandTimeout='30']
ALTER TABLE "TaskPriorities" RENAME TO task_priorities;
2026-02-15 20:45:07.867 +00:00 [INF] Executed DbCommand (0ms) [Parameters=[], CommandType='"Text"', CommandTimeout='30']
ALTER TABLE "StepResultStatuses" RENAME TO step_result_statuses;
2026-02-15 20:45:07.870 +00:00 [INF] Executed DbCommand (1ms) [Parameters=[], CommandType='"Text"', CommandTimeout='30']
ALTER TABLE "EvidenceTypes" RENAME TO evidence_types;
2026-02-15 20:45:07.871 +00:00 [INF] Executed DbCommand (0ms) [Parameters=[], CommandType='"Text"', CommandTimeout='30']
ALTER TABLE users RENAME COLUMN "Username" TO username;
2026-02-15 20:45:07.871 +00:00 [INF] Executed DbCommand (0ms) [Parameters=[], CommandType='"Text"', CommandTimeout='30']
ALTER TABLE users RENAME COLUMN "Email" TO email;
2026-02-15 20:45:07.874 +00:00 [INF] Executed DbCommand (0ms) [Parameters=[], CommandType='"Text"', CommandTimeout='30']
ALTER TABLE users RENAME COLUMN "Id" TO id;
2026-02-15 20:45:07.876 +00:00 [INF] Executed DbCommand (1ms) [Parameters=[], CommandType='"Text"', CommandTimeout='30']
ALTER TABLE users RENAME COLUMN "UpdatedAt" TO updated_at;
2026-02-15 20:45:07.877 +00:00 [INF] Executed DbCommand (0ms) [Parameters=[], CommandType='"Text"', CommandTimeout='30']
ALTER TABLE users RENAME COLUMN "RefreshTokenExpiryTime" TO refresh_token_expiry_time;
2026-02-15 20:45:07.878 +00:00 [INF] Executed DbCommand (0ms) [Parameters=[], CommandType='"Text"', CommandTimeout='30']
ALTER TABLE users RENAME COLUMN "RefreshToken" TO refresh_token;
2026-02-15 20:45:07.879 +00:00 [INF] Executed DbCommand (0ms) [Parameters=[], CommandType='"Text"', CommandTimeout='30']
ALTER TABLE users RENAME COLUMN "PasswordHash" TO password_hash;
2026-02-15 20:45:07.881 +00:00 [INF] Executed DbCommand (0ms) [Parameters=[], CommandType='"Text"', CommandTimeout='30']
ALTER TABLE users RENAME COLUMN "IsActive" TO is_active;
2026-02-15 20:45:07.883 +00:00 [INF] Executed DbCommand (1ms) [Parameters=[], CommandType='"Text"', CommandTimeout='30']
ALTER TABLE users RENAME COLUMN "FullName" TO full_name;
2026-02-15 20:45:07.884 +00:00 [INF] Executed DbCommand (0ms) [Parameters=[], CommandType='"Text"', CommandTimeout='30']
ALTER TABLE users RENAME COLUMN "CreatedAt" TO created_at;
2026-02-15 20:45:07.886 +00:00 [INF] Executed DbCommand (1ms) [Parameters=[], CommandType='"Text"', CommandTimeout='30']
ALTER TABLE roles RENAME COLUMN "Name" TO name;
2026-02-15 20:45:07.889 +00:00 [INF] Executed DbCommand (0ms) [Parameters=[], CommandType='"Text"', CommandTimeout='30']
ALTER TABLE roles RENAME COLUMN "Description" TO description;
2026-02-15 20:45:07.894 +00:00 [INF] Executed DbCommand (1ms) [Parameters=[], CommandType='"Text"', CommandTimeout='30']
ALTER TABLE roles RENAME COLUMN "Id" TO id;
2026-02-15 20:45:07.895 +00:00 [INF] Executed DbCommand (0ms) [Parameters=[], CommandType='"Text"', CommandTimeout='30']
ALTER TABLE roles RENAME COLUMN "IsActive" TO is_active;
2026-02-15 20:45:07.896 +00:00 [INF] Executed DbCommand (0ms) [Parameters=[], CommandType='"Text"', CommandTimeout='30']
ALTER TABLE roles RENAME COLUMN "CreatedAt" TO created_at;
2026-02-15 20:45:07.897 +00:00 [INF] Executed DbCommand (0ms) [Parameters=[], CommandType='"Text"', CommandTimeout='30']
ALTER TABLE test_case_priorities RENAME COLUMN "Name" TO name;
2026-02-15 20:45:07.900 +00:00 [INF] Executed DbCommand (0ms) [Parameters=[], CommandType='"Text"', CommandTimeout='30']
ALTER TABLE test_case_priorities RENAME COLUMN "Description" TO description;
2026-02-15 20:45:07.904 +00:00 [INF] Executed DbCommand (1ms) [Parameters=[], CommandType='"Text"', CommandTimeout='30']
ALTER TABLE test_case_priorities RENAME COLUMN "Code" TO code;
2026-02-15 20:45:07.910 +00:00 [INF] Executed DbCommand (1ms) [Parameters=[], CommandType='"Text"', CommandTimeout='30']
ALTER TABLE test_case_priorities RENAME COLUMN "Id" TO id;
2026-02-15 20:45:07.912 +00:00 [INF] Executed DbCommand (1ms) [Parameters=[], CommandType='"Text"', CommandTimeout='30']
ALTER TABLE test_case_priorities RENAME COLUMN "SortOrder" TO sort_order;
2026-02-15 20:45:07.914 +00:00 [INF] Executed DbCommand (0ms) [Parameters=[], CommandType='"Text"', CommandTimeout='30']
ALTER TABLE test_case_priorities RENAME COLUMN "IsActive" TO is_active;
2026-02-15 20:45:07.915 +00:00 [INF] Executed DbCommand (0ms) [Parameters=[], CommandType='"Text"', CommandTimeout='30']
ALTER TABLE test_case_priorities RENAME COLUMN "CreatedAt" TO created_at;
2026-02-15 20:45:07.917 +00:00 [INF] Executed DbCommand (0ms) [Parameters=[], CommandType='"Text"', CommandTimeout='30']
ALTER TABLE task_priorities RENAME COLUMN "Name" TO name;
2026-02-15 20:45:07.920 +00:00 [INF] Executed DbCommand (1ms) [Parameters=[], CommandType='"Text"', CommandTimeout='30']
ALTER TABLE task_priorities RENAME COLUMN "Description" TO description;
2026-02-15 20:45:07.922 +00:00 [INF] Executed DbCommand (1ms) [Parameters=[], CommandType='"Text"', CommandTimeout='30']
ALTER TABLE task_priorities RENAME COLUMN "Code" TO code;
2026-02-15 20:45:07.928 +00:00 [INF] Executed DbCommand (1ms) [Parameters=[], CommandType='"Text"', CommandTimeout='30']
ALTER TABLE task_priorities RENAME COLUMN "Id" TO id;
2026-02-15 20:45:07.932 +00:00 [INF] Executed DbCommand (1ms) [Parameters=[], CommandType='"Text"', CommandTimeout='30']
ALTER TABLE task_priorities RENAME COLUMN "SortOrder" TO sort_order;
2026-02-15 20:45:07.933 +00:00 [INF] Executed DbCommand (0ms) [Parameters=[], CommandType='"Text"', CommandTimeout='30']
ALTER TABLE task_priorities RENAME COLUMN "IsActive" TO is_active;
2026-02-15 20:45:07.934 +00:00 [INF] Executed DbCommand (0ms) [Parameters=[], CommandType='"Text"', CommandTimeout='30']
ALTER TABLE task_priorities RENAME COLUMN "CreatedAt" TO created_at;
2026-02-15 20:45:07.935 +00:00 [INF] Executed DbCommand (1ms) [Parameters=[], CommandType='"Text"', CommandTimeout='30']
ALTER TABLE step_result_statuses RENAME COLUMN "Name" TO name;
2026-02-15 20:45:07.937 +00:00 [INF] Executed DbCommand (1ms) [Parameters=[], CommandType='"Text"', CommandTimeout='30']
ALTER TABLE step_result_statuses RENAME COLUMN "Description" TO description;
2026-02-15 20:45:07.939 +00:00 [INF] Executed DbCommand (1ms) [Parameters=[], CommandType='"Text"', CommandTimeout='30']
ALTER TABLE step_result_statuses RENAME COLUMN "Code" TO code;
2026-02-15 20:45:07.940 +00:00 [INF] Executed DbCommand (1ms) [Parameters=[], CommandType='"Text"', CommandTimeout='30']
ALTER TABLE step_result_statuses RENAME COLUMN "Id" TO id;
2026-02-15 20:45:07.942 +00:00 [INF] Executed DbCommand (1ms) [Parameters=[], CommandType='"Text"', CommandTimeout='30']
ALTER TABLE step_result_statuses RENAME COLUMN "SortOrder" TO sort_order;
2026-02-15 20:45:07.942 +00:00 [INF] Executed DbCommand (0ms) [Parameters=[], CommandType='"Text"', CommandTimeout='30']
ALTER TABLE step_result_statuses RENAME COLUMN "IsActive" TO is_active;
2026-02-15 20:45:07.943 +00:00 [INF] Executed DbCommand (0ms) [Parameters=[], CommandType='"Text"', CommandTimeout='30']
ALTER TABLE step_result_statuses RENAME COLUMN "CreatedAt" TO created_at;
2026-02-15 20:45:07.944 +00:00 [INF] Executed DbCommand (0ms) [Parameters=[], CommandType='"Text"', CommandTimeout='30']
ALTER TABLE evidence_types RENAME COLUMN "Name" TO name;
2026-02-15 20:45:07.945 +00:00 [INF] Executed DbCommand (0ms) [Parameters=[], CommandType='"Text"', CommandTimeout='30']
ALTER TABLE evidence_types RENAME COLUMN "Description" TO description;
2026-02-15 20:45:07.946 +00:00 [INF] Executed DbCommand (1ms) [Parameters=[], CommandType='"Text"', CommandTimeout='30']
ALTER TABLE evidence_types RENAME COLUMN "Code" TO code;
2026-02-15 20:45:07.947 +00:00 [INF] Executed DbCommand (1ms) [Parameters=[], CommandType='"Text"', CommandTimeout='30']
ALTER TABLE evidence_types RENAME COLUMN "Id" TO id;
2026-02-15 20:45:07.949 +00:00 [INF] Executed DbCommand (0ms) [Parameters=[], CommandType='"Text"', CommandTimeout='30']
ALTER TABLE evidence_types RENAME COLUMN "SortOrder" TO sort_order;
2026-02-15 20:45:07.949 +00:00 [INF] Executed DbCommand (0ms) [Parameters=[], CommandType='"Text"', CommandTimeout='30']
ALTER TABLE evidence_types RENAME COLUMN "IsActive" TO is_active;
2026-02-15 20:45:07.950 +00:00 [INF] Executed DbCommand (0ms) [Parameters=[], CommandType='"Text"', CommandTimeout='30']
ALTER TABLE evidence_types RENAME COLUMN "CreatedAt" TO created_at;
2026-02-15 20:45:07.963 +00:00 [INF] Executed DbCommand (12ms) [Parameters=[], CommandType='"Text"', CommandTimeout='30']
ALTER TABLE users ALTER COLUMN username TYPE character varying(100);
2026-02-15 20:45:07.979 +00:00 [INF] Executed DbCommand (15ms) [Parameters=[], CommandType='"Text"', CommandTimeout='30']
ALTER TABLE users ALTER COLUMN email TYPE character varying(150);
2026-02-15 20:45:07.980 +00:00 [INF] Executed DbCommand (1ms) [Parameters=[], CommandType='"Text"', CommandTimeout='30']
ALTER TABLE users ALTER COLUMN is_active SET DEFAULT TRUE;
2026-02-15 20:45:07.991 +00:00 [INF] Executed DbCommand (10ms) [Parameters=[], CommandType='"Text"', CommandTimeout='30']
ALTER TABLE users ALTER COLUMN full_name TYPE character varying(200);
2026-02-15 20:45:07.993 +00:00 [INF] Executed DbCommand (1ms) [Parameters=[], CommandType='"Text"', CommandTimeout='30']
ALTER TABLE users ALTER COLUMN created_at SET DEFAULT (NOW());
2026-02-15 20:45:08.007 +00:00 [INF] Executed DbCommand (14ms) [Parameters=[], CommandType='"Text"', CommandTimeout='30']
ALTER TABLE roles ALTER COLUMN name TYPE character varying(100);
2026-02-15 20:45:08.020 +00:00 [INF] Executed DbCommand (12ms) [Parameters=[], CommandType='"Text"', CommandTimeout='30']
ALTER TABLE roles ALTER COLUMN description TYPE character varying(500);
2026-02-15 20:45:08.022 +00:00 [INF] Executed DbCommand (1ms) [Parameters=[], CommandType='"Text"', CommandTimeout='30']
ALTER TABLE roles ALTER COLUMN is_active SET DEFAULT TRUE;
2026-02-15 20:45:08.024 +00:00 [INF] Executed DbCommand (1ms) [Parameters=[], CommandType='"Text"', CommandTimeout='30']
ALTER TABLE roles ALTER COLUMN created_at SET DEFAULT (NOW());
2026-02-15 20:45:08.038 +00:00 [INF] Executed DbCommand (11ms) [Parameters=[], CommandType='"Text"', CommandTimeout='30']
ALTER TABLE test_case_priorities ALTER COLUMN name TYPE character varying(100);
2026-02-15 20:45:08.052 +00:00 [INF] Executed DbCommand (12ms) [Parameters=[], CommandType='"Text"', CommandTimeout='30']
ALTER TABLE test_case_priorities ALTER COLUMN description TYPE character varying(500);
2026-02-15 20:45:08.066 +00:00 [INF] Executed DbCommand (12ms) [Parameters=[], CommandType='"Text"', CommandTimeout='30']
ALTER TABLE test_case_priorities ALTER COLUMN code TYPE character varying(50);
2026-02-15 20:45:08.068 +00:00 [INF] Executed DbCommand (1ms) [Parameters=[], CommandType='"Text"', CommandTimeout='30']
ALTER TABLE test_case_priorities ALTER COLUMN sort_order SET DEFAULT 0;
2026-02-15 20:45:08.073 +00:00 [INF] Executed DbCommand (1ms) [Parameters=[], CommandType='"Text"', CommandTimeout='30']
ALTER TABLE test_case_priorities ALTER COLUMN is_active SET DEFAULT TRUE;
2026-02-15 20:45:08.074 +00:00 [INF] Executed DbCommand (1ms) [Parameters=[], CommandType='"Text"', CommandTimeout='30']
ALTER TABLE test_case_priorities ALTER COLUMN created_at SET DEFAULT (NOW());
2026-02-15 20:45:08.087 +00:00 [INF] Executed DbCommand (11ms) [Parameters=[], CommandType='"Text"', CommandTimeout='30']
ALTER TABLE task_priorities ALTER COLUMN name TYPE character varying(100);
2026-02-15 20:45:08.104 +00:00 [INF] Executed DbCommand (15ms) [Parameters=[], CommandType='"Text"', CommandTimeout='30']
ALTER TABLE task_priorities ALTER COLUMN description TYPE character varying(500);
2026-02-15 20:45:08.117 +00:00 [INF] Executed DbCommand (12ms) [Parameters=[], CommandType='"Text"', CommandTimeout='30']
ALTER TABLE task_priorities ALTER COLUMN code TYPE character varying(50);
2026-02-15 20:45:08.120 +00:00 [INF] Executed DbCommand (1ms) [Parameters=[], CommandType='"Text"', CommandTimeout='30']
ALTER TABLE task_priorities ALTER COLUMN sort_order SET DEFAULT 0;
2026-02-15 20:45:08.125 +00:00 [INF] Executed DbCommand (1ms) [Parameters=[], CommandType='"Text"', CommandTimeout='30']
ALTER TABLE task_priorities ALTER COLUMN is_active SET DEFAULT TRUE;
2026-02-15 20:45:08.128 +00:00 [INF] Executed DbCommand (1ms) [Parameters=[], CommandType='"Text"', CommandTimeout='30']
ALTER TABLE task_priorities ALTER COLUMN created_at SET DEFAULT (NOW());
2026-02-15 20:45:08.141 +00:00 [INF] Executed DbCommand (11ms) [Parameters=[], CommandType='"Text"', CommandTimeout='30']
ALTER TABLE step_result_statuses ALTER COLUMN name TYPE character varying(100);
2026-02-15 20:45:08.153 +00:00 [INF] Executed DbCommand (12ms) [Parameters=[], CommandType='"Text"', CommandTimeout='30']
ALTER TABLE step_result_statuses ALTER COLUMN description TYPE character varying(500);
2026-02-15 20:45:08.165 +00:00 [INF] Executed DbCommand (10ms) [Parameters=[], CommandType='"Text"', CommandTimeout='30']
ALTER TABLE step_result_statuses ALTER COLUMN code TYPE character varying(50);
2026-02-15 20:45:08.170 +00:00 [INF] Executed DbCommand (1ms) [Parameters=[], CommandType='"Text"', CommandTimeout='30']
ALTER TABLE step_result_statuses ALTER COLUMN sort_order SET DEFAULT 0;
2026-02-15 20:45:08.173 +00:00 [INF] Executed DbCommand (1ms) [Parameters=[], CommandType='"Text"', CommandTimeout='30']
ALTER TABLE step_result_statuses ALTER COLUMN is_active SET DEFAULT TRUE;
2026-02-15 20:45:08.178 +00:00 [INF] Executed DbCommand (1ms) [Parameters=[], CommandType='"Text"', CommandTimeout='30']
ALTER TABLE step_result_statuses ALTER COLUMN created_at SET DEFAULT (NOW());
2026-02-15 20:45:08.194 +00:00 [INF] Executed DbCommand (12ms) [Parameters=[], CommandType='"Text"', CommandTimeout='30']
ALTER TABLE evidence_types ALTER COLUMN name TYPE character varying(100);
2026-02-15 20:45:08.211 +00:00 [INF] Executed DbCommand (11ms) [Parameters=[], CommandType='"Text"', CommandTimeout='30']
ALTER TABLE evidence_types ALTER COLUMN description TYPE character varying(500);
2026-02-15 20:45:08.253 +00:00 [INF] Executed DbCommand (33ms) [Parameters=[], CommandType='"Text"', CommandTimeout='30']
ALTER TABLE evidence_types ALTER COLUMN code TYPE character varying(50);
2026-02-15 20:45:08.259 +00:00 [INF] Executed DbCommand (4ms) [Parameters=[], CommandType='"Text"', CommandTimeout='30']
ALTER TABLE evidence_types ALTER COLUMN sort_order SET DEFAULT 0;
2026-02-15 20:45:08.270 +00:00 [INF] Executed DbCommand (6ms) [Parameters=[], CommandType='"Text"', CommandTimeout='30']
ALTER TABLE evidence_types ALTER COLUMN is_active SET DEFAULT TRUE;
2026-02-15 20:45:08.275 +00:00 [INF] Executed DbCommand (2ms) [Parameters=[], CommandType='"Text"', CommandTimeout='30']
ALTER TABLE evidence_types ALTER COLUMN created_at SET DEFAULT (NOW());
2026-02-15 20:45:08.292 +00:00 [INF] Executed DbCommand (16ms) [Parameters=[], CommandType='"Text"', CommandTimeout='30']
ALTER TABLE users ADD CONSTRAINT "PK_users" PRIMARY KEY (id);
2026-02-15 20:45:08.308 +00:00 [INF] Executed DbCommand (14ms) [Parameters=[], CommandType='"Text"', CommandTimeout='30']
ALTER TABLE roles ADD CONSTRAINT "PK_roles" PRIMARY KEY (id);
2026-02-15 20:45:08.325 +00:00 [INF] Executed DbCommand (15ms) [Parameters=[], CommandType='"Text"', CommandTimeout='30']
ALTER TABLE test_case_priorities ADD CONSTRAINT "PK_test_case_priorities" PRIMARY KEY (id);
2026-02-15 20:45:08.343 +00:00 [INF] Executed DbCommand (14ms) [Parameters=[], CommandType='"Text"', CommandTimeout='30']
ALTER TABLE task_priorities ADD CONSTRAINT "PK_task_priorities" PRIMARY KEY (id);
2026-02-15 20:45:08.363 +00:00 [INF] Executed DbCommand (17ms) [Parameters=[], CommandType='"Text"', CommandTimeout='30']
ALTER TABLE step_result_statuses ADD CONSTRAINT "PK_step_result_statuses" PRIMARY KEY (id);
2026-02-15 20:45:08.386 +00:00 [INF] Executed DbCommand (17ms) [Parameters=[], CommandType='"Text"', CommandTimeout='30']
ALTER TABLE evidence_types ADD CONSTRAINT "PK_evidence_types" PRIMARY KEY (id);
2026-02-15 20:45:08.389 +00:00 [INF] Executed DbCommand (2ms) [Parameters=[], CommandType='"Text"', CommandTimeout='30']
INSERT INTO evidence_types (id, code, created_at, description, is_active, name, sort_order)
VALUES (1, 'IMAGE', TIMESTAMPTZ '2026-02-15T19:20:05.647548Z', NULL, TRUE, 'Imagen', 1);
INSERT INTO evidence_types (id, code, created_at, description, is_active, name, sort_order)
VALUES (2, 'VIDEO', TIMESTAMPTZ '2026-02-15T19:20:05.647548Z', NULL, TRUE, 'Video', 2);
INSERT INTO evidence_types (id, code, created_at, description, is_active, name, sort_order)
VALUES (3, 'DOCUMENT', TIMESTAMPTZ '2026-02-15T19:20:05.647549Z', NULL, TRUE, 'Documento', 3);
INSERT INTO evidence_types (id, code, created_at, description, is_active, name, sort_order)
VALUES (4, 'LOG_FILE', TIMESTAMPTZ '2026-02-15T19:20:05.647549Z', NULL, TRUE, 'Archivo de Log', 4);
2026-02-15 20:45:08.395 +00:00 [INF] Executed DbCommand (5ms) [Parameters=[], CommandType='"Text"', CommandTimeout='30']
UPDATE execution_statuses SET created_at = TIMESTAMPTZ '2026-02-15T19:20:05.648029Z'
WHERE id = 1;
2026-02-15 20:45:08.398 +00:00 [INF] Executed DbCommand (2ms) [Parameters=[], CommandType='"Text"', CommandTimeout='30']
UPDATE execution_statuses SET created_at = TIMESTAMPTZ '2026-02-15T19:20:05.648029Z'
WHERE id = 2;
2026-02-15 20:45:08.406 +00:00 [INF] Executed DbCommand (5ms) [Parameters=[], CommandType='"Text"', CommandTimeout='30']
UPDATE execution_statuses SET created_at = TIMESTAMPTZ '2026-02-15T19:20:05.648029Z'
WHERE id = 3;
2026-02-15 20:45:08.409 +00:00 [INF] Executed DbCommand (2ms) [Parameters=[], CommandType='"Text"', CommandTimeout='30']
UPDATE execution_statuses SET created_at = TIMESTAMPTZ '2026-02-15T19:20:05.648029Z'
WHERE id = 4;
2026-02-15 20:45:08.417 +00:00 [INF] Executed DbCommand (5ms) [Parameters=[], CommandType='"Text"', CommandTimeout='30']
UPDATE execution_statuses SET created_at = TIMESTAMPTZ '2026-02-15T19:20:05.64803Z'
WHERE id = 5;
2026-02-15 20:45:08.423 +00:00 [INF] Executed DbCommand (3ms) [Parameters=[], CommandType='"Text"', CommandTimeout='30']
UPDATE execution_statuses SET created_at = TIMESTAMPTZ '2026-02-15T19:20:05.64803Z'
WHERE id = 6;
2026-02-15 20:45:08.428 +00:00 [INF] Executed DbCommand (3ms) [Parameters=[], CommandType='"Text"', CommandTimeout='30']
INSERT INTO roles (id, created_at, description, is_active, name)
VALUES ('11111111-1111-1111-1111-111111111111', TIMESTAMPTZ '2025-01-01T00:00:00Z', 'Acceso total al sistema', TRUE, 'Administrator');
INSERT INTO roles (id, created_at, description, is_active, name)
VALUES ('22222222-2222-2222-2222-222222222222', TIMESTAMPTZ '2025-01-01T00:00:00Z', 'Ejecución y gestión de pruebas', TRUE, 'Tester');
2026-02-15 20:45:08.435 +00:00 [INF] Executed DbCommand (3ms) [Parameters=[], CommandType='"Text"', CommandTimeout='30']
INSERT INTO step_result_statuses (id, code, created_at, description, is_active, name, sort_order)
VALUES (1, 'NOT_EXECUTED', TIMESTAMPTZ '2026-02-15T19:20:05.649817Z', NULL, TRUE, 'No Ejecutado', 1);
INSERT INTO step_result_statuses (id, code, created_at, description, is_active, name, sort_order)
VALUES (2, 'PASSED', TIMESTAMPTZ '2026-02-15T19:20:05.649817Z', NULL, TRUE, 'Aprobado', 2);
INSERT INTO step_result_statuses (id, code, created_at, description, is_active, name, sort_order)
VALUES (3, 'FAILED', TIMESTAMPTZ '2026-02-15T19:20:05.649817Z', NULL, TRUE, 'Fallido', 3);
INSERT INTO step_result_statuses (id, code, created_at, description, is_active, name, sort_order)
VALUES (4, 'BLOCKED', TIMESTAMPTZ '2026-02-15T19:20:05.649817Z', NULL, TRUE, 'Bloqueado', 4);
2026-02-15 20:45:08.443 +00:00 [INF] Executed DbCommand (8ms) [Parameters=[], CommandType='"Text"', CommandTimeout='30']
INSERT INTO task_priorities (id, code, created_at, description, is_active, name, sort_order)
VALUES (1, 'LOW', TIMESTAMPTZ '2026-02-15T19:20:05.650146Z', NULL, TRUE, 'Baja', 1);
INSERT INTO task_priorities (id, code, created_at, description, is_active, name, sort_order)
VALUES (2, 'MEDIUM', TIMESTAMPTZ '2026-02-15T19:20:05.650147Z', NULL, TRUE, 'Media', 2);
INSERT INTO task_priorities (id, code, created_at, description, is_active, name, sort_order)
VALUES (3, 'HIGH', TIMESTAMPTZ '2026-02-15T19:20:05.650147Z', NULL, TRUE, 'Alta', 3);
INSERT INTO task_priorities (id, code, created_at, description, is_active, name, sort_order)
VALUES (4, 'CRITICAL', TIMESTAMPTZ '2026-02-15T19:20:05.650147Z', NULL, TRUE, 'Crítica', 4);
2026-02-15 20:45:08.446 +00:00 [INF] Executed DbCommand (2ms) [Parameters=[], CommandType='"Text"', CommandTimeout='30']
INSERT INTO test_case_priorities (id, code, created_at, description, is_active, name, sort_order)
VALUES (1, 'LOW', TIMESTAMPTZ '2026-02-15T19:20:05.650537Z', NULL, TRUE, 'Baja', 1);
INSERT INTO test_case_priorities (id, code, created_at, description, is_active, name, sort_order)
VALUES (2, 'MEDIUM', TIMESTAMPTZ '2026-02-15T19:20:05.650537Z', NULL, TRUE, 'Media', 2);
INSERT INTO test_case_priorities (id, code, created_at, description, is_active, name, sort_order)
VALUES (3, 'HIGH', TIMESTAMPTZ '2026-02-15T19:20:05.650537Z', NULL, TRUE, 'Alta', 3);
INSERT INTO test_case_priorities (id, code, created_at, description, is_active, name, sort_order)
VALUES (4, 'CRITICAL', TIMESTAMPTZ '2026-02-15T19:20:05.650537Z', NULL, TRUE, 'Crítica', 4);
2026-02-15 20:45:08.458 +00:00 [INF] Executed DbCommand (3ms) [Parameters=[], CommandType='"Text"', CommandTimeout='30']
INSERT INTO users (id, created_at, email, full_name, is_active, password_hash, refresh_token, refresh_token_expiry_time, updated_at, username)
VALUES ('99999999-9999-9999-9999-999999999999', TIMESTAMPTZ '2025-01-01T00:00:00Z', 'admin@qams.local', 'Administrador Base', TRUE, '$2a$12$R9h/LIPzKuOfSRR6M9V39u.BBzBRS7O.O80X9/b9L.p51v5FzE5x.', NULL, NULL, NULL, 'admin');
2026-02-15 20:45:08.478 +00:00 [INF] Executed DbCommand (16ms) [Parameters=[], CommandType='"Text"', CommandTimeout='30']
INSERT INTO role_permissions ("PermissionId", "RoleId", "AssignedAt")
VALUES ('41544143-4f4c-5347-5f4d-414e41474500', '11111111-1111-1111-1111-111111111111', TIMESTAMPTZ '2025-01-01T00:00:00Z');
INSERT INTO role_permissions ("PermissionId", "RoleId", "AssignedAt")
VALUES ('41544143-4f4c-5347-5f56-494557000000', '11111111-1111-1111-1111-111111111111', TIMESTAMPTZ '2025-01-01T00:00:00Z');
INSERT INTO role_permissions ("PermissionId", "RoleId", "AssignedAt")
VALUES ('424e414b-4e41-435f-5245-415445000000', '11111111-1111-1111-1111-111111111111', TIMESTAMPTZ '2025-01-01T00:00:00Z');
INSERT INTO role_permissions ("PermissionId", "RoleId", "AssignedAt")
VALUES ('424e414b-4e41-445f-454c-455445000000', '11111111-1111-1111-1111-111111111111', TIMESTAMPTZ '2025-01-01T00:00:00Z');
INSERT INTO role_permissions ("PermissionId", "RoleId", "AssignedAt")
VALUES ('424e414b-4e41-555f-5044-415445000000', '11111111-1111-1111-1111-111111111111', TIMESTAMPTZ '2025-01-01T00:00:00Z');
INSERT INTO role_permissions ("PermissionId", "RoleId", "AssignedAt")
VALUES ('424e414b-4e41-565f-4945-570000000000', '11111111-1111-1111-1111-111111111111', TIMESTAMPTZ '2025-01-01T00:00:00Z');
INSERT INTO role_permissions ("PermissionId", "RoleId", "AssignedAt")
VALUES ('43455845-5455-4f49-4e53-5f4352454154', '11111111-1111-1111-1111-111111111111', TIMESTAMPTZ '2025-01-01T00:00:00Z');
INSERT INTO role_permissions ("PermissionId", "RoleId", "AssignedAt")
VALUES ('43455845-5455-4f49-4e53-5f5550444154', '11111111-1111-1111-1111-111111111111', TIMESTAMPTZ '2025-01-01T00:00:00Z');
INSERT INTO role_permissions ("PermissionId", "RoleId", "AssignedAt")
VALUES ('43455845-5455-4f49-4e53-5f55504c4f41', '11111111-1111-1111-1111-111111111111', TIMESTAMPTZ '2025-01-01T00:00:00Z');
INSERT INTO role_permissions ("PermissionId", "RoleId", "AssignedAt")
VALUES ('43455845-5455-4f49-4e53-5f5649455700', '11111111-1111-1111-1111-111111111111', TIMESTAMPTZ '2025-01-01T00:00:00Z');
INSERT INTO role_permissions ("PermissionId", "RoleId", "AssignedAt")
VALUES ('454c4f52-5f53-4544-4c45-544500000000', '11111111-1111-1111-1111-111111111111', TIMESTAMPTZ '2025-01-01T00:00:00Z');
INSERT INTO role_permissions ("PermissionId", "RoleId", "AssignedAt")
VALUES ('454c4f52-5f53-4956-4557-000000000000', '11111111-1111-1111-1111-111111111111', TIMESTAMPTZ '2025-01-01T00:00:00Z');
INSERT INTO role_permissions ("PermissionId", "RoleId", "AssignedAt")
VALUES ('454c4f52-5f53-5055-4441-544500000000', '11111111-1111-1111-1111-111111111111', TIMESTAMPTZ '2025-01-01T00:00:00Z');
INSERT INTO role_permissions ("PermissionId", "RoleId", "AssignedAt")
VALUES ('454c4f52-5f53-5243-4541-544500000000', '11111111-1111-1111-1111-111111111111', TIMESTAMPTZ '2025-01-01T00:00:00Z');
INSERT INTO role_permissions ("PermissionId", "RoleId", "AssignedAt")
VALUES ('454c4f52-5f53-5341-5349-474e5f504552', '11111111-1111-1111-1111-111111111111', TIMESTAMPTZ '2025-01-01T00:00:00Z');
INSERT INTO role_permissions ("PermissionId", "RoleId", "AssignedAt")
VALUES ('48534144-4f42-5241-445f-564945570000', '11111111-1111-1111-1111-111111111111', TIMESTAMPTZ '2025-01-01T00:00:00Z');
INSERT INTO role_permissions ("PermissionId", "RoleId", "AssignedAt")
VALUES ('4a4f5250-4345-5354-5f43-524541544500', '11111111-1111-1111-1111-111111111111', TIMESTAMPTZ '2025-01-01T00:00:00Z');
INSERT INTO role_permissions ("PermissionId", "RoleId", "AssignedAt")
VALUES ('4a4f5250-4345-5354-5f44-454c45544500', '11111111-1111-1111-1111-111111111111', TIMESTAMPTZ '2025-01-01T00:00:00Z');
INSERT INTO role_permissions ("PermissionId", "RoleId", "AssignedAt")
VALUES ('4a4f5250-4345-5354-5f55-504441544500', '11111111-1111-1111-1111-111111111111', TIMESTAMPTZ '2025-01-01T00:00:00Z');
INSERT INTO role_permissions ("PermissionId", "RoleId", "AssignedAt")
VALUES ('4a4f5250-4345-5354-5f56-494557000000', '11111111-1111-1111-1111-111111111111', TIMESTAMPTZ '2025-01-01T00:00:00Z');
INSERT INTO role_permissions ("PermissionId", "RoleId", "AssignedAt")
VALUES ('52455355-5f53-4544-4c45-544500000000', '11111111-1111-1111-1111-111111111111', TIMESTAMPTZ '2025-01-01T00:00:00Z');
INSERT INTO role_permissions ("PermissionId", "RoleId", "AssignedAt")
VALUES ('52455355-5f53-4956-4557-000000000000', '11111111-1111-1111-1111-111111111111', TIMESTAMPTZ '2025-01-01T00:00:00Z');
INSERT INTO role_permissions ("PermissionId", "RoleId", "AssignedAt")
VALUES ('52455355-5f53-5055-4441-544500000000', '11111111-1111-1111-1111-111111111111', TIMESTAMPTZ '2025-01-01T00:00:00Z');
INSERT INTO role_permissions ("PermissionId", "RoleId", "AssignedAt")
VALUES ('52455355-5f53-5243-4541-544500000000', '11111111-1111-1111-1111-111111111111', TIMESTAMPTZ '2025-01-01T00:00:00Z');
INSERT INTO role_permissions ("PermissionId", "RoleId", "AssignedAt")
VALUES ('54534554-435f-5341-4553-5f4352454154', '11111111-1111-1111-1111-111111111111', TIMESTAMPTZ '2025-01-01T00:00:00Z');
INSERT INTO role_permissions ("PermissionId", "RoleId", "AssignedAt")
VALUES ('54534554-435f-5341-4553-5f44454c4554', '11111111-1111-1111-1111-111111111111', TIMESTAMPTZ '2025-01-01T00:00:00Z');
INSERT INTO role_permissions ("PermissionId", "RoleId", "AssignedAt")
VALUES ('54534554-435f-5341-4553-5f5550444154', '11111111-1111-1111-1111-111111111111', TIMESTAMPTZ '2025-01-01T00:00:00Z');
INSERT INTO role_permissions ("PermissionId", "RoleId", "AssignedAt")
VALUES ('54534554-435f-5341-4553-5f5649455700', '11111111-1111-1111-1111-111111111111', TIMESTAMPTZ '2025-01-01T00:00:00Z');
2026-02-15 20:45:08.485 +00:00 [INF] Executed DbCommand (3ms) [Parameters=[], CommandType='"Text"', CommandTimeout='30']
INSERT INTO user_roles ("RoleId", "UserId", "AssignedAt")
VALUES ('11111111-1111-1111-1111-111111111111', '99999999-9999-9999-9999-999999999999', TIMESTAMPTZ '2025-01-01T00:00:00Z');
2026-02-15 20:45:08.505 +00:00 [INF] Executed DbCommand (16ms) [Parameters=[], CommandType='"Text"', CommandTimeout='30']
CREATE UNIQUE INDEX "IX_users_email" ON users (email);
2026-02-15 20:45:08.531 +00:00 [INF] Executed DbCommand (22ms) [Parameters=[], CommandType='"Text"', CommandTimeout='30']
CREATE UNIQUE INDEX "IX_users_username" ON users (username);
2026-02-15 20:45:08.564 +00:00 [INF] Executed DbCommand (20ms) [Parameters=[], CommandType='"Text"', CommandTimeout='30']
CREATE UNIQUE INDEX "IX_roles_name" ON roles (name);
2026-02-15 20:45:08.598 +00:00 [INF] Executed DbCommand (22ms) [Parameters=[], CommandType='"Text"', CommandTimeout='30']
CREATE UNIQUE INDEX "IX_test_case_priorities_code" ON test_case_priorities (code);
2026-02-15 20:45:08.624 +00:00 [INF] Executed DbCommand (20ms) [Parameters=[], CommandType='"Text"', CommandTimeout='30']
CREATE UNIQUE INDEX "IX_task_priorities_code" ON task_priorities (code);
2026-02-15 20:45:08.644 +00:00 [INF] Executed DbCommand (14ms) [Parameters=[], CommandType='"Text"', CommandTimeout='30']
CREATE UNIQUE INDEX "IX_step_result_statuses_code" ON step_result_statuses (code);
2026-02-15 20:45:08.659 +00:00 [INF] Executed DbCommand (13ms) [Parameters=[], CommandType='"Text"', CommandTimeout='30']
CREATE UNIQUE INDEX "IX_evidence_types_code" ON evidence_types (code);
2026-02-15 20:45:08.665 +00:00 [INF] Executed DbCommand (6ms) [Parameters=[], CommandType='"Text"', CommandTimeout='30']
ALTER TABLE "Evidences" ADD CONSTRAINT "FK_Evidences_evidence_types_FileTypeId" FOREIGN KEY ("FileTypeId") REFERENCES evidence_types (id) ON DELETE CASCADE;
2026-02-15 20:45:08.673 +00:00 [INF] Executed DbCommand (6ms) [Parameters=[], CommandType='"Text"', CommandTimeout='30']
ALTER TABLE "ExecutionStepResults" ADD CONSTRAINT "FK_ExecutionStepResults_step_result_statuses_StatusId" FOREIGN KEY ("StatusId") REFERENCES step_result_statuses (id) ON DELETE CASCADE;
2026-02-15 20:45:08.677 +00:00 [INF] Executed DbCommand (3ms) [Parameters=[], CommandType='"Text"', CommandTimeout='30']
ALTER TABLE "KanbanTasks" ADD CONSTRAINT "FK_KanbanTasks_task_priorities_PriorityId" FOREIGN KEY ("PriorityId") REFERENCES task_priorities (id) ON DELETE CASCADE;
2026-02-15 20:45:08.682 +00:00 [INF] Executed DbCommand (2ms) [Parameters=[], CommandType='"Text"', CommandTimeout='30']
ALTER TABLE "KanbanTasks" ADD CONSTRAINT "FK_KanbanTasks_users_AssigneeId" FOREIGN KEY ("AssigneeId") REFERENCES users (id);
2026-02-15 20:45:08.688 +00:00 [INF] Executed DbCommand (2ms) [Parameters=[], CommandType='"Text"', CommandTimeout='30']
ALTER TABLE role_permissions ADD CONSTRAINT "FK_role_permissions_roles_RoleId" FOREIGN KEY ("RoleId") REFERENCES roles (id) ON DELETE CASCADE;
2026-02-15 20:45:08.699 +00:00 [INF] Executed DbCommand (10ms) [Parameters=[], CommandType='"Text"', CommandTimeout='30']
ALTER TABLE test_executions ADD CONSTRAINT "FK_test_executions_users_tester_id" FOREIGN KEY (tester_id) REFERENCES users (id) ON DELETE RESTRICT;
2026-02-15 20:45:08.707 +00:00 [INF] Executed DbCommand (3ms) [Parameters=[], CommandType='"Text"', CommandTimeout='30']
ALTER TABLE "TestCases" ADD CONSTRAINT "FK_TestCases_test_case_priorities_PriorityId" FOREIGN KEY ("PriorityId") REFERENCES test_case_priorities (id) ON DELETE CASCADE;
2026-02-15 20:45:08.711 +00:00 [INF] Executed DbCommand (2ms) [Parameters=[], CommandType='"Text"', CommandTimeout='30']
ALTER TABLE user_roles ADD CONSTRAINT "FK_user_roles_roles_RoleId" FOREIGN KEY ("RoleId") REFERENCES roles (id) ON DELETE CASCADE;
2026-02-15 20:45:08.714 +00:00 [INF] Executed DbCommand (2ms) [Parameters=[], CommandType='"Text"', CommandTimeout='30']
ALTER TABLE user_roles ADD CONSTRAINT "FK_user_roles_users_UserId" FOREIGN KEY ("UserId") REFERENCES users (id) ON DELETE CASCADE;
2026-02-15 20:45:08.720 +00:00 [INF] Executed DbCommand (2ms) [Parameters=[], CommandType='"Text"', CommandTimeout='30']
SELECT setval(
    pg_get_serial_sequence('evidence_types', 'id'),
    GREATEST(
        (SELECT MAX(id) FROM evidence_types) + 1,
        nextval(pg_get_serial_sequence('evidence_types', 'id'))),
    false);
SELECT setval(
    pg_get_serial_sequence('step_result_statuses', 'id'),
    GREATEST(
        (SELECT MAX(id) FROM step_result_statuses) + 1,
        nextval(pg_get_serial_sequence('step_result_statuses', 'id'))),
    false);
SELECT setval(
    pg_get_serial_sequence('task_priorities', 'id'),
    GREATEST(
        (SELECT MAX(id) FROM task_priorities) + 1,
        nextval(pg_get_serial_sequence('task_priorities', 'id'))),
    false);
SELECT setval(
    pg_get_serial_sequence('test_case_priorities', 'id'),
    GREATEST(
        (SELECT MAX(id) FROM test_case_priorities) + 1,
        nextval(pg_get_serial_sequence('test_case_priorities', 'id'))),
    false);
2026-02-15 20:45:08.725 +00:00 [INF] Executed DbCommand (1ms) [Parameters=[], CommandType='"Text"', CommandTimeout='30']
INSERT INTO "__EFMigrationsHistory" ("MigrationId", "ProductVersion")
VALUES ('20260215192006_AddSystemSeeding', '8.0.11');
2026-02-15 20:45:08.743 +00:00 [INF] Applying migration '20260215203955_StandardizeNaming'.
2026-02-15 20:45:08.791 +00:00 [INF] Executed DbCommand (2ms) [Parameters=[], CommandType='"Text"', CommandTimeout='30']
ALTER TABLE role_permissions DROP CONSTRAINT "FK_role_permissions_Permissions_PermissionId";
2026-02-15 20:45:08.794 +00:00 [INF] Executed DbCommand (1ms) [Parameters=[], CommandType='"Text"', CommandTimeout='30']
ALTER TABLE role_permissions DROP CONSTRAINT "FK_role_permissions_roles_RoleId";
2026-02-15 20:45:08.804 +00:00 [INF] Executed DbCommand (2ms) [Parameters=[], CommandType='"Text"', CommandTimeout='30']
ALTER TABLE user_roles DROP CONSTRAINT "FK_user_roles_roles_RoleId";
2026-02-15 20:45:08.812 +00:00 [INF] Executed DbCommand (2ms) [Parameters=[], CommandType='"Text"', CommandTimeout='30']
ALTER TABLE user_roles DROP CONSTRAINT "FK_user_roles_users_UserId";
2026-02-15 20:45:08.820 +00:00 [INF] Executed DbCommand (1ms) [Parameters=[], CommandType='"Text"', CommandTimeout='30']
ALTER TABLE "Permissions" DROP CONSTRAINT "PK_Permissions";
2026-02-15 20:45:08.828 +00:00 [INF] Executed DbCommand (2ms) [Parameters=[], CommandType='"Text"', CommandTimeout='30']
ALTER TABLE "Permissions" RENAME TO permissions;
2026-02-15 20:45:08.833 +00:00 [INF] Executed DbCommand (1ms) [Parameters=[], CommandType='"Text"', CommandTimeout='30']
ALTER TABLE user_roles RENAME COLUMN "AssignedAt" TO assigned_at;
2026-02-15 20:45:08.836 +00:00 [INF] Executed DbCommand (1ms) [Parameters=[], CommandType='"Text"', CommandTimeout='30']
ALTER TABLE user_roles RENAME COLUMN "RoleId" TO role_id;
2026-02-15 20:45:08.854 +00:00 [INF] Executed DbCommand (1ms) [Parameters=[], CommandType='"Text"', CommandTimeout='30']
ALTER TABLE user_roles RENAME COLUMN "UserId" TO user_id;
2026-02-15 20:45:08.863 +00:00 [INF] Executed DbCommand (1ms) [Parameters=[], CommandType='"Text"', CommandTimeout='30']
ALTER INDEX "IX_user_roles_RoleId" RENAME TO "IX_user_roles_role_id";
2026-02-15 20:45:08.871 +00:00 [INF] Executed DbCommand (1ms) [Parameters=[], CommandType='"Text"', CommandTimeout='30']
ALTER TABLE role_permissions RENAME COLUMN "AssignedAt" TO assigned_at;
2026-02-15 20:45:08.877 +00:00 [INF] Executed DbCommand (1ms) [Parameters=[], CommandType='"Text"', CommandTimeout='30']
ALTER TABLE role_permissions RENAME COLUMN "PermissionId" TO permission_id;
2026-02-15 20:45:08.887 +00:00 [INF] Executed DbCommand (1ms) [Parameters=[], CommandType='"Text"', CommandTimeout='30']
ALTER TABLE role_permissions RENAME COLUMN "RoleId" TO role_id;
2026-02-15 20:45:08.891 +00:00 [INF] Executed DbCommand (1ms) [Parameters=[], CommandType='"Text"', CommandTimeout='30']
ALTER INDEX "IX_role_permissions_PermissionId" RENAME TO "IX_role_permissions_permission_id";
2026-02-15 20:45:08.895 +00:00 [INF] Executed DbCommand (1ms) [Parameters=[], CommandType='"Text"', CommandTimeout='30']
ALTER TABLE permissions RENAME COLUMN "Module" TO module;
2026-02-15 20:45:08.900 +00:00 [INF] Executed DbCommand (1ms) [Parameters=[], CommandType='"Text"', CommandTimeout='30']
ALTER TABLE permissions RENAME COLUMN "Description" TO description;
2026-02-15 20:45:08.902 +00:00 [INF] Executed DbCommand (0ms) [Parameters=[], CommandType='"Text"', CommandTimeout='30']
ALTER TABLE permissions RENAME COLUMN "Code" TO code;
2026-02-15 20:45:08.904 +00:00 [INF] Executed DbCommand (1ms) [Parameters=[], CommandType='"Text"', CommandTimeout='30']
ALTER TABLE permissions RENAME COLUMN "Id" TO id;
2026-02-15 20:45:08.906 +00:00 [INF] Executed DbCommand (1ms) [Parameters=[], CommandType='"Text"', CommandTimeout='30']
ALTER TABLE permissions RENAME COLUMN "CreatedAt" TO created_at;
2026-02-15 20:45:08.920 +00:00 [INF] Executed DbCommand (13ms) [Parameters=[], CommandType='"Text"', CommandTimeout='30']
ALTER TABLE permissions ALTER COLUMN module TYPE character varying(100);
2026-02-15 20:45:08.935 +00:00 [INF] Executed DbCommand (14ms) [Parameters=[], CommandType='"Text"', CommandTimeout='30']
ALTER TABLE permissions ALTER COLUMN description TYPE character varying(500);
2026-02-15 20:45:08.948 +00:00 [INF] Executed DbCommand (12ms) [Parameters=[], CommandType='"Text"', CommandTimeout='30']
ALTER TABLE permissions ALTER COLUMN code TYPE character varying(100);
2026-02-15 20:45:08.950 +00:00 [INF] Executed DbCommand (1ms) [Parameters=[], CommandType='"Text"', CommandTimeout='30']
ALTER TABLE permissions ALTER COLUMN created_at SET DEFAULT (NOW());
2026-02-15 20:45:08.958 +00:00 [INF] Executed DbCommand (8ms) [Parameters=[], CommandType='"Text"', CommandTimeout='30']
ALTER TABLE permissions ADD CONSTRAINT "PK_permissions" PRIMARY KEY (id);
2026-02-15 20:45:08.961 +00:00 [INF] Executed DbCommand (2ms) [Parameters=[], CommandType='"Text"', CommandTimeout='30']
UPDATE evidence_types SET created_at = TIMESTAMPTZ '2026-02-15T20:39:53.949743Z'
WHERE id = 1;
2026-02-15 20:45:08.962 +00:00 [INF] Executed DbCommand (1ms) [Parameters=[], CommandType='"Text"', CommandTimeout='30']
UPDATE evidence_types SET created_at = TIMESTAMPTZ '2026-02-15T20:39:53.949743Z'
WHERE id = 2;
2026-02-15 20:45:08.963 +00:00 [INF] Executed DbCommand (0ms) [Parameters=[], CommandType='"Text"', CommandTimeout='30']
UPDATE evidence_types SET created_at = TIMESTAMPTZ '2026-02-15T20:39:53.949744Z'
WHERE id = 3;
2026-02-15 20:45:08.964 +00:00 [INF] Executed DbCommand (0ms) [Parameters=[], CommandType='"Text"', CommandTimeout='30']
UPDATE evidence_types SET created_at = TIMESTAMPTZ '2026-02-15T20:39:53.949744Z'
WHERE id = 4;
2026-02-15 20:45:08.965 +00:00 [INF] Executed DbCommand (0ms) [Parameters=[], CommandType='"Text"', CommandTimeout='30']
UPDATE execution_statuses SET created_at = TIMESTAMPTZ '2026-02-15T20:39:53.950681Z'
WHERE id = 1;
2026-02-15 20:45:08.966 +00:00 [INF] Executed DbCommand (0ms) [Parameters=[], CommandType='"Text"', CommandTimeout='30']
UPDATE execution_statuses SET created_at = TIMESTAMPTZ '2026-02-15T20:39:53.950682Z'
WHERE id = 2;
2026-02-15 20:45:08.967 +00:00 [INF] Executed DbCommand (1ms) [Parameters=[], CommandType='"Text"', CommandTimeout='30']
UPDATE execution_statuses SET created_at = TIMESTAMPTZ '2026-02-15T20:39:53.950682Z'
WHERE id = 3;
2026-02-15 20:45:08.968 +00:00 [INF] Executed DbCommand (0ms) [Parameters=[], CommandType='"Text"', CommandTimeout='30']
UPDATE execution_statuses SET created_at = TIMESTAMPTZ '2026-02-15T20:39:53.950683Z'
WHERE id = 4;
2026-02-15 20:45:08.969 +00:00 [INF] Executed DbCommand (0ms) [Parameters=[], CommandType='"Text"', CommandTimeout='30']
UPDATE execution_statuses SET created_at = TIMESTAMPTZ '2026-02-15T20:39:53.950683Z'
WHERE id = 5;
2026-02-15 20:45:08.970 +00:00 [INF] Executed DbCommand (0ms) [Parameters=[], CommandType='"Text"', CommandTimeout='30']
UPDATE execution_statuses SET created_at = TIMESTAMPTZ '2026-02-15T20:39:53.950683Z'
WHERE id = 6;
2026-02-15 20:45:08.972 +00:00 [INF] Executed DbCommand (1ms) [Parameters=[], CommandType='"Text"', CommandTimeout='30']
UPDATE step_result_statuses SET created_at = TIMESTAMPTZ '2026-02-15T20:39:53.954525Z'
WHERE id = 1;
2026-02-15 20:45:08.973 +00:00 [INF] Executed DbCommand (1ms) [Parameters=[], CommandType='"Text"', CommandTimeout='30']
UPDATE step_result_statuses SET created_at = TIMESTAMPTZ '2026-02-15T20:39:53.954525Z'
WHERE id = 2;
2026-02-15 20:45:08.975 +00:00 [INF] Executed DbCommand (1ms) [Parameters=[], CommandType='"Text"', CommandTimeout='30']
UPDATE step_result_statuses SET created_at = TIMESTAMPTZ '2026-02-15T20:39:53.954526Z'
WHERE id = 3;
2026-02-15 20:45:08.976 +00:00 [INF] Executed DbCommand (1ms) [Parameters=[], CommandType='"Text"', CommandTimeout='30']
UPDATE step_result_statuses SET created_at = TIMESTAMPTZ '2026-02-15T20:39:53.954526Z'
WHERE id = 4;
2026-02-15 20:45:08.978 +00:00 [INF] Executed DbCommand (1ms) [Parameters=[], CommandType='"Text"', CommandTimeout='30']
UPDATE task_priorities SET created_at = TIMESTAMPTZ '2026-02-15T20:39:53.955243Z'
WHERE id = 1;
2026-02-15 20:45:08.979 +00:00 [INF] Executed DbCommand (1ms) [Parameters=[], CommandType='"Text"', CommandTimeout='30']
UPDATE task_priorities SET created_at = TIMESTAMPTZ '2026-02-15T20:39:53.955244Z'
WHERE id = 2;
2026-02-15 20:45:08.981 +00:00 [INF] Executed DbCommand (1ms) [Parameters=[], CommandType='"Text"', CommandTimeout='30']
UPDATE task_priorities SET created_at = TIMESTAMPTZ '2026-02-15T20:39:53.955244Z'
WHERE id = 3;
2026-02-15 20:45:08.982 +00:00 [INF] Executed DbCommand (1ms) [Parameters=[], CommandType='"Text"', CommandTimeout='30']
UPDATE task_priorities SET created_at = TIMESTAMPTZ '2026-02-15T20:39:53.955244Z'
WHERE id = 4;
2026-02-15 20:45:08.984 +00:00 [INF] Executed DbCommand (1ms) [Parameters=[], CommandType='"Text"', CommandTimeout='30']
UPDATE test_case_priorities SET created_at = TIMESTAMPTZ '2026-02-15T20:39:53.955926Z'
WHERE id = 1;
2026-02-15 20:45:08.985 +00:00 [INF] Executed DbCommand (0ms) [Parameters=[], CommandType='"Text"', CommandTimeout='30']
UPDATE test_case_priorities SET created_at = TIMESTAMPTZ '2026-02-15T20:39:53.955926Z'
WHERE id = 2;
2026-02-15 20:45:08.986 +00:00 [INF] Executed DbCommand (0ms) [Parameters=[], CommandType='"Text"', CommandTimeout='30']
UPDATE test_case_priorities SET created_at = TIMESTAMPTZ '2026-02-15T20:39:53.955927Z'
WHERE id = 3;
2026-02-15 20:45:08.987 +00:00 [INF] Executed DbCommand (0ms) [Parameters=[], CommandType='"Text"', CommandTimeout='30']
UPDATE test_case_priorities SET created_at = TIMESTAMPTZ '2026-02-15T20:39:53.955927Z'
WHERE id = 4;
2026-02-15 20:45:08.989 +00:00 [INF] Executed DbCommand (2ms) [Parameters=[], CommandType='"Text"', CommandTimeout='30']
ALTER TABLE role_permissions ADD CONSTRAINT "FK_role_permissions_permissions_permission_id" FOREIGN KEY (permission_id) REFERENCES permissions (id) ON DELETE CASCADE;
2026-02-15 20:45:08.992 +00:00 [INF] Executed DbCommand (3ms) [Parameters=[], CommandType='"Text"', CommandTimeout='30']
ALTER TABLE role_permissions ADD CONSTRAINT "FK_role_permissions_roles_role_id" FOREIGN KEY (role_id) REFERENCES roles (id) ON DELETE CASCADE;
2026-02-15 20:45:08.996 +00:00 [INF] Executed DbCommand (2ms) [Parameters=[], CommandType='"Text"', CommandTimeout='30']
ALTER TABLE user_roles ADD CONSTRAINT "FK_user_roles_roles_role_id" FOREIGN KEY (role_id) REFERENCES roles (id) ON DELETE CASCADE;
2026-02-15 20:45:08.998 +00:00 [INF] Executed DbCommand (2ms) [Parameters=[], CommandType='"Text"', CommandTimeout='30']
ALTER TABLE user_roles ADD CONSTRAINT "FK_user_roles_users_user_id" FOREIGN KEY (user_id) REFERENCES users (id) ON DELETE CASCADE;
2026-02-15 20:45:08.999 +00:00 [INF] Executed DbCommand (1ms) [Parameters=[], CommandType='"Text"', CommandTimeout='30']
INSERT INTO "__EFMigrationsHistory" ("MigrationId", "ProductVersion")
VALUES ('20260215203955_StandardizeNaming', '8.0.11');
2026-02-15 20:45:09.011 +00:00 [INF] Database migrations applied.
2026-02-15 20:45:09.031 +00:00 [INF] Executed DbCommand (1ms) [Parameters=[], CommandType='"Text"', CommandTimeout='30']
SELECT EXISTS (
    SELECT 1 FROM pg_catalog.pg_class c
    JOIN pg_catalog.pg_namespace n ON n.oid=c.relnamespace
    WHERE n.nspname='public' AND
          c.relname='__EFMigrationsHistory'
)
2026-02-15 20:45:09.033 +00:00 [INF] Executed DbCommand (1ms) [Parameters=[], CommandType='"Text"', CommandTimeout='30']
SELECT "MigrationId", "ProductVersion"
FROM "__EFMigrationsHistory"
ORDER BY "MigrationId";
2026-02-15 20:45:09.219 +00:00 [INF] QAMS API iniciada en Docker.
2026-02-15 20:45:09.246 +00:00 [WRN] Storing keys in a directory '/root/.aspnet/DataProtection-Keys' that may not be persisted outside of the container. Protected data will be unavailable when container is destroyed. For more information go to https://aka.ms/aspnet/dataprotectionwarning
2026-02-15 20:45:09.246 +00:00 [INF] User profile is available. Using '/root/.aspnet/DataProtection-Keys' as key repository; keys will not be encrypted at rest.
2026-02-15 20:45:09.269 +00:00 [INF] Creating key {bda6a5d8-8e97-4e4a-98c7-133cbcf5e0e2} with creation date 2026-02-15 20:45:09Z, activation date 2026-02-15 20:45:09Z, and expiration date 2026-05-16 20:45:09Z.
2026-02-15 20:45:09.284 +00:00 [WRN] No XML encryptor configured. Key {bda6a5d8-8e97-4e4a-98c7-133cbcf5e0e2} may be persisted to storage in unencrypted form.
2026-02-15 20:45:09.294 +00:00 [INF] Writing data to file '/root/.aspnet/DataProtection-Keys/key-bda6a5d8-8e97-4e4a-98c7-133cbcf5e0e2.xml'.
2026-02-15 20:45:09.315 +00:00 [WRN] Overriding HTTP_PORTS '8080' and HTTPS_PORTS ''. Binding to values defined by URLS instead 'http://+:8080'.
2026-02-15 20:45:09.341 +00:00 [WRN] The WebRootPath was not found: /app/wwwroot. Static files may be unavailable.
2026-02-15 20:45:09.370 +00:00 [INF] Now listening on: http://[::]:8080
2026-02-15 20:45:09.370 +00:00 [INF] Application started. Press Ctrl+C to shut down.
2026-02-15 20:45:09.371 +00:00 [INF] Hosting environment: Docker
2026-02-15 20:45:09.372 +00:00 [INF] Content root path: /app
2026-02-15 20:46:13.276 +00:00 [INF] Request starting HTTP/1.1 POST http://localhost:5000/api/auth/login - application/json 61
2026-02-15 20:46:13.385 +00:00 [INF] Executing endpoint 'QAMS.Api.Controllers.AuthController.Login (QAMS.Api)'
2026-02-15 20:46:13.412 +00:00 [INF] Route matched with {action = "Login", controller = "Auth"}. Executing controller action with signature System.Threading.Tasks.Task`1[Microsoft.AspNetCore.Mvc.IActionResult] Login(QAMS.Application.DTOs.Auth.LoginRequestDto) on controller QAMS.Api.Controllers.AuthController (QAMS.Api).
2026-02-15 20:46:13.492 +00:00 [INF] POST /api/auth/login - Usuario: admin
2026-02-15 20:46:13.495 +00:00 [INF] Intento de login: 'admin'.
2026-02-15 20:46:13.853 +00:00 [WRN] Compiling a query which loads related collections for more than one collection navigation, either via 'Include' or through projection, but no 'QuerySplittingBehavior' has been configured. By default, Entity Framework will use 'QuerySplittingBehavior.SingleQuery', which can potentially result in slow query performance. See https://go.microsoft.com/fwlink/?linkid=2134277 for more information. To identify the query that's triggering this warning call 'ConfigureWarnings(w => w.Throw(RelationalEventId.MultipleCollectionIncludeWarning))'.
2026-02-15 20:46:13.961 +00:00 [INF] Executed DbCommand (40ms) [Parameters=[@__username_0='?'], CommandType='"Text"', CommandTimeout='30']
SELECT t.id, t.created_at, t.email, t.full_name, t.is_active, t.password_hash, t.refresh_token, t.refresh_token_expiry_time, t.updated_at, t.username, t0.user_id, t0.role_id, t0.assigned_at, t0.id, t0.created_at, t0.description, t0.is_active, t0.name, t0.role_id0, t0.permission_id, t0.assigned_at0, t0.id0, t0.code, t0.created_at0, t0.description0, t0.module
FROM (
    SELECT u.id, u.created_at, u.email, u.full_name, u.is_active, u.password_hash, u.refresh_token, u.refresh_token_expiry_time, u.updated_at, u.username
    FROM users AS u
    WHERE u.username = @__username_0
    LIMIT 1
) AS t
LEFT JOIN (
    SELECT u0.user_id, u0.role_id, u0.assigned_at, r.id, r.created_at, r.description, r.is_active, r.name, t1.role_id AS role_id0, t1.permission_id, t1.assigned_at AS assigned_at0, t1.id AS id0, t1.code, t1.created_at AS created_at0, t1.description AS description0, t1.module
    FROM user_roles AS u0
    INNER JOIN roles AS r ON u0.role_id = r.id
    LEFT JOIN (
        SELECT r0.role_id, r0.permission_id, r0.assigned_at, p.id, p.code, p.created_at, p.description, p.module
        FROM role_permissions AS r0
        INNER JOIN permissions AS p ON r0.permission_id = p.id
    ) AS t1 ON r.id = t1.role_id
) AS t0 ON t.id = t0.user_id
ORDER BY t.id, t0.user_id, t0.role_id, t0.id, t0.role_id0, t0.permission_id
2026-02-15 20:46:14.744 +00:00 [WRN] Contraseña incorrecta para 'admin'.
2026-02-15 20:46:14.750 +00:00 [INF] Executed action QAMS.Api.Controllers.AuthController.Login (QAMS.Api) in 1334.7025ms
2026-02-15 20:46:14.755 +00:00 [INF] Executed endpoint 'QAMS.Api.Controllers.AuthController.Login (QAMS.Api)'
2026-02-15 20:46:14.757 +00:00 [WRN] Error de dominio: Credenciales inválidas.
QAMS.Domain.Exceptions.DomainException: Credenciales inválidas.
   at QAMS.Application.Services.AuthService.LoginAsync(LoginRequestDto request) in /src/src/QAMS.Application/Services/AuthService.cs:line 48
   at QAMS.Api.Controllers.AuthController.Login(LoginRequestDto request) in /src/src/QAMS.Api/Controllers/AuthController.cs:line 29
   at Microsoft.AspNetCore.Mvc.Infrastructure.ActionMethodExecutor.TaskOfIActionResultExecutor.Execute(ActionContext actionContext, IActionResultTypeMapper mapper, ObjectMethodExecutor executor, Object controller, Object[] arguments)
   at Microsoft.AspNetCore.Mvc.Infrastructure.ControllerActionInvoker.<InvokeActionMethodAsync>g__Awaited|12_0(ControllerActionInvoker invoker, ValueTask`1 actionResultValueTask)
   at Microsoft.AspNetCore.Mvc.Infrastructure.ControllerActionInvoker.<InvokeNextActionFilterAsync>g__Awaited|10_0(ControllerActionInvoker invoker, Task lastTask, State next, Scope scope, Object state, Boolean isCompleted)
   at Microsoft.AspNetCore.Mvc.Infrastructure.ControllerActionInvoker.Rethrow(ActionExecutedContextSealed context)
   at Microsoft.AspNetCore.Mvc.Infrastructure.ControllerActionInvoker.Next(State& next, Scope& scope, Object& state, Boolean& isCompleted)
   at Microsoft.AspNetCore.Mvc.Infrastructure.ControllerActionInvoker.<InvokeInnerFilterAsync>g__Awaited|13_0(ControllerActionInvoker invoker, Task lastTask, State next, Scope scope, Object state, Boolean isCompleted)
   at Microsoft.AspNetCore.Mvc.Infrastructure.ResourceInvoker.<InvokeFilterPipelineAsync>g__Awaited|20_0(ResourceInvoker invoker, Task lastTask, State next, Scope scope, Object state, Boolean isCompleted)
   at Microsoft.AspNetCore.Mvc.Infrastructure.ResourceInvoker.<InvokeAsync>g__Logged|17_1(ResourceInvoker invoker)
   at Microsoft.AspNetCore.Mvc.Infrastructure.ResourceInvoker.<InvokeAsync>g__Logged|17_1(ResourceInvoker invoker)
   at Microsoft.AspNetCore.Routing.EndpointMiddleware.<Invoke>g__AwaitRequestTask|7_0(Endpoint endpoint, Task requestTask, ILogger logger)
   at Microsoft.AspNetCore.Authorization.AuthorizationMiddleware.Invoke(HttpContext context)
   at Microsoft.AspNetCore.Authentication.AuthenticationMiddleware.Invoke(HttpContext context)
   at Swashbuckle.AspNetCore.SwaggerUI.SwaggerUIMiddleware.Invoke(HttpContext httpContext)
   at Swashbuckle.AspNetCore.Swagger.SwaggerMiddleware.Invoke(HttpContext httpContext, ISwaggerProvider swaggerProvider)
   at QAMS.Api.Middleware.ExceptionHandlingMiddleware.InvokeAsync(HttpContext context) in /src/src/QAMS.Api/Middleware/ExceptionHandlingMiddleware.cs:line 27
2026-02-15 20:46:14.832 +00:00 [INF] Request finished HTTP/1.1 POST http://localhost:5000/api/auth/login - 400 null application/json 1561.5215ms
2026-02-15 20:47:04.897 +00:00 [INF] Request starting HTTP/1.1 POST http://localhost:5000/api/auth/login - application/json 61
2026-02-15 20:47:04.933 +00:00 [INF] Executing endpoint 'QAMS.Api.Controllers.AuthController.Login (QAMS.Api)'
2026-02-15 20:47:04.940 +00:00 [INF] Route matched with {action = "Login", controller = "Auth"}. Executing controller action with signature System.Threading.Tasks.Task`1[Microsoft.AspNetCore.Mvc.IActionResult] Login(QAMS.Application.DTOs.Auth.LoginRequestDto) on controller QAMS.Api.Controllers.AuthController (QAMS.Api).
2026-02-15 20:47:05.175 +00:00 [INF] POST /api/auth/login - Usuario: admin
2026-02-15 20:47:05.177 +00:00 [INF] Intento de login: 'admin'.
2026-02-15 20:47:05.242 +00:00 [INF] Executed DbCommand (23ms) [Parameters=[@__username_0='?'], CommandType='"Text"', CommandTimeout='30']
SELECT t.id, t.created_at, t.email, t.full_name, t.is_active, t.password_hash, t.refresh_token, t.refresh_token_expiry_time, t.updated_at, t.username, t0.user_id, t0.role_id, t0.assigned_at, t0.id, t0.created_at, t0.description, t0.is_active, t0.name, t0.role_id0, t0.permission_id, t0.assigned_at0, t0.id0, t0.code, t0.created_at0, t0.description0, t0.module
FROM (
    SELECT u.id, u.created_at, u.email, u.full_name, u.is_active, u.password_hash, u.refresh_token, u.refresh_token_expiry_time, u.updated_at, u.username
    FROM users AS u
    WHERE u.username = @__username_0
    LIMIT 1
) AS t
LEFT JOIN (
    SELECT u0.user_id, u0.role_id, u0.assigned_at, r.id, r.created_at, r.description, r.is_active, r.name, t1.role_id AS role_id0, t1.permission_id, t1.assigned_at AS assigned_at0, t1.id AS id0, t1.code, t1.created_at AS created_at0, t1.description AS description0, t1.module
    FROM user_roles AS u0
    INNER JOIN roles AS r ON u0.role_id = r.id
    LEFT JOIN (
        SELECT r0.role_id, r0.permission_id, r0.assigned_at, p.id, p.code, p.created_at, p.description, p.module
        FROM role_permissions AS r0
        INNER JOIN permissions AS p ON r0.permission_id = p.id
    ) AS t1 ON r.id = t1.role_id
) AS t0 ON t.id = t0.user_id
ORDER BY t.id, t0.user_id, t0.role_id, t0.id, t0.role_id0, t0.permission_id
2026-02-15 20:47:05.631 +00:00 [WRN] Contraseña incorrecta para 'admin'.
2026-02-15 20:47:05.639 +00:00 [INF] Executed action QAMS.Api.Controllers.AuthController.Login (QAMS.Api) in 696.9822ms
2026-02-15 20:47:05.643 +00:00 [INF] Executed endpoint 'QAMS.Api.Controllers.AuthController.Login (QAMS.Api)'
2026-02-15 20:47:05.646 +00:00 [WRN] Error de dominio: Credenciales inválidas.
QAMS.Domain.Exceptions.DomainException: Credenciales inválidas.
   at QAMS.Application.Services.AuthService.LoginAsync(LoginRequestDto request) in /src/src/QAMS.Application/Services/AuthService.cs:line 48
   at QAMS.Api.Controllers.AuthController.Login(LoginRequestDto request) in /src/src/QAMS.Api/Controllers/AuthController.cs:line 29
   at Microsoft.AspNetCore.Mvc.Infrastructure.ActionMethodExecutor.TaskOfIActionResultExecutor.Execute(ActionContext actionContext, IActionResultTypeMapper mapper, ObjectMethodExecutor executor, Object controller, Object[] arguments)
   at Microsoft.AspNetCore.Mvc.Infrastructure.ControllerActionInvoker.<InvokeActionMethodAsync>g__Awaited|12_0(ControllerActionInvoker invoker, ValueTask`1 actionResultValueTask)
   at Microsoft.AspNetCore.Mvc.Infrastructure.ControllerActionInvoker.<InvokeNextActionFilterAsync>g__Awaited|10_0(ControllerActionInvoker invoker, Task lastTask, State next, Scope scope, Object state, Boolean isCompleted)
   at Microsoft.AspNetCore.Mvc.Infrastructure.ControllerActionInvoker.Rethrow(ActionExecutedContextSealed context)
   at Microsoft.AspNetCore.Mvc.Infrastructure.ControllerActionInvoker.Next(State& next, Scope& scope, Object& state, Boolean& isCompleted)
   at Microsoft.AspNetCore.Mvc.Infrastructure.ControllerActionInvoker.<InvokeInnerFilterAsync>g__Awaited|13_0(ControllerActionInvoker invoker, Task lastTask, State next, Scope scope, Object state, Boolean isCompleted)
   at Microsoft.AspNetCore.Mvc.Infrastructure.ResourceInvoker.<InvokeFilterPipelineAsync>g__Awaited|20_0(ResourceInvoker invoker, Task lastTask, State next, Scope scope, Object state, Boolean isCompleted)
   at Microsoft.AspNetCore.Mvc.Infrastructure.ResourceInvoker.<InvokeAsync>g__Logged|17_1(ResourceInvoker invoker)
   at Microsoft.AspNetCore.Mvc.Infrastructure.ResourceInvoker.<InvokeAsync>g__Logged|17_1(ResourceInvoker invoker)
   at Microsoft.AspNetCore.Routing.EndpointMiddleware.<Invoke>g__AwaitRequestTask|7_0(Endpoint endpoint, Task requestTask, ILogger logger)
   at Microsoft.AspNetCore.Authorization.AuthorizationMiddleware.Invoke(HttpContext context)
   at Microsoft.AspNetCore.Authentication.AuthenticationMiddleware.Invoke(HttpContext context)
   at Swashbuckle.AspNetCore.SwaggerUI.SwaggerUIMiddleware.Invoke(HttpContext httpContext)
   at Swashbuckle.AspNetCore.Swagger.SwaggerMiddleware.Invoke(HttpContext httpContext, ISwaggerProvider swaggerProvider)
   at QAMS.Api.Middleware.ExceptionHandlingMiddleware.InvokeAsync(HttpContext context) in /src/src/QAMS.Api/Middleware/ExceptionHandlingMiddleware.cs:line 27
2026-02-15 20:47:05.666 +00:00 [INF] Request finished HTTP/1.1 POST http://localhost:5000/api/auth/login - 400 null application/json 777.8355ms
2026-02-15 20:48:50.822 +00:00 [INF] Application is shutting down...
2026-02-15 20:49:00.084 +00:00 [INF] Executed DbCommand (84ms) [Parameters=[], CommandType='"Text"', CommandTimeout='30']
SELECT EXISTS (
    SELECT 1 FROM pg_catalog.pg_class c
    JOIN pg_catalog.pg_namespace n ON n.oid=c.relnamespace
    WHERE n.nspname='public' AND
          c.relname='__EFMigrationsHistory'
)
2026-02-15 20:49:00.153 +00:00 [INF] Executed DbCommand (6ms) [Parameters=[], CommandType='"Text"', CommandTimeout='30']
SELECT "MigrationId", "ProductVersion"
FROM "__EFMigrationsHistory"
ORDER BY "MigrationId";
2026-02-15 20:49:00.176 +00:00 [INF] Executed DbCommand (1ms) [Parameters=[], CommandType='"Text"', CommandTimeout='30']
SELECT EXISTS (
    SELECT 1 FROM pg_catalog.pg_class c
    JOIN pg_catalog.pg_namespace n ON n.oid=c.relnamespace
    WHERE n.nspname='public' AND
          c.relname='__EFMigrationsHistory'
)
2026-02-15 20:49:00.192 +00:00 [INF] Executed DbCommand (2ms) [Parameters=[], CommandType='"Text"', CommandTimeout='30']
SELECT EXISTS (
    SELECT 1 FROM pg_catalog.pg_class c
    JOIN pg_catalog.pg_namespace n ON n.oid=c.relnamespace
    WHERE n.nspname='public' AND
          c.relname='__EFMigrationsHistory'
)
2026-02-15 20:49:00.195 +00:00 [INF] Executed DbCommand (1ms) [Parameters=[], CommandType='"Text"', CommandTimeout='30']
SELECT "MigrationId", "ProductVersion"
FROM "__EFMigrationsHistory"
ORDER BY "MigrationId";
2026-02-15 20:49:00.221 +00:00 [INF] No migrations were applied. The database is already up to date.
2026-02-15 20:49:00.224 +00:00 [INF] Database migrations applied.
2026-02-15 20:49:00.236 +00:00 [INF] Executed DbCommand (1ms) [Parameters=[], CommandType='"Text"', CommandTimeout='30']
SELECT EXISTS (
    SELECT 1 FROM pg_catalog.pg_class c
    JOIN pg_catalog.pg_namespace n ON n.oid=c.relnamespace
    WHERE n.nspname='public' AND
          c.relname='__EFMigrationsHistory'
)
2026-02-15 20:49:00.238 +00:00 [INF] Executed DbCommand (1ms) [Parameters=[], CommandType='"Text"', CommandTimeout='30']
SELECT "MigrationId", "ProductVersion"
FROM "__EFMigrationsHistory"
ORDER BY "MigrationId";
2026-02-15 20:49:00.318 +00:00 [INF] QAMS API iniciada en Docker.
2026-02-15 20:49:00.328 +00:00 [WRN] Storing keys in a directory '/root/.aspnet/DataProtection-Keys' that may not be persisted outside of the container. Protected data will be unavailable when container is destroyed. For more information go to https://aka.ms/aspnet/dataprotectionwarning
2026-02-15 20:49:00.330 +00:00 [INF] User profile is available. Using '/root/.aspnet/DataProtection-Keys' as key repository; keys will not be encrypted at rest.
2026-02-15 20:49:00.351 +00:00 [INF] Creating key {e3d88446-af02-430b-a995-97471ce4826f} with creation date 2026-02-15 20:49:00Z, activation date 2026-02-15 20:49:00Z, and expiration date 2026-05-16 20:49:00Z.
2026-02-15 20:49:00.361 +00:00 [WRN] No XML encryptor configured. Key {e3d88446-af02-430b-a995-97471ce4826f} may be persisted to storage in unencrypted form.
2026-02-15 20:49:00.364 +00:00 [INF] Writing data to file '/root/.aspnet/DataProtection-Keys/key-e3d88446-af02-430b-a995-97471ce4826f.xml'.
2026-02-15 20:49:00.374 +00:00 [WRN] Overriding HTTP_PORTS '8080' and HTTPS_PORTS ''. Binding to values defined by URLS instead 'http://+:8080'.
2026-02-15 20:49:00.407 +00:00 [WRN] The WebRootPath was not found: /app/wwwroot. Static files may be unavailable.
2026-02-15 20:49:00.462 +00:00 [INF] Now listening on: http://[::]:8080
2026-02-15 20:49:00.463 +00:00 [INF] Application started. Press Ctrl+C to shut down.
2026-02-15 20:49:00.463 +00:00 [INF] Hosting environment: Docker
2026-02-15 20:49:00.465 +00:00 [INF] Content root path: /app
2026-02-15 20:51:58.950 +00:00 [INF] Request starting HTTP/1.1 POST http://localhost:5000/api/auth/login - null null
2026-02-15 20:51:59.507 +00:00 [INF] Executing endpoint 'QAMS.Api.Controllers.AuthController.Login (QAMS.Api)'
2026-02-15 20:51:59.575 +00:00 [INF] Route matched with {action = "Login", controller = "Auth"}. Executing controller action with signature System.Threading.Tasks.Task`1[Microsoft.AspNetCore.Mvc.IActionResult] Login(QAMS.Application.DTOs.Auth.LoginRequestDto) on controller QAMS.Api.Controllers.AuthController (QAMS.Api).
2026-02-15 20:51:59.665 +00:00 [INF] Executing ObjectResult, writing value of type 'Microsoft.AspNetCore.Mvc.ProblemDetails'.
2026-02-15 20:51:59.734 +00:00 [INF] Executed action QAMS.Api.Controllers.AuthController.Login (QAMS.Api) in 152.299ms
2026-02-15 20:51:59.740 +00:00 [INF] Executed endpoint 'QAMS.Api.Controllers.AuthController.Login (QAMS.Api)'
2026-02-15 20:51:59.747 +00:00 [INF] Request finished HTTP/1.1 POST http://localhost:5000/api/auth/login - 415 null application/problem+json; charset=utf-8 816.9766ms
2026-02-15 20:52:42.153 +00:00 [INF] Request starting HTTP/1.1 POST http://localhost:5000/api/auth/login - application/json 57
2026-02-15 20:52:42.158 +00:00 [INF] Executing endpoint 'QAMS.Api.Controllers.AuthController.Login (QAMS.Api)'
2026-02-15 20:52:42.160 +00:00 [INF] Route matched with {action = "Login", controller = "Auth"}. Executing controller action with signature System.Threading.Tasks.Task`1[Microsoft.AspNetCore.Mvc.IActionResult] Login(QAMS.Application.DTOs.Auth.LoginRequestDto) on controller QAMS.Api.Controllers.AuthController (QAMS.Api).
2026-02-15 20:52:42.262 +00:00 [INF] POST /api/auth/login - Usuario: admin
2026-02-15 20:52:42.268 +00:00 [INF] Intento de login: 'admin'.
2026-02-15 20:52:42.696 +00:00 [INF] Executed DbCommand (31ms) [Parameters=[@__username_0='?'], CommandType='"Text"', CommandTimeout='30']
SELECT u.id, u.created_at, u.email, u.full_name, u.is_active, u.password_hash, u.refresh_token, u.refresh_token_expiry_time, u.updated_at, u.username
FROM users AS u
WHERE u.username = @__username_0
ORDER BY u.id
LIMIT 1
2026-02-15 20:52:42.776 +00:00 [INF] Executed DbCommand (5ms) [Parameters=[@__username_0='?'], CommandType='"Text"', CommandTimeout='30']
SELECT t0.user_id, t0.role_id, t0.assigned_at, t0.id, t0.created_at, t0.description, t0.is_active, t0.name, t.id
FROM (
    SELECT u.id
    FROM users AS u
    WHERE u.username = @__username_0
    LIMIT 1
) AS t
INNER JOIN (
    SELECT u0.user_id, u0.role_id, u0.assigned_at, r.id, r.created_at, r.description, r.is_active, r.name
    FROM user_roles AS u0
    INNER JOIN roles AS r ON u0.role_id = r.id
) AS t0 ON t.id = t0.user_id
ORDER BY t.id, t0.user_id, t0.role_id, t0.id
2026-02-15 20:52:42.816 +00:00 [INF] Executed DbCommand (4ms) [Parameters=[@__username_0='?'], CommandType='"Text"', CommandTimeout='30']
SELECT t1.role_id, t1.permission_id, t1.assigned_at, t1.id, t1.code, t1.created_at, t1.description, t1.module, t.id, t0.user_id, t0.role_id, t0.id
FROM (
    SELECT u.id
    FROM users AS u
    WHERE u.username = @__username_0
    LIMIT 1
) AS t
INNER JOIN (
    SELECT u0.user_id, u0.role_id, r.id
    FROM user_roles AS u0
    INNER JOIN roles AS r ON u0.role_id = r.id
) AS t0 ON t.id = t0.user_id
INNER JOIN (
    SELECT r0.role_id, r0.permission_id, r0.assigned_at, p.id, p.code, p.created_at, p.description, p.module
    FROM role_permissions AS r0
    INNER JOIN permissions AS p ON r0.permission_id = p.id
) AS t1 ON t0.id = t1.role_id
ORDER BY t.id, t0.user_id, t0.role_id, t0.id
2026-02-15 20:52:43.436 +00:00 [WRN] Contraseña incorrecta para 'admin'.
2026-02-15 20:52:43.443 +00:00 [INF] Executed action QAMS.Api.Controllers.AuthController.Login (QAMS.Api) in 1282.1606ms
2026-02-15 20:52:43.446 +00:00 [INF] Executed endpoint 'QAMS.Api.Controllers.AuthController.Login (QAMS.Api)'
2026-02-15 20:52:43.449 +00:00 [WRN] Error de dominio: Credenciales inválidas.
QAMS.Domain.Exceptions.DomainException: Credenciales inválidas.
   at QAMS.Application.Services.AuthService.LoginAsync(LoginRequestDto request) in /src/src/QAMS.Application/Services/AuthService.cs:line 48
   at QAMS.Api.Controllers.AuthController.Login(LoginRequestDto request) in /src/src/QAMS.Api/Controllers/AuthController.cs:line 29
   at Microsoft.AspNetCore.Mvc.Infrastructure.ActionMethodExecutor.TaskOfIActionResultExecutor.Execute(ActionContext actionContext, IActionResultTypeMapper mapper, ObjectMethodExecutor executor, Object controller, Object[] arguments)
   at Microsoft.AspNetCore.Mvc.Infrastructure.ControllerActionInvoker.<InvokeActionMethodAsync>g__Awaited|12_0(ControllerActionInvoker invoker, ValueTask`1 actionResultValueTask)
   at Microsoft.AspNetCore.Mvc.Infrastructure.ControllerActionInvoker.<InvokeNextActionFilterAsync>g__Awaited|10_0(ControllerActionInvoker invoker, Task lastTask, State next, Scope scope, Object state, Boolean isCompleted)
   at Microsoft.AspNetCore.Mvc.Infrastructure.ControllerActionInvoker.Rethrow(ActionExecutedContextSealed context)
   at Microsoft.AspNetCore.Mvc.Infrastructure.ControllerActionInvoker.Next(State& next, Scope& scope, Object& state, Boolean& isCompleted)
   at Microsoft.AspNetCore.Mvc.Infrastructure.ControllerActionInvoker.<InvokeInnerFilterAsync>g__Awaited|13_0(ControllerActionInvoker invoker, Task lastTask, State next, Scope scope, Object state, Boolean isCompleted)
   at Microsoft.AspNetCore.Mvc.Infrastructure.ResourceInvoker.<InvokeFilterPipelineAsync>g__Awaited|20_0(ResourceInvoker invoker, Task lastTask, State next, Scope scope, Object state, Boolean isCompleted)
   at Microsoft.AspNetCore.Mvc.Infrastructure.ResourceInvoker.<InvokeAsync>g__Logged|17_1(ResourceInvoker invoker)
   at Microsoft.AspNetCore.Mvc.Infrastructure.ResourceInvoker.<InvokeAsync>g__Logged|17_1(ResourceInvoker invoker)
   at Microsoft.AspNetCore.Routing.EndpointMiddleware.<Invoke>g__AwaitRequestTask|7_0(Endpoint endpoint, Task requestTask, ILogger logger)
   at Microsoft.AspNetCore.Authorization.AuthorizationMiddleware.Invoke(HttpContext context)
   at Microsoft.AspNetCore.Authentication.AuthenticationMiddleware.Invoke(HttpContext context)
   at Swashbuckle.AspNetCore.SwaggerUI.SwaggerUIMiddleware.Invoke(HttpContext httpContext)
   at Swashbuckle.AspNetCore.Swagger.SwaggerMiddleware.Invoke(HttpContext httpContext, ISwaggerProvider swaggerProvider)
   at QAMS.Api.Middleware.ExceptionHandlingMiddleware.InvokeAsync(HttpContext context) in /src/src/QAMS.Api/Middleware/ExceptionHandlingMiddleware.cs:line 27
2026-02-15 20:52:43.520 +00:00 [INF] Request finished HTTP/1.1 POST http://localhost:5000/api/auth/login - 400 null application/json 1367.0412ms
2026-02-15 20:56:30.416 +00:00 [INF] Application is shutting down...
2026-02-15 20:56:42.204 +00:00 [INF] Executed DbCommand (42ms) [Parameters=[], CommandType='"Text"', CommandTimeout='30']
SELECT EXISTS (
    SELECT 1 FROM pg_catalog.pg_class c
    JOIN pg_catalog.pg_namespace n ON n.oid=c.relnamespace
    WHERE n.nspname='public' AND
          c.relname='__EFMigrationsHistory'
)
2026-02-15 20:56:42.295 +00:00 [INF] Executed DbCommand (5ms) [Parameters=[], CommandType='"Text"', CommandTimeout='30']
SELECT "MigrationId", "ProductVersion"
FROM "__EFMigrationsHistory"
ORDER BY "MigrationId";
2026-02-15 20:56:42.318 +00:00 [INF] Executed DbCommand (1ms) [Parameters=[], CommandType='"Text"', CommandTimeout='30']
SELECT EXISTS (
    SELECT 1 FROM pg_catalog.pg_class c
    JOIN pg_catalog.pg_namespace n ON n.oid=c.relnamespace
    WHERE n.nspname='public' AND
          c.relname='__EFMigrationsHistory'
)
2026-02-15 20:56:42.329 +00:00 [INF] Executed DbCommand (1ms) [Parameters=[], CommandType='"Text"', CommandTimeout='30']
SELECT EXISTS (
    SELECT 1 FROM pg_catalog.pg_class c
    JOIN pg_catalog.pg_namespace n ON n.oid=c.relnamespace
    WHERE n.nspname='public' AND
          c.relname='__EFMigrationsHistory'
)
2026-02-15 20:56:42.332 +00:00 [INF] Executed DbCommand (2ms) [Parameters=[], CommandType='"Text"', CommandTimeout='30']
SELECT "MigrationId", "ProductVersion"
FROM "__EFMigrationsHistory"
ORDER BY "MigrationId";
2026-02-15 20:56:42.344 +00:00 [INF] No migrations were applied. The database is already up to date.
2026-02-15 20:56:42.348 +00:00 [INF] Database migrations applied.
2026-02-15 20:56:42.360 +00:00 [INF] Executed DbCommand (1ms) [Parameters=[], CommandType='"Text"', CommandTimeout='30']
SELECT EXISTS (
    SELECT 1 FROM pg_catalog.pg_class c
    JOIN pg_catalog.pg_namespace n ON n.oid=c.relnamespace
    WHERE n.nspname='public' AND
          c.relname='__EFMigrationsHistory'
)
2026-02-15 20:56:42.362 +00:00 [INF] Executed DbCommand (1ms) [Parameters=[], CommandType='"Text"', CommandTimeout='30']
SELECT "MigrationId", "ProductVersion"
FROM "__EFMigrationsHistory"
ORDER BY "MigrationId";
2026-02-15 20:56:42.522 +00:00 [INF] QAMS API iniciada en Docker.
2026-02-15 20:56:42.543 +00:00 [WRN] Storing keys in a directory '/root/.aspnet/DataProtection-Keys' that may not be persisted outside of the container. Protected data will be unavailable when container is destroyed. For more information go to https://aka.ms/aspnet/dataprotectionwarning
2026-02-15 20:56:42.545 +00:00 [INF] User profile is available. Using '/root/.aspnet/DataProtection-Keys' as key repository; keys will not be encrypted at rest.
2026-02-15 20:56:42.560 +00:00 [INF] Creating key {88cbb161-b7c3-498f-9dcd-5bcb3e9d44da} with creation date 2026-02-15 20:56:42Z, activation date 2026-02-15 20:56:42Z, and expiration date 2026-05-16 20:56:42Z.
2026-02-15 20:56:42.567 +00:00 [WRN] No XML encryptor configured. Key {88cbb161-b7c3-498f-9dcd-5bcb3e9d44da} may be persisted to storage in unencrypted form.
2026-02-15 20:56:42.573 +00:00 [INF] Writing data to file '/root/.aspnet/DataProtection-Keys/key-88cbb161-b7c3-498f-9dcd-5bcb3e9d44da.xml'.
2026-02-15 20:56:42.590 +00:00 [WRN] Overriding HTTP_PORTS '8080' and HTTPS_PORTS ''. Binding to values defined by URLS instead 'http://+:8080'.
2026-02-15 20:56:42.613 +00:00 [WRN] The WebRootPath was not found: /app/wwwroot. Static files may be unavailable.
2026-02-15 20:56:42.635 +00:00 [INF] Now listening on: http://[::]:8080
2026-02-15 20:56:42.636 +00:00 [INF] Application started. Press Ctrl+C to shut down.
2026-02-15 20:56:42.637 +00:00 [INF] Hosting environment: Docker
2026-02-15 20:56:42.638 +00:00 [INF] Content root path: /app
2026-02-15 20:56:52.897 +00:00 [INF] Request starting HTTP/1.1 POST http://localhost:5000/api/auth/login - application/json 61
2026-02-15 20:56:53.034 +00:00 [INF] Executing endpoint 'QAMS.Api.Controllers.AuthController.Login (QAMS.Api)'
2026-02-15 20:56:53.055 +00:00 [INF] Route matched with {action = "Login", controller = "Auth"}. Executing controller action with signature System.Threading.Tasks.Task`1[Microsoft.AspNetCore.Mvc.IActionResult] Login(QAMS.Application.DTOs.Auth.LoginRequestDto) on controller QAMS.Api.Controllers.AuthController (QAMS.Api).
2026-02-15 20:56:53.102 +00:00 [INF] POST /api/auth/login - Usuario: admin
2026-02-15 20:56:53.104 +00:00 [INF] Intento de login: 'admin'.
2026-02-15 20:56:53.410 +00:00 [INF] Executed DbCommand (16ms) [Parameters=[@__username_0='?'], CommandType='"Text"', CommandTimeout='30']
SELECT u.id, u.created_at, u.email, u.full_name, u.is_active, u.password_hash, u.refresh_token, u.refresh_token_expiry_time, u.updated_at, u.username
FROM users AS u
WHERE u.username = @__username_0
ORDER BY u.id
LIMIT 1
2026-02-15 20:56:53.479 +00:00 [INF] Executed DbCommand (7ms) [Parameters=[@__username_0='?'], CommandType='"Text"', CommandTimeout='30']
SELECT t0.user_id, t0.role_id, t0.assigned_at, t0.id, t0.created_at, t0.description, t0.is_active, t0.name, t.id
FROM (
    SELECT u.id
    FROM users AS u
    WHERE u.username = @__username_0
    LIMIT 1
) AS t
INNER JOIN (
    SELECT u0.user_id, u0.role_id, u0.assigned_at, r.id, r.created_at, r.description, r.is_active, r.name
    FROM user_roles AS u0
    INNER JOIN roles AS r ON u0.role_id = r.id
) AS t0 ON t.id = t0.user_id
ORDER BY t.id, t0.user_id, t0.role_id, t0.id
2026-02-15 20:56:53.526 +00:00 [INF] Executed DbCommand (7ms) [Parameters=[@__username_0='?'], CommandType='"Text"', CommandTimeout='30']
SELECT t1.role_id, t1.permission_id, t1.assigned_at, t1.id, t1.code, t1.created_at, t1.description, t1.module, t.id, t0.user_id, t0.role_id, t0.id
FROM (
    SELECT u.id
    FROM users AS u
    WHERE u.username = @__username_0
    LIMIT 1
) AS t
INNER JOIN (
    SELECT u0.user_id, u0.role_id, r.id
    FROM user_roles AS u0
    INNER JOIN roles AS r ON u0.role_id = r.id
) AS t0 ON t.id = t0.user_id
INNER JOIN (
    SELECT r0.role_id, r0.permission_id, r0.assigned_at, p.id, p.code, p.created_at, p.description, p.module
    FROM role_permissions AS r0
    INNER JOIN permissions AS p ON r0.permission_id = p.id
) AS t1 ON t0.id = t1.role_id
ORDER BY t.id, t0.user_id, t0.role_id, t0.id
2026-02-15 20:56:54.353 +00:00 [WRN] Contraseña incorrecta para 'admin'. Hash en DB: $2a$12$R9h/LIPzKuOfSRR6M9V39u.BBzBRS7O.O80X9/b9L.p51v5FzE5x.
2026-02-15 20:56:54.360 +00:00 [INF] Executed action QAMS.Api.Controllers.AuthController.Login (QAMS.Api) in 1301.574ms
2026-02-15 20:56:54.364 +00:00 [INF] Executed endpoint 'QAMS.Api.Controllers.AuthController.Login (QAMS.Api)'
2026-02-15 20:56:54.367 +00:00 [WRN] Error de dominio: Credenciales inválidas.
QAMS.Domain.Exceptions.DomainException: Credenciales inválidas.
   at QAMS.Application.Services.AuthService.LoginAsync(LoginRequestDto request) in /src/src/QAMS.Application/Services/AuthService.cs:line 57
   at QAMS.Api.Controllers.AuthController.Login(LoginRequestDto request) in /src/src/QAMS.Api/Controllers/AuthController.cs:line 29
   at Microsoft.AspNetCore.Mvc.Infrastructure.ActionMethodExecutor.TaskOfIActionResultExecutor.Execute(ActionContext actionContext, IActionResultTypeMapper mapper, ObjectMethodExecutor executor, Object controller, Object[] arguments)
   at Microsoft.AspNetCore.Mvc.Infrastructure.ControllerActionInvoker.<InvokeActionMethodAsync>g__Awaited|12_0(ControllerActionInvoker invoker, ValueTask`1 actionResultValueTask)
   at Microsoft.AspNetCore.Mvc.Infrastructure.ControllerActionInvoker.<InvokeNextActionFilterAsync>g__Awaited|10_0(ControllerActionInvoker invoker, Task lastTask, State next, Scope scope, Object state, Boolean isCompleted)
   at Microsoft.AspNetCore.Mvc.Infrastructure.ControllerActionInvoker.Rethrow(ActionExecutedContextSealed context)
   at Microsoft.AspNetCore.Mvc.Infrastructure.ControllerActionInvoker.Next(State& next, Scope& scope, Object& state, Boolean& isCompleted)
   at Microsoft.AspNetCore.Mvc.Infrastructure.ControllerActionInvoker.<InvokeInnerFilterAsync>g__Awaited|13_0(ControllerActionInvoker invoker, Task lastTask, State next, Scope scope, Object state, Boolean isCompleted)
   at Microsoft.AspNetCore.Mvc.Infrastructure.ResourceInvoker.<InvokeFilterPipelineAsync>g__Awaited|20_0(ResourceInvoker invoker, Task lastTask, State next, Scope scope, Object state, Boolean isCompleted)
   at Microsoft.AspNetCore.Mvc.Infrastructure.ResourceInvoker.<InvokeAsync>g__Logged|17_1(ResourceInvoker invoker)
   at Microsoft.AspNetCore.Mvc.Infrastructure.ResourceInvoker.<InvokeAsync>g__Logged|17_1(ResourceInvoker invoker)
   at Microsoft.AspNetCore.Routing.EndpointMiddleware.<Invoke>g__AwaitRequestTask|7_0(Endpoint endpoint, Task requestTask, ILogger logger)
   at Microsoft.AspNetCore.Authorization.AuthorizationMiddleware.Invoke(HttpContext context)
   at Microsoft.AspNetCore.Authentication.AuthenticationMiddleware.Invoke(HttpContext context)
   at Swashbuckle.AspNetCore.SwaggerUI.SwaggerUIMiddleware.Invoke(HttpContext httpContext)
   at Swashbuckle.AspNetCore.Swagger.SwaggerMiddleware.Invoke(HttpContext httpContext, ISwaggerProvider swaggerProvider)
   at QAMS.Api.Middleware.ExceptionHandlingMiddleware.InvokeAsync(HttpContext context) in /src/src/QAMS.Api/Middleware/ExceptionHandlingMiddleware.cs:line 27
2026-02-15 20:56:54.401 +00:00 [INF] Request finished HTTP/1.1 POST http://localhost:5000/api/auth/login - 400 null application/json 1509.8221ms
2026-02-15 20:56:54.457 +00:00 [INF] Request starting HTTP/1.1 POST http://localhost:5000/api/auth/login - application/json 57
2026-02-15 20:56:54.465 +00:00 [INF] Executing endpoint 'QAMS.Api.Controllers.AuthController.Login (QAMS.Api)'
2026-02-15 20:56:54.466 +00:00 [INF] Route matched with {action = "Login", controller = "Auth"}. Executing controller action with signature System.Threading.Tasks.Task`1[Microsoft.AspNetCore.Mvc.IActionResult] Login(QAMS.Application.DTOs.Auth.LoginRequestDto) on controller QAMS.Api.Controllers.AuthController (QAMS.Api).
2026-02-15 20:56:54.535 +00:00 [INF] POST /api/auth/login - Usuario: admin
2026-02-15 20:56:54.536 +00:00 [INF] Intento de login: 'admin'.
2026-02-15 20:56:54.547 +00:00 [INF] Executed DbCommand (1ms) [Parameters=[@__username_0='?'], CommandType='"Text"', CommandTimeout='30']
SELECT u.id, u.created_at, u.email, u.full_name, u.is_active, u.password_hash, u.refresh_token, u.refresh_token_expiry_time, u.updated_at, u.username
FROM users AS u
WHERE u.username = @__username_0
ORDER BY u.id
LIMIT 1
2026-02-15 20:56:54.549 +00:00 [INF] Executed DbCommand (1ms) [Parameters=[@__username_0='?'], CommandType='"Text"', CommandTimeout='30']
SELECT t0.user_id, t0.role_id, t0.assigned_at, t0.id, t0.created_at, t0.description, t0.is_active, t0.name, t.id
FROM (
    SELECT u.id
    FROM users AS u
    WHERE u.username = @__username_0
    LIMIT 1
) AS t
INNER JOIN (
    SELECT u0.user_id, u0.role_id, u0.assigned_at, r.id, r.created_at, r.description, r.is_active, r.name
    FROM user_roles AS u0
    INNER JOIN roles AS r ON u0.role_id = r.id
) AS t0 ON t.id = t0.user_id
ORDER BY t.id, t0.user_id, t0.role_id, t0.id
2026-02-15 20:56:54.552 +00:00 [INF] Executed DbCommand (2ms) [Parameters=[@__username_0='?'], CommandType='"Text"', CommandTimeout='30']
SELECT t1.role_id, t1.permission_id, t1.assigned_at, t1.id, t1.code, t1.created_at, t1.description, t1.module, t.id, t0.user_id, t0.role_id, t0.id
FROM (
    SELECT u.id
    FROM users AS u
    WHERE u.username = @__username_0
    LIMIT 1
) AS t
INNER JOIN (
    SELECT u0.user_id, u0.role_id, r.id
    FROM user_roles AS u0
    INNER JOIN roles AS r ON u0.role_id = r.id
) AS t0 ON t.id = t0.user_id
INNER JOIN (
    SELECT r0.role_id, r0.permission_id, r0.assigned_at, p.id, p.code, p.created_at, p.description, p.module
    FROM role_permissions AS r0
    INNER JOIN permissions AS p ON r0.permission_id = p.id
) AS t1 ON t0.id = t1.role_id
ORDER BY t.id, t0.user_id, t0.role_id, t0.id
2026-02-15 20:56:55.226 +00:00 [WRN] Contraseña incorrecta para 'admin'. Hash en DB: $2a$12$R9h/LIPzKuOfSRR6M9V39u.BBzBRS7O.O80X9/b9L.p51v5FzE5x.
2026-02-15 20:56:55.228 +00:00 [INF] Executed action QAMS.Api.Controllers.AuthController.Login (QAMS.Api) in 760.9693ms
2026-02-15 20:56:55.230 +00:00 [INF] Executed endpoint 'QAMS.Api.Controllers.AuthController.Login (QAMS.Api)'
2026-02-15 20:56:55.231 +00:00 [WRN] Error de dominio: Credenciales inválidas.
QAMS.Domain.Exceptions.DomainException: Credenciales inválidas.
   at QAMS.Application.Services.AuthService.LoginAsync(LoginRequestDto request) in /src/src/QAMS.Application/Services/AuthService.cs:line 57
   at QAMS.Api.Controllers.AuthController.Login(LoginRequestDto request) in /src/src/QAMS.Api/Controllers/AuthController.cs:line 29
   at Microsoft.AspNetCore.Mvc.Infrastructure.ActionMethodExecutor.TaskOfIActionResultExecutor.Execute(ActionContext actionContext, IActionResultTypeMapper mapper, ObjectMethodExecutor executor, Object controller, Object[] arguments)
   at Microsoft.AspNetCore.Mvc.Infrastructure.ControllerActionInvoker.<InvokeActionMethodAsync>g__Awaited|12_0(ControllerActionInvoker invoker, ValueTask`1 actionResultValueTask)
   at Microsoft.AspNetCore.Mvc.Infrastructure.ControllerActionInvoker.<InvokeNextActionFilterAsync>g__Awaited|10_0(ControllerActionInvoker invoker, Task lastTask, State next, Scope scope, Object state, Boolean isCompleted)
   at Microsoft.AspNetCore.Mvc.Infrastructure.ControllerActionInvoker.Rethrow(ActionExecutedContextSealed context)
   at Microsoft.AspNetCore.Mvc.Infrastructure.ControllerActionInvoker.Next(State& next, Scope& scope, Object& state, Boolean& isCompleted)
   at Microsoft.AspNetCore.Mvc.Infrastructure.ControllerActionInvoker.<InvokeInnerFilterAsync>g__Awaited|13_0(ControllerActionInvoker invoker, Task lastTask, State next, Scope scope, Object state, Boolean isCompleted)
   at Microsoft.AspNetCore.Mvc.Infrastructure.ResourceInvoker.<InvokeFilterPipelineAsync>g__Awaited|20_0(ResourceInvoker invoker, Task lastTask, State next, Scope scope, Object state, Boolean isCompleted)
   at Microsoft.AspNetCore.Mvc.Infrastructure.ResourceInvoker.<InvokeAsync>g__Logged|17_1(ResourceInvoker invoker)
   at Microsoft.AspNetCore.Mvc.Infrastructure.ResourceInvoker.<InvokeAsync>g__Logged|17_1(ResourceInvoker invoker)
   at Microsoft.AspNetCore.Routing.EndpointMiddleware.<Invoke>g__AwaitRequestTask|7_0(Endpoint endpoint, Task requestTask, ILogger logger)
   at Microsoft.AspNetCore.Authorization.AuthorizationMiddleware.Invoke(HttpContext context)
   at Microsoft.AspNetCore.Authentication.AuthenticationMiddleware.Invoke(HttpContext context)
   at Swashbuckle.AspNetCore.SwaggerUI.SwaggerUIMiddleware.Invoke(HttpContext httpContext)
   at Swashbuckle.AspNetCore.Swagger.SwaggerMiddleware.Invoke(HttpContext httpContext, ISwaggerProvider swaggerProvider)
   at QAMS.Api.Middleware.ExceptionHandlingMiddleware.InvokeAsync(HttpContext context) in /src/src/QAMS.Api/Middleware/ExceptionHandlingMiddleware.cs:line 27
2026-02-15 20:56:55.236 +00:00 [INF] Request finished HTTP/1.1 POST http://localhost:5000/api/auth/login - 400 null application/json 779.3248ms
2026-02-15 20:57:32.537 +00:00 [INF] Request starting HTTP/1.1 POST http://localhost:5000/api/auth/login - application/json 64
2026-02-15 20:57:32.545 +00:00 [INF] Executing endpoint 'QAMS.Api.Controllers.AuthController.Login (QAMS.Api)'
2026-02-15 20:57:32.546 +00:00 [INF] Route matched with {action = "Login", controller = "Auth"}. Executing controller action with signature System.Threading.Tasks.Task`1[Microsoft.AspNetCore.Mvc.IActionResult] Login(QAMS.Application.DTOs.Auth.LoginRequestDto) on controller QAMS.Api.Controllers.AuthController (QAMS.Api).
2026-02-15 20:57:32.556 +00:00 [INF] POST /api/auth/login - Usuario: admin
2026-02-15 20:57:32.557 +00:00 [INF] Intento de login: 'admin'.
2026-02-15 20:57:32.569 +00:00 [INF] Executed DbCommand (4ms) [Parameters=[@__username_0='?'], CommandType='"Text"', CommandTimeout='30']
SELECT u.id, u.created_at, u.email, u.full_name, u.is_active, u.password_hash, u.refresh_token, u.refresh_token_expiry_time, u.updated_at, u.username
FROM users AS u
WHERE u.username = @__username_0
ORDER BY u.id
LIMIT 1
2026-02-15 20:57:32.574 +00:00 [INF] Executed DbCommand (2ms) [Parameters=[@__username_0='?'], CommandType='"Text"', CommandTimeout='30']
SELECT t0.user_id, t0.role_id, t0.assigned_at, t0.id, t0.created_at, t0.description, t0.is_active, t0.name, t.id
FROM (
    SELECT u.id
    FROM users AS u
    WHERE u.username = @__username_0
    LIMIT 1
) AS t
INNER JOIN (
    SELECT u0.user_id, u0.role_id, u0.assigned_at, r.id, r.created_at, r.description, r.is_active, r.name
    FROM user_roles AS u0
    INNER JOIN roles AS r ON u0.role_id = r.id
) AS t0 ON t.id = t0.user_id
ORDER BY t.id, t0.user_id, t0.role_id, t0.id
2026-02-15 20:57:32.581 +00:00 [INF] Executed DbCommand (4ms) [Parameters=[@__username_0='?'], CommandType='"Text"', CommandTimeout='30']
SELECT t1.role_id, t1.permission_id, t1.assigned_at, t1.id, t1.code, t1.created_at, t1.description, t1.module, t.id, t0.user_id, t0.role_id, t0.id
FROM (
    SELECT u.id
    FROM users AS u
    WHERE u.username = @__username_0
    LIMIT 1
) AS t
INNER JOIN (
    SELECT u0.user_id, u0.role_id, r.id
    FROM user_roles AS u0
    INNER JOIN roles AS r ON u0.role_id = r.id
) AS t0 ON t.id = t0.user_id
INNER JOIN (
    SELECT r0.role_id, r0.permission_id, r0.assigned_at, p.id, p.code, p.created_at, p.description, p.module
    FROM role_permissions AS r0
    INNER JOIN permissions AS p ON r0.permission_id = p.id
) AS t1 ON t0.id = t1.role_id
ORDER BY t.id, t0.user_id, t0.role_id, t0.id
2026-02-15 20:57:32.901 +00:00 [WRN] Contraseña incorrecta para 'admin'. Hash en DB: $2a$12$R9h/LIPzKuOfSRR6M9V39u.BBzBRS7O.O80X9/b9L.p51v5FzE5x.
2026-02-15 20:57:32.902 +00:00 [INF] Executed action QAMS.Api.Controllers.AuthController.Login (QAMS.Api) in 355.6996ms
2026-02-15 20:57:32.903 +00:00 [INF] Executed endpoint 'QAMS.Api.Controllers.AuthController.Login (QAMS.Api)'
2026-02-15 20:57:32.904 +00:00 [WRN] Error de dominio: Credenciales inválidas.
QAMS.Domain.Exceptions.DomainException: Credenciales inválidas.
   at QAMS.Application.Services.AuthService.LoginAsync(LoginRequestDto request) in /src/src/QAMS.Application/Services/AuthService.cs:line 57
   at QAMS.Api.Controllers.AuthController.Login(LoginRequestDto request) in /src/src/QAMS.Api/Controllers/AuthController.cs:line 29
   at Microsoft.AspNetCore.Mvc.Infrastructure.ActionMethodExecutor.TaskOfIActionResultExecutor.Execute(ActionContext actionContext, IActionResultTypeMapper mapper, ObjectMethodExecutor executor, Object controller, Object[] arguments)
   at Microsoft.AspNetCore.Mvc.Infrastructure.ControllerActionInvoker.<InvokeActionMethodAsync>g__Awaited|12_0(ControllerActionInvoker invoker, ValueTask`1 actionResultValueTask)
   at Microsoft.AspNetCore.Mvc.Infrastructure.ControllerActionInvoker.<InvokeNextActionFilterAsync>g__Awaited|10_0(ControllerActionInvoker invoker, Task lastTask, State next, Scope scope, Object state, Boolean isCompleted)
   at Microsoft.AspNetCore.Mvc.Infrastructure.ControllerActionInvoker.Rethrow(ActionExecutedContextSealed context)
   at Microsoft.AspNetCore.Mvc.Infrastructure.ControllerActionInvoker.Next(State& next, Scope& scope, Object& state, Boolean& isCompleted)
   at Microsoft.AspNetCore.Mvc.Infrastructure.ControllerActionInvoker.<InvokeInnerFilterAsync>g__Awaited|13_0(ControllerActionInvoker invoker, Task lastTask, State next, Scope scope, Object state, Boolean isCompleted)
   at Microsoft.AspNetCore.Mvc.Infrastructure.ResourceInvoker.<InvokeFilterPipelineAsync>g__Awaited|20_0(ResourceInvoker invoker, Task lastTask, State next, Scope scope, Object state, Boolean isCompleted)
   at Microsoft.AspNetCore.Mvc.Infrastructure.ResourceInvoker.<InvokeAsync>g__Logged|17_1(ResourceInvoker invoker)
   at Microsoft.AspNetCore.Mvc.Infrastructure.ResourceInvoker.<InvokeAsync>g__Logged|17_1(ResourceInvoker invoker)
   at Microsoft.AspNetCore.Routing.EndpointMiddleware.<Invoke>g__AwaitRequestTask|7_0(Endpoint endpoint, Task requestTask, ILogger logger)
   at Microsoft.AspNetCore.Authorization.AuthorizationMiddleware.Invoke(HttpContext context)
   at Microsoft.AspNetCore.Authentication.AuthenticationMiddleware.Invoke(HttpContext context)
   at Swashbuckle.AspNetCore.SwaggerUI.SwaggerUIMiddleware.Invoke(HttpContext httpContext)
   at Swashbuckle.AspNetCore.Swagger.SwaggerMiddleware.Invoke(HttpContext httpContext, ISwaggerProvider swaggerProvider)
   at QAMS.Api.Middleware.ExceptionHandlingMiddleware.InvokeAsync(HttpContext context) in /src/src/QAMS.Api/Middleware/ExceptionHandlingMiddleware.cs:line 27
2026-02-15 20:57:32.907 +00:00 [INF] Request finished HTTP/1.1 POST http://localhost:5000/api/auth/login - 400 null application/json 370.1328ms
2026-02-15 20:59:10.462 +00:00 [INF] Request starting HTTP/1.1 POST http://localhost:5000/api/auth/login - application/json 64
2026-02-15 20:59:10.474 +00:00 [INF] Executing endpoint 'QAMS.Api.Controllers.AuthController.Login (QAMS.Api)'
2026-02-15 20:59:10.475 +00:00 [INF] Route matched with {action = "Login", controller = "Auth"}. Executing controller action with signature System.Threading.Tasks.Task`1[Microsoft.AspNetCore.Mvc.IActionResult] Login(QAMS.Application.DTOs.Auth.LoginRequestDto) on controller QAMS.Api.Controllers.AuthController (QAMS.Api).
2026-02-15 20:59:10.539 +00:00 [INF] POST /api/auth/login - Usuario: admin
2026-02-15 20:59:10.540 +00:00 [INF] Intento de login: 'admin'.
2026-02-15 20:59:10.571 +00:00 [INF] Executed DbCommand (15ms) [Parameters=[@__username_0='?'], CommandType='"Text"', CommandTimeout='30']
SELECT u.id, u.created_at, u.email, u.full_name, u.is_active, u.password_hash, u.refresh_token, u.refresh_token_expiry_time, u.updated_at, u.username
FROM users AS u
WHERE u.username = @__username_0
ORDER BY u.id
LIMIT 1
2026-02-15 20:59:10.600 +00:00 [INF] Executed DbCommand (13ms) [Parameters=[@__username_0='?'], CommandType='"Text"', CommandTimeout='30']
SELECT t0.user_id, t0.role_id, t0.assigned_at, t0.id, t0.created_at, t0.description, t0.is_active, t0.name, t.id
FROM (
    SELECT u.id
    FROM users AS u
    WHERE u.username = @__username_0
    LIMIT 1
) AS t
INNER JOIN (
    SELECT u0.user_id, u0.role_id, u0.assigned_at, r.id, r.created_at, r.description, r.is_active, r.name
    FROM user_roles AS u0
    INNER JOIN roles AS r ON u0.role_id = r.id
) AS t0 ON t.id = t0.user_id
ORDER BY t.id, t0.user_id, t0.role_id, t0.id
2026-02-15 20:59:10.607 +00:00 [INF] Executed DbCommand (5ms) [Parameters=[@__username_0='?'], CommandType='"Text"', CommandTimeout='30']
SELECT t1.role_id, t1.permission_id, t1.assigned_at, t1.id, t1.code, t1.created_at, t1.description, t1.module, t.id, t0.user_id, t0.role_id, t0.id
FROM (
    SELECT u.id
    FROM users AS u
    WHERE u.username = @__username_0
    LIMIT 1
) AS t
INNER JOIN (
    SELECT u0.user_id, u0.role_id, r.id
    FROM user_roles AS u0
    INNER JOIN roles AS r ON u0.role_id = r.id
) AS t0 ON t.id = t0.user_id
INNER JOIN (
    SELECT r0.role_id, r0.permission_id, r0.assigned_at, p.id, p.code, p.created_at, p.description, p.module
    FROM role_permissions AS r0
    INNER JOIN permissions AS p ON r0.permission_id = p.id
) AS t1 ON t0.id = t1.role_id
ORDER BY t.id, t0.user_id, t0.role_id, t0.id
2026-02-15 20:59:10.873 +00:00 [WRN] Contraseña incorrecta para 'admin'. Hash en DB: $2a$12$R9h/LIPzKuOfSRR6M9V39u.BBzBRS7O.O80X9/b9L.p51v5FzE5x.
2026-02-15 20:59:10.881 +00:00 [INF] Executed action QAMS.Api.Controllers.AuthController.Login (QAMS.Api) in 404.5845ms
2026-02-15 20:59:10.883 +00:00 [INF] Executed endpoint 'QAMS.Api.Controllers.AuthController.Login (QAMS.Api)'
2026-02-15 20:59:10.884 +00:00 [WRN] Error de dominio: Credenciales inválidas.
QAMS.Domain.Exceptions.DomainException: Credenciales inválidas.
   at QAMS.Application.Services.AuthService.LoginAsync(LoginRequestDto request) in /src/src/QAMS.Application/Services/AuthService.cs:line 57
   at QAMS.Api.Controllers.AuthController.Login(LoginRequestDto request) in /src/src/QAMS.Api/Controllers/AuthController.cs:line 29
   at Microsoft.AspNetCore.Mvc.Infrastructure.ActionMethodExecutor.TaskOfIActionResultExecutor.Execute(ActionContext actionContext, IActionResultTypeMapper mapper, ObjectMethodExecutor executor, Object controller, Object[] arguments)
   at Microsoft.AspNetCore.Mvc.Infrastructure.ControllerActionInvoker.<InvokeActionMethodAsync>g__Awaited|12_0(ControllerActionInvoker invoker, ValueTask`1 actionResultValueTask)
   at Microsoft.AspNetCore.Mvc.Infrastructure.ControllerActionInvoker.<InvokeNextActionFilterAsync>g__Awaited|10_0(ControllerActionInvoker invoker, Task lastTask, State next, Scope scope, Object state, Boolean isCompleted)
   at Microsoft.AspNetCore.Mvc.Infrastructure.ControllerActionInvoker.Rethrow(ActionExecutedContextSealed context)
   at Microsoft.AspNetCore.Mvc.Infrastructure.ControllerActionInvoker.Next(State& next, Scope& scope, Object& state, Boolean& isCompleted)
   at Microsoft.AspNetCore.Mvc.Infrastructure.ControllerActionInvoker.<InvokeInnerFilterAsync>g__Awaited|13_0(ControllerActionInvoker invoker, Task lastTask, State next, Scope scope, Object state, Boolean isCompleted)
   at Microsoft.AspNetCore.Mvc.Infrastructure.ResourceInvoker.<InvokeFilterPipelineAsync>g__Awaited|20_0(ResourceInvoker invoker, Task lastTask, State next, Scope scope, Object state, Boolean isCompleted)
   at Microsoft.AspNetCore.Mvc.Infrastructure.ResourceInvoker.<InvokeAsync>g__Logged|17_1(ResourceInvoker invoker)
   at Microsoft.AspNetCore.Mvc.Infrastructure.ResourceInvoker.<InvokeAsync>g__Logged|17_1(ResourceInvoker invoker)
   at Microsoft.AspNetCore.Routing.EndpointMiddleware.<Invoke>g__AwaitRequestTask|7_0(Endpoint endpoint, Task requestTask, ILogger logger)
   at Microsoft.AspNetCore.Authorization.AuthorizationMiddleware.Invoke(HttpContext context)
   at Microsoft.AspNetCore.Authentication.AuthenticationMiddleware.Invoke(HttpContext context)
   at Swashbuckle.AspNetCore.SwaggerUI.SwaggerUIMiddleware.Invoke(HttpContext httpContext)
   at Swashbuckle.AspNetCore.Swagger.SwaggerMiddleware.Invoke(HttpContext httpContext, ISwaggerProvider swaggerProvider)
   at QAMS.Api.Middleware.ExceptionHandlingMiddleware.InvokeAsync(HttpContext context) in /src/src/QAMS.Api/Middleware/ExceptionHandlingMiddleware.cs:line 27
2026-02-15 20:59:10.903 +00:00 [INF] Request finished HTTP/1.1 POST http://localhost:5000/api/auth/login - 400 null application/json 447.7386ms
2026-02-15 21:02:42.189 +00:00 [INF] Application is shutting down...
2026-02-15 21:02:50.776 +00:00 [INF] Executed DbCommand (33ms) [Parameters=[], CommandType='"Text"', CommandTimeout='30']
SELECT EXISTS (
    SELECT 1 FROM pg_catalog.pg_class c
    JOIN pg_catalog.pg_namespace n ON n.oid=c.relnamespace
    WHERE n.nspname='public' AND
          c.relname='__EFMigrationsHistory'
)
2026-02-15 21:02:50.833 +00:00 [INF] Executed DbCommand (5ms) [Parameters=[], CommandType='"Text"', CommandTimeout='30']
SELECT "MigrationId", "ProductVersion"
FROM "__EFMigrationsHistory"
ORDER BY "MigrationId";
2026-02-15 21:02:50.851 +00:00 [INF] Executed DbCommand (1ms) [Parameters=[], CommandType='"Text"', CommandTimeout='30']
SELECT EXISTS (
    SELECT 1 FROM pg_catalog.pg_class c
    JOIN pg_catalog.pg_namespace n ON n.oid=c.relnamespace
    WHERE n.nspname='public' AND
          c.relname='__EFMigrationsHistory'
)
2026-02-15 21:02:50.866 +00:00 [INF] Executed DbCommand (1ms) [Parameters=[], CommandType='"Text"', CommandTimeout='30']
SELECT EXISTS (
    SELECT 1 FROM pg_catalog.pg_class c
    JOIN pg_catalog.pg_namespace n ON n.oid=c.relnamespace
    WHERE n.nspname='public' AND
          c.relname='__EFMigrationsHistory'
)
2026-02-15 21:02:50.869 +00:00 [INF] Executed DbCommand (1ms) [Parameters=[], CommandType='"Text"', CommandTimeout='30']
SELECT "MigrationId", "ProductVersion"
FROM "__EFMigrationsHistory"
ORDER BY "MigrationId";
2026-02-15 21:02:50.880 +00:00 [INF] No migrations were applied. The database is already up to date.
2026-02-15 21:02:50.883 +00:00 [INF] Database migrations applied.
2026-02-15 21:02:50.896 +00:00 [INF] Executed DbCommand (1ms) [Parameters=[], CommandType='"Text"', CommandTimeout='30']
SELECT EXISTS (
    SELECT 1 FROM pg_catalog.pg_class c
    JOIN pg_catalog.pg_namespace n ON n.oid=c.relnamespace
    WHERE n.nspname='public' AND
          c.relname='__EFMigrationsHistory'
)
2026-02-15 21:02:50.897 +00:00 [INF] Executed DbCommand (1ms) [Parameters=[], CommandType='"Text"', CommandTimeout='30']
SELECT "MigrationId", "ProductVersion"
FROM "__EFMigrationsHistory"
ORDER BY "MigrationId";
2026-02-15 21:02:50.988 +00:00 [INF] QAMS API iniciada en Docker.
2026-02-15 21:02:51.002 +00:00 [WRN] Storing keys in a directory '/root/.aspnet/DataProtection-Keys' that may not be persisted outside of the container. Protected data will be unavailable when container is destroyed. For more information go to https://aka.ms/aspnet/dataprotectionwarning
2026-02-15 21:02:51.004 +00:00 [INF] User profile is available. Using '/root/.aspnet/DataProtection-Keys' as key repository; keys will not be encrypted at rest.
2026-02-15 21:02:51.016 +00:00 [INF] Creating key {3caef511-3e1f-401a-a83d-a56e66e1ad66} with creation date 2026-02-15 21:02:51Z, activation date 2026-02-15 21:02:51Z, and expiration date 2026-05-16 21:02:51Z.
2026-02-15 21:02:51.023 +00:00 [WRN] No XML encryptor configured. Key {3caef511-3e1f-401a-a83d-a56e66e1ad66} may be persisted to storage in unencrypted form.
2026-02-15 21:02:51.027 +00:00 [INF] Writing data to file '/root/.aspnet/DataProtection-Keys/key-3caef511-3e1f-401a-a83d-a56e66e1ad66.xml'.
2026-02-15 21:02:51.039 +00:00 [WRN] Overriding HTTP_PORTS '8080' and HTTPS_PORTS ''. Binding to values defined by URLS instead 'http://+:8080'.
2026-02-15 21:02:51.057 +00:00 [WRN] The WebRootPath was not found: /app/wwwroot. Static files may be unavailable.
2026-02-15 21:02:51.090 +00:00 [INF] Now listening on: http://[::]:8080
2026-02-15 21:02:51.091 +00:00 [INF] Application started. Press Ctrl+C to shut down.
2026-02-15 21:02:51.092 +00:00 [INF] Hosting environment: Docker
2026-02-15 21:02:51.092 +00:00 [INF] Content root path: /app
2026-02-15 21:03:02.014 +00:00 [INF] Request starting HTTP/1.1 POST http://localhost:5000/api/auth/login - application/json 64
2026-02-15 21:03:02.075 +00:00 [INF] Executing endpoint 'QAMS.Api.Controllers.AuthController.Login (QAMS.Api)'
2026-02-15 21:03:02.113 +00:00 [INF] Route matched with {action = "Login", controller = "Auth"}. Executing controller action with signature System.Threading.Tasks.Task`1[Microsoft.AspNetCore.Mvc.IActionResult] Login(QAMS.Application.DTOs.Auth.LoginRequestDto) on controller QAMS.Api.Controllers.AuthController (QAMS.Api).
2026-02-15 21:03:02.168 +00:00 [INF] POST /api/auth/login - Usuario: admin
2026-02-15 21:03:02.169 +00:00 [INF] Intento de login: 'admin'.
2026-02-15 21:03:02.441 +00:00 [INF] Executed DbCommand (31ms) [Parameters=[@__username_0='?'], CommandType='"Text"', CommandTimeout='30']
SELECT u.id, u.created_at, u.email, u.full_name, u.is_active, u.password_hash, u.refresh_token, u.refresh_token_expiry_time, u.updated_at, u.username
FROM users AS u
WHERE u.username = @__username_0
LIMIT 1
2026-02-15 21:03:03.176 +00:00 [WRN] Contraseña incorrecta para 'admin'. Hash en DB: $2a$12$R9h/LIPzKuOfSRR6M9V39u.BBzBRS7O.O80X9/b9L.p51v5FzE5x.
2026-02-15 21:03:03.181 +00:00 [INF] Executed action QAMS.Api.Controllers.AuthController.Login (QAMS.Api) in 1065.8239ms
2026-02-15 21:03:03.186 +00:00 [INF] Executed endpoint 'QAMS.Api.Controllers.AuthController.Login (QAMS.Api)'
2026-02-15 21:03:03.189 +00:00 [WRN] Error de dominio: Credenciales inválidas.
QAMS.Domain.Exceptions.DomainException: Credenciales inválidas.
   at QAMS.Application.Services.AuthService.LoginAsync(LoginRequestDto request) in /src/src/QAMS.Application/Services/AuthService.cs:line 57
   at QAMS.Api.Controllers.AuthController.Login(LoginRequestDto request) in /src/src/QAMS.Api/Controllers/AuthController.cs:line 29
   at Microsoft.AspNetCore.Mvc.Infrastructure.ActionMethodExecutor.TaskOfIActionResultExecutor.Execute(ActionContext actionContext, IActionResultTypeMapper mapper, ObjectMethodExecutor executor, Object controller, Object[] arguments)
   at Microsoft.AspNetCore.Mvc.Infrastructure.ControllerActionInvoker.<InvokeActionMethodAsync>g__Awaited|12_0(ControllerActionInvoker invoker, ValueTask`1 actionResultValueTask)
   at Microsoft.AspNetCore.Mvc.Infrastructure.ControllerActionInvoker.<InvokeNextActionFilterAsync>g__Awaited|10_0(ControllerActionInvoker invoker, Task lastTask, State next, Scope scope, Object state, Boolean isCompleted)
   at Microsoft.AspNetCore.Mvc.Infrastructure.ControllerActionInvoker.Rethrow(ActionExecutedContextSealed context)
   at Microsoft.AspNetCore.Mvc.Infrastructure.ControllerActionInvoker.Next(State& next, Scope& scope, Object& state, Boolean& isCompleted)
   at Microsoft.AspNetCore.Mvc.Infrastructure.ControllerActionInvoker.<InvokeInnerFilterAsync>g__Awaited|13_0(ControllerActionInvoker invoker, Task lastTask, State next, Scope scope, Object state, Boolean isCompleted)
   at Microsoft.AspNetCore.Mvc.Infrastructure.ResourceInvoker.<InvokeFilterPipelineAsync>g__Awaited|20_0(ResourceInvoker invoker, Task lastTask, State next, Scope scope, Object state, Boolean isCompleted)
   at Microsoft.AspNetCore.Mvc.Infrastructure.ResourceInvoker.<InvokeAsync>g__Logged|17_1(ResourceInvoker invoker)
   at Microsoft.AspNetCore.Mvc.Infrastructure.ResourceInvoker.<InvokeAsync>g__Logged|17_1(ResourceInvoker invoker)
   at Microsoft.AspNetCore.Routing.EndpointMiddleware.<Invoke>g__AwaitRequestTask|7_0(Endpoint endpoint, Task requestTask, ILogger logger)
   at Microsoft.AspNetCore.Authorization.AuthorizationMiddleware.Invoke(HttpContext context)
   at Microsoft.AspNetCore.Authentication.AuthenticationMiddleware.Invoke(HttpContext context)
   at Swashbuckle.AspNetCore.SwaggerUI.SwaggerUIMiddleware.Invoke(HttpContext httpContext)
   at Swashbuckle.AspNetCore.Swagger.SwaggerMiddleware.Invoke(HttpContext httpContext, ISwaggerProvider swaggerProvider)
   at QAMS.Api.Middleware.ExceptionHandlingMiddleware.InvokeAsync(HttpContext context) in /src/src/QAMS.Api/Middleware/ExceptionHandlingMiddleware.cs:line 27
2026-02-15 21:03:03.220 +00:00 [INF] Request finished HTTP/1.1 POST http://localhost:5000/api/auth/login - 400 null application/json 1209.2399ms
2026-02-15 21:03:53.819 +00:00 [INF] Request starting HTTP/1.1 POST http://localhost:5000/api/auth/login - application/json 61
2026-02-15 21:03:53.837 +00:00 [INF] Executing endpoint 'QAMS.Api.Controllers.AuthController.Login (QAMS.Api)'
2026-02-15 21:03:53.840 +00:00 [INF] Route matched with {action = "Login", controller = "Auth"}. Executing controller action with signature System.Threading.Tasks.Task`1[Microsoft.AspNetCore.Mvc.IActionResult] Login(QAMS.Application.DTOs.Auth.LoginRequestDto) on controller QAMS.Api.Controllers.AuthController (QAMS.Api).
2026-02-15 21:03:53.913 +00:00 [INF] POST /api/auth/login - Usuario: admin
2026-02-15 21:03:53.914 +00:00 [INF] Intento de login: 'admin'.
2026-02-15 21:03:53.931 +00:00 [INF] Executed DbCommand (5ms) [Parameters=[@__username_0='?'], CommandType='"Text"', CommandTimeout='30']
SELECT u.id, u.created_at, u.email, u.full_name, u.is_active, u.password_hash, u.refresh_token, u.refresh_token_expiry_time, u.updated_at, u.username
FROM users AS u
WHERE u.username = @__username_0
LIMIT 1
2026-02-15 21:03:53.938 +00:00 [INF] Executed action QAMS.Api.Controllers.AuthController.Login (QAMS.Api) in 96.8394ms
2026-02-15 21:03:53.940 +00:00 [INF] Executed endpoint 'QAMS.Api.Controllers.AuthController.Login (QAMS.Api)'
2026-02-15 21:03:53.943 +00:00 [ERR] Error interno no controlado.
BCrypt.Net.SaltParseException: Invalid salt version
   at BCrypt.Net.BCrypt.HashPassword(String inputKey, String salt, Boolean enhancedEntropy, HashType hashType)
   at BCrypt.Net.BCrypt.Verify(String text, String hash, Boolean enhancedEntropy, HashType hashType)
   at QAMS.Infrastructure.Security.PasswordHasher.VerifyPassword(String password, String passwordHash) in /src/src/QAMS.Infrastructure/Security/PasswordHasher.cs:line 18
   at QAMS.Application.Services.AuthService.LoginAsync(LoginRequestDto request) in /src/src/QAMS.Application/Services/AuthService.cs:line 52
   at QAMS.Api.Controllers.AuthController.Login(LoginRequestDto request) in /src/src/QAMS.Api/Controllers/AuthController.cs:line 29
   at Microsoft.AspNetCore.Mvc.Infrastructure.ActionMethodExecutor.TaskOfIActionResultExecutor.Execute(ActionContext actionContext, IActionResultTypeMapper mapper, ObjectMethodExecutor executor, Object controller, Object[] arguments)
   at Microsoft.AspNetCore.Mvc.Infrastructure.ControllerActionInvoker.<InvokeActionMethodAsync>g__Awaited|12_0(ControllerActionInvoker invoker, ValueTask`1 actionResultValueTask)
   at Microsoft.AspNetCore.Mvc.Infrastructure.ControllerActionInvoker.<InvokeNextActionFilterAsync>g__Awaited|10_0(ControllerActionInvoker invoker, Task lastTask, State next, Scope scope, Object state, Boolean isCompleted)
   at Microsoft.AspNetCore.Mvc.Infrastructure.ControllerActionInvoker.Rethrow(ActionExecutedContextSealed context)
   at Microsoft.AspNetCore.Mvc.Infrastructure.ControllerActionInvoker.Next(State& next, Scope& scope, Object& state, Boolean& isCompleted)
   at Microsoft.AspNetCore.Mvc.Infrastructure.ControllerActionInvoker.<InvokeInnerFilterAsync>g__Awaited|13_0(ControllerActionInvoker invoker, Task lastTask, State next, Scope scope, Object state, Boolean isCompleted)
   at Microsoft.AspNetCore.Mvc.Infrastructure.ResourceInvoker.<InvokeFilterPipelineAsync>g__Awaited|20_0(ResourceInvoker invoker, Task lastTask, State next, Scope scope, Object state, Boolean isCompleted)
   at Microsoft.AspNetCore.Mvc.Infrastructure.ResourceInvoker.<InvokeAsync>g__Logged|17_1(ResourceInvoker invoker)
   at Microsoft.AspNetCore.Mvc.Infrastructure.ResourceInvoker.<InvokeAsync>g__Logged|17_1(ResourceInvoker invoker)
   at Microsoft.AspNetCore.Routing.EndpointMiddleware.<Invoke>g__AwaitRequestTask|7_0(Endpoint endpoint, Task requestTask, ILogger logger)
   at Microsoft.AspNetCore.Authorization.AuthorizationMiddleware.Invoke(HttpContext context)
   at Microsoft.AspNetCore.Authentication.AuthenticationMiddleware.Invoke(HttpContext context)
   at Swashbuckle.AspNetCore.SwaggerUI.SwaggerUIMiddleware.Invoke(HttpContext httpContext)
   at Swashbuckle.AspNetCore.Swagger.SwaggerMiddleware.Invoke(HttpContext httpContext, ISwaggerProvider swaggerProvider)
   at QAMS.Api.Middleware.ExceptionHandlingMiddleware.InvokeAsync(HttpContext context) in /src/src/QAMS.Api/Middleware/ExceptionHandlingMiddleware.cs:line 27
2026-02-15 21:03:53.955 +00:00 [INF] Request finished HTTP/1.1 POST http://localhost:5000/api/auth/login - 500 null application/json 135.4216ms
2026-02-15 21:06:09.254 +00:00 [INF] Application is shutting down...
2026-02-15 21:06:30.590 +00:00 [INF] Executed DbCommand (59ms) [Parameters=[], CommandType='"Text"', CommandTimeout='30']
SELECT EXISTS (
    SELECT 1 FROM pg_catalog.pg_class c
    JOIN pg_catalog.pg_namespace n ON n.oid=c.relnamespace
    WHERE n.nspname='public' AND
          c.relname='__EFMigrationsHistory'
)
2026-02-15 21:06:30.689 +00:00 [INF] Executed DbCommand (3ms) [Parameters=[], CommandType='"Text"', CommandTimeout='30']
SELECT EXISTS (
    SELECT 1 FROM pg_catalog.pg_class c
    JOIN pg_catalog.pg_namespace n ON n.oid=c.relnamespace
    WHERE n.nspname='public' AND
          c.relname='__EFMigrationsHistory'
)
2026-02-15 21:06:30.790 +00:00 [INF] Executed DbCommand (19ms) [Parameters=[], CommandType='"Text"', CommandTimeout='30']
CREATE TABLE "__EFMigrationsHistory" (
    "MigrationId" character varying(150) NOT NULL,
    "ProductVersion" character varying(32) NOT NULL,
    CONSTRAINT "PK___EFMigrationsHistory" PRIMARY KEY ("MigrationId")
);
2026-02-15 21:06:30.804 +00:00 [INF] Executed DbCommand (1ms) [Parameters=[], CommandType='"Text"', CommandTimeout='30']
SELECT EXISTS (
    SELECT 1 FROM pg_catalog.pg_class c
    JOIN pg_catalog.pg_namespace n ON n.oid=c.relnamespace
    WHERE n.nspname='public' AND
          c.relname='__EFMigrationsHistory'
)
2026-02-15 21:06:30.809 +00:00 [INF] Executed DbCommand (2ms) [Parameters=[], CommandType='"Text"', CommandTimeout='30']
SELECT "MigrationId", "ProductVersion"
FROM "__EFMigrationsHistory"
ORDER BY "MigrationId";
2026-02-15 21:06:30.823 +00:00 [INF] Applying migration '20260214041238_InitialCreate'.
2026-02-15 21:06:31.194 +00:00 [INF] Executed DbCommand (243ms) [Parameters=[], CommandType='"Text"', CommandTimeout='30']
CREATE TABLE "EvidenceTypes" (
    "Id" integer GENERATED BY DEFAULT AS IDENTITY,
    "Code" text NOT NULL,
    "Name" text NOT NULL,
    "Description" text,
    "SortOrder" integer NOT NULL,
    "IsActive" boolean NOT NULL,
    "CreatedAt" timestamp with time zone NOT NULL,
    CONSTRAINT "PK_EvidenceTypes" PRIMARY KEY ("Id")
);
2026-02-15 21:06:31.227 +00:00 [INF] Executed DbCommand (31ms) [Parameters=[], CommandType='"Text"', CommandTimeout='30']
CREATE TABLE execution_statuses (
    id integer GENERATED BY DEFAULT AS IDENTITY,
    code character varying(50) NOT NULL,
    name character varying(100) NOT NULL,
    description character varying(500),
    sort_order integer NOT NULL DEFAULT 0,
    is_active boolean NOT NULL DEFAULT TRUE,
    created_at timestamp with time zone NOT NULL DEFAULT (NOW()),
    CONSTRAINT "PK_execution_statuses" PRIMARY KEY (id)
);
2026-02-15 21:06:31.255 +00:00 [INF] Executed DbCommand (26ms) [Parameters=[], CommandType='"Text"', CommandTimeout='30']
CREATE TABLE "Permissions" (
    "Id" uuid NOT NULL,
    "Code" text NOT NULL,
    "Description" text NOT NULL,
    "Module" text NOT NULL,
    "CreatedAt" timestamp with time zone NOT NULL,
    CONSTRAINT "PK_Permissions" PRIMARY KEY ("Id")
);
2026-02-15 21:06:31.281 +00:00 [INF] Executed DbCommand (23ms) [Parameters=[], CommandType='"Text"', CommandTimeout='30']
CREATE TABLE "Projects" (
    "Id" uuid NOT NULL,
    "Name" text NOT NULL,
    "Description" text,
    "IsActive" boolean NOT NULL,
    "CreatedAt" timestamp with time zone NOT NULL,
    "UpdatedAt" timestamp with time zone,
    CONSTRAINT "PK_Projects" PRIMARY KEY ("Id")
);
2026-02-15 21:06:31.303 +00:00 [INF] Executed DbCommand (20ms) [Parameters=[], CommandType='"Text"', CommandTimeout='30']
CREATE TABLE "Roles" (
    "Id" uuid NOT NULL,
    "Name" text NOT NULL,
    "Description" text,
    "IsActive" boolean NOT NULL,
    "CreatedAt" timestamp with time zone NOT NULL,
    CONSTRAINT "PK_Roles" PRIMARY KEY ("Id")
);
2026-02-15 21:06:31.324 +00:00 [INF] Executed DbCommand (19ms) [Parameters=[], CommandType='"Text"', CommandTimeout='30']
CREATE TABLE "StepResultStatuses" (
    "Id" integer GENERATED BY DEFAULT AS IDENTITY,
    "Code" text NOT NULL,
    "Name" text NOT NULL,
    "Description" text,
    "SortOrder" integer NOT NULL,
    "IsActive" boolean NOT NULL,
    "CreatedAt" timestamp with time zone NOT NULL,
    CONSTRAINT "PK_StepResultStatuses" PRIMARY KEY ("Id")
);
2026-02-15 21:06:31.347 +00:00 [INF] Executed DbCommand (22ms) [Parameters=[], CommandType='"Text"', CommandTimeout='30']
CREATE TABLE "TaskPriorities" (
    "Id" integer GENERATED BY DEFAULT AS IDENTITY,
    "Code" text NOT NULL,
    "Name" text NOT NULL,
    "Description" text,
    "SortOrder" integer NOT NULL,
    "IsActive" boolean NOT NULL,
    "CreatedAt" timestamp with time zone NOT NULL,
    CONSTRAINT "PK_TaskPriorities" PRIMARY KEY ("Id")
);
2026-02-15 21:06:31.374 +00:00 [INF] Executed DbCommand (26ms) [Parameters=[], CommandType='"Text"', CommandTimeout='30']
CREATE TABLE "TestCasePriorities" (
    "Id" integer GENERATED BY DEFAULT AS IDENTITY,
    "Code" text NOT NULL,
    "Name" text NOT NULL,
    "Description" text,
    "SortOrder" integer NOT NULL,
    "IsActive" boolean NOT NULL,
    "CreatedAt" timestamp with time zone NOT NULL,
    CONSTRAINT "PK_TestCasePriorities" PRIMARY KEY ("Id")
);
2026-02-15 21:06:31.395 +00:00 [INF] Executed DbCommand (20ms) [Parameters=[], CommandType='"Text"', CommandTimeout='30']
CREATE TABLE "Users" (
    "Id" uuid NOT NULL,
    "Username" text NOT NULL,
    "Email" text NOT NULL,
    "PasswordHash" text NOT NULL,
    "FullName" text NOT NULL,
    "IsActive" boolean NOT NULL,
    "RefreshToken" text,
    "RefreshTokenExpiryTime" timestamp with time zone,
    "CreatedAt" timestamp with time zone NOT NULL,
    "UpdatedAt" timestamp with time zone,
    CONSTRAINT "PK_Users" PRIMARY KEY ("Id")
);
2026-02-15 21:06:31.421 +00:00 [INF] Executed DbCommand (25ms) [Parameters=[], CommandType='"Text"', CommandTimeout='30']
CREATE TABLE "KanbanBoards" (
    "Id" uuid NOT NULL,
    "ProjectId" uuid NOT NULL,
    "Name" text NOT NULL,
    "CreatedAt" timestamp with time zone NOT NULL,
    CONSTRAINT "PK_KanbanBoards" PRIMARY KEY ("Id"),
    CONSTRAINT "FK_KanbanBoards_Projects_ProjectId" FOREIGN KEY ("ProjectId") REFERENCES "Projects" ("Id") ON DELETE CASCADE
);
2026-02-15 21:06:31.443 +00:00 [INF] Executed DbCommand (21ms) [Parameters=[], CommandType='"Text"', CommandTimeout='30']
CREATE TABLE "TestSuites" (
    "Id" uuid NOT NULL,
    "ProjectId" uuid NOT NULL,
    "Name" text NOT NULL,
    "Description" text,
    "CreatedAt" timestamp with time zone NOT NULL,
    CONSTRAINT "PK_TestSuites" PRIMARY KEY ("Id"),
    CONSTRAINT "FK_TestSuites_Projects_ProjectId" FOREIGN KEY ("ProjectId") REFERENCES "Projects" ("Id") ON DELETE CASCADE
);
2026-02-15 21:06:31.456 +00:00 [INF] Executed DbCommand (12ms) [Parameters=[], CommandType='"Text"', CommandTimeout='30']
CREATE TABLE role_permissions (
    "RoleId" uuid NOT NULL,
    "PermissionId" uuid NOT NULL,
    "AssignedAt" timestamp with time zone NOT NULL,
    CONSTRAINT "PK_role_permissions" PRIMARY KEY ("RoleId", "PermissionId"),
    CONSTRAINT "FK_role_permissions_Permissions_PermissionId" FOREIGN KEY ("PermissionId") REFERENCES "Permissions" ("Id") ON DELETE CASCADE,
    CONSTRAINT "FK_role_permissions_Roles_RoleId" FOREIGN KEY ("RoleId") REFERENCES "Roles" ("Id") ON DELETE CASCADE
);
2026-02-15 21:06:31.466 +00:00 [INF] Executed DbCommand (9ms) [Parameters=[], CommandType='"Text"', CommandTimeout='30']
CREATE TABLE user_roles (
    "UserId" uuid NOT NULL,
    "RoleId" uuid NOT NULL,
    "AssignedAt" timestamp with time zone NOT NULL,
    CONSTRAINT "PK_user_roles" PRIMARY KEY ("UserId", "RoleId"),
    CONSTRAINT "FK_user_roles_Roles_RoleId" FOREIGN KEY ("RoleId") REFERENCES "Roles" ("Id") ON DELETE CASCADE,
    CONSTRAINT "FK_user_roles_Users_UserId" FOREIGN KEY ("UserId") REFERENCES "Users" ("Id") ON DELETE CASCADE
);
2026-02-15 21:06:31.487 +00:00 [INF] Executed DbCommand (17ms) [Parameters=[], CommandType='"Text"', CommandTimeout='30']
CREATE TABLE "KanbanColumns" (
    "Id" uuid NOT NULL,
    "KanbanBoardId" uuid NOT NULL,
    "Name" text NOT NULL,
    "OrderIndex" integer NOT NULL,
    "CreatedAt" timestamp with time zone NOT NULL,
    CONSTRAINT "PK_KanbanColumns" PRIMARY KEY ("Id"),
    CONSTRAINT "FK_KanbanColumns_KanbanBoards_KanbanBoardId" FOREIGN KEY ("KanbanBoardId") REFERENCES "KanbanBoards" ("Id") ON DELETE CASCADE
);
2026-02-15 21:06:31.510 +00:00 [INF] Executed DbCommand (22ms) [Parameters=[], CommandType='"Text"', CommandTimeout='30']
CREATE TABLE "TestCases" (
    "Id" uuid NOT NULL,
    "TestSuiteId" uuid NOT NULL,
    "Title" text NOT NULL,
    "Description" text,
    "Preconditions" text,
    "ExpectedResult" text NOT NULL,
    "PriorityId" integer NOT NULL,
    "IsActive" boolean NOT NULL,
    "CreatedAt" timestamp with time zone NOT NULL,
    "UpdatedAt" timestamp with time zone,
    CONSTRAINT "PK_TestCases" PRIMARY KEY ("Id"),
    CONSTRAINT "FK_TestCases_TestCasePriorities_PriorityId" FOREIGN KEY ("PriorityId") REFERENCES "TestCasePriorities" ("Id") ON DELETE CASCADE,
    CONSTRAINT "FK_TestCases_TestSuites_TestSuiteId" FOREIGN KEY ("TestSuiteId") REFERENCES "TestSuites" ("Id") ON DELETE CASCADE
);
2026-02-15 21:06:31.532 +00:00 [INF] Executed DbCommand (21ms) [Parameters=[], CommandType='"Text"', CommandTimeout='30']
CREATE TABLE "KanbanTasks" (
    "Id" uuid NOT NULL,
    "KanbanColumnId" uuid NOT NULL,
    "Title" text NOT NULL,
    "Description" text,
    "AssigneeId" uuid,
    "TestCaseId" uuid,
    "PriorityId" integer NOT NULL,
    "DueDate" timestamp with time zone,
    "OrderIndex" integer NOT NULL,
    "CreatedAt" timestamp with time zone NOT NULL,
    "UpdatedAt" timestamp with time zone,
    CONSTRAINT "PK_KanbanTasks" PRIMARY KEY ("Id"),
    CONSTRAINT "FK_KanbanTasks_KanbanColumns_KanbanColumnId" FOREIGN KEY ("KanbanColumnId") REFERENCES "KanbanColumns" ("Id") ON DELETE CASCADE,
    CONSTRAINT "FK_KanbanTasks_TaskPriorities_PriorityId" FOREIGN KEY ("PriorityId") REFERENCES "TaskPriorities" ("Id") ON DELETE CASCADE,
    CONSTRAINT "FK_KanbanTasks_TestCases_TestCaseId" FOREIGN KEY ("TestCaseId") REFERENCES "TestCases" ("Id"),
    CONSTRAINT "FK_KanbanTasks_Users_AssigneeId" FOREIGN KEY ("AssigneeId") REFERENCES "Users" ("Id")
);
2026-02-15 21:06:31.556 +00:00 [INF] Executed DbCommand (22ms) [Parameters=[], CommandType='"Text"', CommandTimeout='30']
CREATE TABLE test_executions (
    id uuid NOT NULL,
    test_case_id uuid NOT NULL,
    tester_id uuid NOT NULL,
    status_id integer NOT NULL,
    notes character varying(2000),
    execution_date timestamp with time zone NOT NULL DEFAULT (NOW()),
    completed_at timestamp with time zone,
    CONSTRAINT "PK_test_executions" PRIMARY KEY (id),
    CONSTRAINT "FK_test_executions_TestCases_test_case_id" FOREIGN KEY (test_case_id) REFERENCES "TestCases" ("Id") ON DELETE CASCADE,
    CONSTRAINT "FK_test_executions_Users_tester_id" FOREIGN KEY (tester_id) REFERENCES "Users" ("Id") ON DELETE RESTRICT,
    CONSTRAINT "FK_test_executions_execution_statuses_status_id" FOREIGN KEY (status_id) REFERENCES execution_statuses (id) ON DELETE RESTRICT
);
2026-02-15 21:06:31.582 +00:00 [INF] Executed DbCommand (25ms) [Parameters=[], CommandType='"Text"', CommandTimeout='30']
CREATE TABLE "TestSteps" (
    "Id" uuid NOT NULL,
    "TestCaseId" uuid NOT NULL,
    "StepOrder" integer NOT NULL,
    "Action" text NOT NULL,
    "ExpectedResult" text NOT NULL,
    CONSTRAINT "PK_TestSteps" PRIMARY KEY ("Id"),
    CONSTRAINT "FK_TestSteps_TestCases_TestCaseId" FOREIGN KEY ("TestCaseId") REFERENCES "TestCases" ("Id") ON DELETE CASCADE
);
2026-02-15 21:06:31.609 +00:00 [INF] Executed DbCommand (25ms) [Parameters=[], CommandType='"Text"', CommandTimeout='30']
CREATE TABLE "Evidences" (
    "Id" uuid NOT NULL,
    "TestExecutionId" uuid NOT NULL,
    "FileTypeId" integer NOT NULL,
    "FileName" text NOT NULL,
    "FilePath" text NOT NULL,
    "FileSize" bigint NOT NULL,
    "ContentType" text NOT NULL,
    "Description" text,
    "UploadedAt" timestamp with time zone NOT NULL,
    CONSTRAINT "PK_Evidences" PRIMARY KEY ("Id"),
    CONSTRAINT "FK_Evidences_EvidenceTypes_FileTypeId" FOREIGN KEY ("FileTypeId") REFERENCES "EvidenceTypes" ("Id") ON DELETE CASCADE,
    CONSTRAINT "FK_Evidences_test_executions_TestExecutionId" FOREIGN KEY ("TestExecutionId") REFERENCES test_executions (id) ON DELETE CASCADE
);
2026-02-15 21:06:31.634 +00:00 [INF] Executed DbCommand (24ms) [Parameters=[], CommandType='"Text"', CommandTimeout='30']
CREATE TABLE "ExecutionStepResults" (
    "Id" uuid NOT NULL,
    "TestExecutionId" uuid NOT NULL,
    "TestStepId" uuid NOT NULL,
    "StatusId" integer NOT NULL,
    "ActualResult" text,
    "Notes" text,
    "EvaluatedAt" timestamp with time zone NOT NULL,
    CONSTRAINT "PK_ExecutionStepResults" PRIMARY KEY ("Id"),
    CONSTRAINT "FK_ExecutionStepResults_StepResultStatuses_StatusId" FOREIGN KEY ("StatusId") REFERENCES "StepResultStatuses" ("Id") ON DELETE CASCADE,
    CONSTRAINT "FK_ExecutionStepResults_TestSteps_TestStepId" FOREIGN KEY ("TestStepId") REFERENCES "TestSteps" ("Id") ON DELETE CASCADE,
    CONSTRAINT "FK_ExecutionStepResults_test_executions_TestExecutionId" FOREIGN KEY ("TestExecutionId") REFERENCES test_executions (id) ON DELETE CASCADE
);
2026-02-15 21:06:31.643 +00:00 [INF] Executed DbCommand (9ms) [Parameters=[], CommandType='"Text"', CommandTimeout='30']
INSERT INTO "Permissions" ("Id", "Code", "CreatedAt", "Description", "Module")
VALUES ('41544143-4f4c-5347-5f4d-414e41474500', 'CATALOGS_MANAGE', TIMESTAMPTZ '2025-01-01T00:00:00Z', 'Administrar catálogos', 'Catalogs');
INSERT INTO "Permissions" ("Id", "Code", "CreatedAt", "Description", "Module")
VALUES ('41544143-4f4c-5347-5f56-494557000000', 'CATALOGS_VIEW', TIMESTAMPTZ '2025-01-01T00:00:00Z', 'Ver catálogos', 'Catalogs');
INSERT INTO "Permissions" ("Id", "Code", "CreatedAt", "Description", "Module")
VALUES ('424e414b-4e41-435f-5245-415445000000', 'KANBAN_CREATE', TIMESTAMPTZ '2025-01-01T00:00:00Z', 'Crear tableros/tareas', 'Kanban');
INSERT INTO "Permissions" ("Id", "Code", "CreatedAt", "Description", "Module")
VALUES ('424e414b-4e41-445f-454c-455445000000', 'KANBAN_DELETE', TIMESTAMPTZ '2025-01-01T00:00:00Z', 'Eliminar tareas', 'Kanban');
INSERT INTO "Permissions" ("Id", "Code", "CreatedAt", "Description", "Module")
VALUES ('424e414b-4e41-555f-5044-415445000000', 'KANBAN_UPDATE', TIMESTAMPTZ '2025-01-01T00:00:00Z', 'Mover tareas', 'Kanban');
INSERT INTO "Permissions" ("Id", "Code", "CreatedAt", "Description", "Module")
VALUES ('424e414b-4e41-565f-4945-570000000000', 'KANBAN_VIEW', TIMESTAMPTZ '2025-01-01T00:00:00Z', 'Ver tableros Kanban', 'Kanban');
INSERT INTO "Permissions" ("Id", "Code", "CreatedAt", "Description", "Module")
VALUES ('43455845-5455-4f49-4e53-5f4352454154', 'EXECUTIONS_CREATE', TIMESTAMPTZ '2025-01-01T00:00:00Z', 'Crear ejecuciones', 'Executions');
INSERT INTO "Permissions" ("Id", "Code", "CreatedAt", "Description", "Module")
VALUES ('43455845-5455-4f49-4e53-5f5550444154', 'EXECUTIONS_UPDATE', TIMESTAMPTZ '2025-01-01T00:00:00Z', 'Actualizar ejecuciones', 'Executions');
INSERT INTO "Permissions" ("Id", "Code", "CreatedAt", "Description", "Module")
VALUES ('43455845-5455-4f49-4e53-5f55504c4f41', 'EXECUTIONS_UPLOAD_EVIDENCE', TIMESTAMPTZ '2025-01-01T00:00:00Z', 'Subir evidencia', 'Executions');
INSERT INTO "Permissions" ("Id", "Code", "CreatedAt", "Description", "Module")
VALUES ('43455845-5455-4f49-4e53-5f5649455700', 'EXECUTIONS_VIEW', TIMESTAMPTZ '2025-01-01T00:00:00Z', 'Ver ejecuciones', 'Executions');
INSERT INTO "Permissions" ("Id", "Code", "CreatedAt", "Description", "Module")
VALUES ('454c4f52-5f53-4544-4c45-544500000000', 'ROLES_DELETE', TIMESTAMPTZ '2025-01-01T00:00:00Z', 'Eliminar roles', 'Roles');
INSERT INTO "Permissions" ("Id", "Code", "CreatedAt", "Description", "Module")
VALUES ('454c4f52-5f53-4956-4557-000000000000', 'ROLES_VIEW', TIMESTAMPTZ '2025-01-01T00:00:00Z', 'Ver roles', 'Roles');
INSERT INTO "Permissions" ("Id", "Code", "CreatedAt", "Description", "Module")
VALUES ('454c4f52-5f53-5055-4441-544500000000', 'ROLES_UPDATE', TIMESTAMPTZ '2025-01-01T00:00:00Z', 'Actualizar roles', 'Roles');
INSERT INTO "Permissions" ("Id", "Code", "CreatedAt", "Description", "Module")
VALUES ('454c4f52-5f53-5243-4541-544500000000', 'ROLES_CREATE', TIMESTAMPTZ '2025-01-01T00:00:00Z', 'Crear roles', 'Roles');
INSERT INTO "Permissions" ("Id", "Code", "CreatedAt", "Description", "Module")
VALUES ('454c4f52-5f53-5341-5349-474e5f504552', 'ROLES_ASSIGN_PERMISSIONS', TIMESTAMPTZ '2025-01-01T00:00:00Z', 'Asignar permisos a roles', 'Roles');
INSERT INTO "Permissions" ("Id", "Code", "CreatedAt", "Description", "Module")
VALUES ('48534144-4f42-5241-445f-564945570000', 'DASHBOARD_VIEW', TIMESTAMPTZ '2025-01-01T00:00:00Z', 'Ver dashboard', 'Dashboard');
INSERT INTO "Permissions" ("Id", "Code", "CreatedAt", "Description", "Module")
VALUES ('4a4f5250-4345-5354-5f43-524541544500', 'PROJECTS_CREATE', TIMESTAMPTZ '2025-01-01T00:00:00Z', 'Crear proyectos', 'Projects');
INSERT INTO "Permissions" ("Id", "Code", "CreatedAt", "Description", "Module")
VALUES ('4a4f5250-4345-5354-5f44-454c45544500', 'PROJECTS_DELETE', TIMESTAMPTZ '2025-01-01T00:00:00Z', 'Eliminar proyectos', 'Projects');
INSERT INTO "Permissions" ("Id", "Code", "CreatedAt", "Description", "Module")
VALUES ('4a4f5250-4345-5354-5f55-504441544500', 'PROJECTS_UPDATE', TIMESTAMPTZ '2025-01-01T00:00:00Z', 'Actualizar proyectos', 'Projects');
INSERT INTO "Permissions" ("Id", "Code", "CreatedAt", "Description", "Module")
VALUES ('4a4f5250-4345-5354-5f56-494557000000', 'PROJECTS_VIEW', TIMESTAMPTZ '2025-01-01T00:00:00Z', 'Ver proyectos', 'Projects');
INSERT INTO "Permissions" ("Id", "Code", "CreatedAt", "Description", "Module")
VALUES ('52455355-5f53-4544-4c45-544500000000', 'USERS_DELETE', TIMESTAMPTZ '2025-01-01T00:00:00Z', 'Eliminar usuarios', 'Users');
INSERT INTO "Permissions" ("Id", "Code", "CreatedAt", "Description", "Module")
VALUES ('52455355-5f53-4956-4557-000000000000', 'USERS_VIEW', TIMESTAMPTZ '2025-01-01T00:00:00Z', 'Ver usuarios', 'Users');
INSERT INTO "Permissions" ("Id", "Code", "CreatedAt", "Description", "Module")
VALUES ('52455355-5f53-5055-4441-544500000000', 'USERS_UPDATE', TIMESTAMPTZ '2025-01-01T00:00:00Z', 'Actualizar usuarios', 'Users');
INSERT INTO "Permissions" ("Id", "Code", "CreatedAt", "Description", "Module")
VALUES ('52455355-5f53-5243-4541-544500000000', 'USERS_CREATE', TIMESTAMPTZ '2025-01-01T00:00:00Z', 'Crear usuarios', 'Users');
INSERT INTO "Permissions" ("Id", "Code", "CreatedAt", "Description", "Module")
VALUES ('54534554-435f-5341-4553-5f4352454154', 'TEST_CASES_CREATE', TIMESTAMPTZ '2025-01-01T00:00:00Z', 'Crear casos de prueba', 'TestCases');
INSERT INTO "Permissions" ("Id", "Code", "CreatedAt", "Description", "Module")
VALUES ('54534554-435f-5341-4553-5f44454c4554', 'TEST_CASES_DELETE', TIMESTAMPTZ '2025-01-01T00:00:00Z', 'Eliminar casos de prueba', 'TestCases');
INSERT INTO "Permissions" ("Id", "Code", "CreatedAt", "Description", "Module")
VALUES ('54534554-435f-5341-4553-5f5550444154', 'TEST_CASES_UPDATE', TIMESTAMPTZ '2025-01-01T00:00:00Z', 'Actualizar casos de prueba', 'TestCases');
INSERT INTO "Permissions" ("Id", "Code", "CreatedAt", "Description", "Module")
VALUES ('54534554-435f-5341-4553-5f5649455700', 'TEST_CASES_VIEW', TIMESTAMPTZ '2025-01-01T00:00:00Z', 'Ver casos de prueba', 'TestCases');
2026-02-15 21:06:31.650 +00:00 [INF] Executed DbCommand (3ms) [Parameters=[], CommandType='"Text"', CommandTimeout='30']
INSERT INTO execution_statuses (id, code, created_at, description, is_active, name, sort_order)
VALUES (1, 'PENDING', TIMESTAMPTZ '2026-02-14T04:12:37.143236Z', 'Ejecución creada pero no iniciada.', TRUE, 'Pendiente', 1);
INSERT INTO execution_statuses (id, code, created_at, description, is_active, name, sort_order)
VALUES (2, 'IN_PROGRESS', TIMESTAMPTZ '2026-02-14T04:12:37.143238Z', 'Ejecución en curso.', TRUE, 'En Progreso', 2);
INSERT INTO execution_statuses (id, code, created_at, description, is_active, name, sort_order)
VALUES (3, 'PASSED', TIMESTAMPTZ '2026-02-14T04:12:37.143238Z', 'Todos los pasos exitosos.', TRUE, 'Aprobado', 3);
INSERT INTO execution_statuses (id, code, created_at, description, is_active, name, sort_order)
VALUES (4, 'FAILED', TIMESTAMPTZ '2026-02-14T04:12:37.143238Z', 'Al menos un paso falló.', TRUE, 'Fallido', 4);
INSERT INTO execution_statuses (id, code, created_at, description, is_active, name, sort_order)
VALUES (5, 'BLOCKED', TIMESTAMPTZ '2026-02-14T04:12:37.143239Z', 'Impedimento externo.', TRUE, 'Bloqueado', 5);
INSERT INTO execution_statuses (id, code, created_at, description, is_active, name, sort_order)
VALUES (6, 'SKIPPED', TIMESTAMPTZ '2026-02-14T04:12:37.143239Z', 'Omitido intencionalmente.', TRUE, 'Omitido', 6);
2026-02-15 21:06:31.661 +00:00 [INF] Executed DbCommand (10ms) [Parameters=[], CommandType='"Text"', CommandTimeout='30']
CREATE INDEX "IX_Evidences_FileTypeId" ON "Evidences" ("FileTypeId");
2026-02-15 21:06:31.671 +00:00 [INF] Executed DbCommand (10ms) [Parameters=[], CommandType='"Text"', CommandTimeout='30']
CREATE INDEX "IX_Evidences_TestExecutionId" ON "Evidences" ("TestExecutionId");
2026-02-15 21:06:31.683 +00:00 [INF] Executed DbCommand (11ms) [Parameters=[], CommandType='"Text"', CommandTimeout='30']
CREATE UNIQUE INDEX "IX_execution_statuses_code" ON execution_statuses (code);
2026-02-15 21:06:31.695 +00:00 [INF] Executed DbCommand (11ms) [Parameters=[], CommandType='"Text"', CommandTimeout='30']
CREATE INDEX "IX_ExecutionStepResults_StatusId" ON "ExecutionStepResults" ("StatusId");
2026-02-15 21:06:31.705 +00:00 [INF] Executed DbCommand (9ms) [Parameters=[], CommandType='"Text"', CommandTimeout='30']
CREATE INDEX "IX_ExecutionStepResults_TestExecutionId" ON "ExecutionStepResults" ("TestExecutionId");
2026-02-15 21:06:31.720 +00:00 [INF] Executed DbCommand (10ms) [Parameters=[], CommandType='"Text"', CommandTimeout='30']
CREATE INDEX "IX_ExecutionStepResults_TestStepId" ON "ExecutionStepResults" ("TestStepId");
2026-02-15 21:06:31.731 +00:00 [INF] Executed DbCommand (10ms) [Parameters=[], CommandType='"Text"', CommandTimeout='30']
CREATE INDEX "IX_KanbanBoards_ProjectId" ON "KanbanBoards" ("ProjectId");
2026-02-15 21:06:31.745 +00:00 [INF] Executed DbCommand (11ms) [Parameters=[], CommandType='"Text"', CommandTimeout='30']
CREATE INDEX "IX_KanbanColumns_KanbanBoardId" ON "KanbanColumns" ("KanbanBoardId");
2026-02-15 21:06:31.759 +00:00 [INF] Executed DbCommand (13ms) [Parameters=[], CommandType='"Text"', CommandTimeout='30']
CREATE INDEX "IX_KanbanTasks_AssigneeId" ON "KanbanTasks" ("AssigneeId");
2026-02-15 21:06:31.772 +00:00 [INF] Executed DbCommand (11ms) [Parameters=[], CommandType='"Text"', CommandTimeout='30']
CREATE INDEX "IX_KanbanTasks_KanbanColumnId" ON "KanbanTasks" ("KanbanColumnId");
2026-02-15 21:06:31.784 +00:00 [INF] Executed DbCommand (11ms) [Parameters=[], CommandType='"Text"', CommandTimeout='30']
CREATE INDEX "IX_KanbanTasks_PriorityId" ON "KanbanTasks" ("PriorityId");
2026-02-15 21:06:31.797 +00:00 [INF] Executed DbCommand (12ms) [Parameters=[], CommandType='"Text"', CommandTimeout='30']
CREATE INDEX "IX_KanbanTasks_TestCaseId" ON "KanbanTasks" ("TestCaseId");
2026-02-15 21:06:31.809 +00:00 [INF] Executed DbCommand (10ms) [Parameters=[], CommandType='"Text"', CommandTimeout='30']
CREATE INDEX "IX_role_permissions_PermissionId" ON role_permissions ("PermissionId");
2026-02-15 21:06:31.824 +00:00 [INF] Executed DbCommand (13ms) [Parameters=[], CommandType='"Text"', CommandTimeout='30']
CREATE INDEX "IX_test_executions_status_id" ON test_executions (status_id);
2026-02-15 21:06:31.837 +00:00 [INF] Executed DbCommand (12ms) [Parameters=[], CommandType='"Text"', CommandTimeout='30']
CREATE INDEX "IX_test_executions_test_case_id" ON test_executions (test_case_id);
2026-02-15 21:06:31.851 +00:00 [INF] Executed DbCommand (12ms) [Parameters=[], CommandType='"Text"', CommandTimeout='30']
CREATE INDEX "IX_test_executions_tester_id" ON test_executions (tester_id);
2026-02-15 21:06:31.861 +00:00 [INF] Executed DbCommand (9ms) [Parameters=[], CommandType='"Text"', CommandTimeout='30']
CREATE INDEX "IX_TestCases_PriorityId" ON "TestCases" ("PriorityId");
2026-02-15 21:06:31.872 +00:00 [INF] Executed DbCommand (10ms) [Parameters=[], CommandType='"Text"', CommandTimeout='30']
CREATE INDEX "IX_TestCases_TestSuiteId" ON "TestCases" ("TestSuiteId");
2026-02-15 21:06:31.883 +00:00 [INF] Executed DbCommand (10ms) [Parameters=[], CommandType='"Text"', CommandTimeout='30']
CREATE INDEX "IX_TestSteps_TestCaseId" ON "TestSteps" ("TestCaseId");
2026-02-15 21:06:31.893 +00:00 [INF] Executed DbCommand (9ms) [Parameters=[], CommandType='"Text"', CommandTimeout='30']
CREATE INDEX "IX_TestSuites_ProjectId" ON "TestSuites" ("ProjectId");
2026-02-15 21:06:31.905 +00:00 [INF] Executed DbCommand (11ms) [Parameters=[], CommandType='"Text"', CommandTimeout='30']
CREATE INDEX "IX_user_roles_RoleId" ON user_roles ("RoleId");
2026-02-15 21:06:31.910 +00:00 [INF] Executed DbCommand (4ms) [Parameters=[], CommandType='"Text"', CommandTimeout='30']
SELECT setval(
    pg_get_serial_sequence('execution_statuses', 'id'),
    GREATEST(
        (SELECT MAX(id) FROM execution_statuses) + 1,
        nextval(pg_get_serial_sequence('execution_statuses', 'id'))),
    false);
2026-02-15 21:06:31.914 +00:00 [INF] Executed DbCommand (2ms) [Parameters=[], CommandType='"Text"', CommandTimeout='30']
INSERT INTO "__EFMigrationsHistory" ("MigrationId", "ProductVersion")
VALUES ('20260214041238_InitialCreate', '8.0.11');
2026-02-15 21:06:31.933 +00:00 [INF] Applying migration '20260215192006_AddSystemSeeding'.
2026-02-15 21:06:31.995 +00:00 [INF] Executed DbCommand (2ms) [Parameters=[], CommandType='"Text"', CommandTimeout='30']
ALTER TABLE "Evidences" DROP CONSTRAINT "FK_Evidences_EvidenceTypes_FileTypeId";
2026-02-15 21:06:31.998 +00:00 [INF] Executed DbCommand (2ms) [Parameters=[], CommandType='"Text"', CommandTimeout='30']
ALTER TABLE "ExecutionStepResults" DROP CONSTRAINT "FK_ExecutionStepResults_StepResultStatuses_StatusId";
2026-02-15 21:06:32.000 +00:00 [INF] Executed DbCommand (1ms) [Parameters=[], CommandType='"Text"', CommandTimeout='30']
ALTER TABLE "KanbanTasks" DROP CONSTRAINT "FK_KanbanTasks_TaskPriorities_PriorityId";
2026-02-15 21:06:32.002 +00:00 [INF] Executed DbCommand (1ms) [Parameters=[], CommandType='"Text"', CommandTimeout='30']
ALTER TABLE "KanbanTasks" DROP CONSTRAINT "FK_KanbanTasks_Users_AssigneeId";
2026-02-15 21:06:32.003 +00:00 [INF] Executed DbCommand (1ms) [Parameters=[], CommandType='"Text"', CommandTimeout='30']
ALTER TABLE role_permissions DROP CONSTRAINT "FK_role_permissions_Roles_RoleId";
2026-02-15 21:06:32.005 +00:00 [INF] Executed DbCommand (1ms) [Parameters=[], CommandType='"Text"', CommandTimeout='30']
ALTER TABLE test_executions DROP CONSTRAINT "FK_test_executions_Users_tester_id";
2026-02-15 21:06:32.006 +00:00 [INF] Executed DbCommand (1ms) [Parameters=[], CommandType='"Text"', CommandTimeout='30']
ALTER TABLE "TestCases" DROP CONSTRAINT "FK_TestCases_TestCasePriorities_PriorityId";
2026-02-15 21:06:32.008 +00:00 [INF] Executed DbCommand (1ms) [Parameters=[], CommandType='"Text"', CommandTimeout='30']
ALTER TABLE user_roles DROP CONSTRAINT "FK_user_roles_Roles_RoleId";
2026-02-15 21:06:32.009 +00:00 [INF] Executed DbCommand (1ms) [Parameters=[], CommandType='"Text"', CommandTimeout='30']
ALTER TABLE user_roles DROP CONSTRAINT "FK_user_roles_Users_UserId";
2026-02-15 21:06:32.010 +00:00 [INF] Executed DbCommand (1ms) [Parameters=[], CommandType='"Text"', CommandTimeout='30']
ALTER TABLE "Users" DROP CONSTRAINT "PK_Users";
2026-02-15 21:06:32.011 +00:00 [INF] Executed DbCommand (1ms) [Parameters=[], CommandType='"Text"', CommandTimeout='30']
ALTER TABLE "Roles" DROP CONSTRAINT "PK_Roles";
2026-02-15 21:06:32.013 +00:00 [INF] Executed DbCommand (1ms) [Parameters=[], CommandType='"Text"', CommandTimeout='30']
ALTER TABLE "TestCasePriorities" DROP CONSTRAINT "PK_TestCasePriorities";
2026-02-15 21:06:32.014 +00:00 [INF] Executed DbCommand (1ms) [Parameters=[], CommandType='"Text"', CommandTimeout='30']
ALTER TABLE "TaskPriorities" DROP CONSTRAINT "PK_TaskPriorities";
2026-02-15 21:06:32.015 +00:00 [INF] Executed DbCommand (1ms) [Parameters=[], CommandType='"Text"', CommandTimeout='30']
ALTER TABLE "StepResultStatuses" DROP CONSTRAINT "PK_StepResultStatuses";
2026-02-15 21:06:32.016 +00:00 [INF] Executed DbCommand (1ms) [Parameters=[], CommandType='"Text"', CommandTimeout='30']
ALTER TABLE "EvidenceTypes" DROP CONSTRAINT "PK_EvidenceTypes";
2026-02-15 21:06:32.017 +00:00 [INF] Executed DbCommand (1ms) [Parameters=[], CommandType='"Text"', CommandTimeout='30']
ALTER TABLE "Users" RENAME TO users;
2026-02-15 21:06:32.018 +00:00 [INF] Executed DbCommand (1ms) [Parameters=[], CommandType='"Text"', CommandTimeout='30']
ALTER TABLE "Roles" RENAME TO roles;
2026-02-15 21:06:32.019 +00:00 [INF] Executed DbCommand (0ms) [Parameters=[], CommandType='"Text"', CommandTimeout='30']
ALTER TABLE "TestCasePriorities" RENAME TO test_case_priorities;
2026-02-15 21:06:32.020 +00:00 [INF] Executed DbCommand (0ms) [Parameters=[], CommandType='"Text"', CommandTimeout='30']
ALTER TABLE "TaskPriorities" RENAME TO task_priorities;
2026-02-15 21:06:32.022 +00:00 [INF] Executed DbCommand (1ms) [Parameters=[], CommandType='"Text"', CommandTimeout='30']
ALTER TABLE "StepResultStatuses" RENAME TO step_result_statuses;
2026-02-15 21:06:32.023 +00:00 [INF] Executed DbCommand (0ms) [Parameters=[], CommandType='"Text"', CommandTimeout='30']
ALTER TABLE "EvidenceTypes" RENAME TO evidence_types;
2026-02-15 21:06:32.023 +00:00 [INF] Executed DbCommand (0ms) [Parameters=[], CommandType='"Text"', CommandTimeout='30']
ALTER TABLE users RENAME COLUMN "Username" TO username;
2026-02-15 21:06:32.024 +00:00 [INF] Executed DbCommand (0ms) [Parameters=[], CommandType='"Text"', CommandTimeout='30']
ALTER TABLE users RENAME COLUMN "Email" TO email;
2026-02-15 21:06:32.025 +00:00 [INF] Executed DbCommand (0ms) [Parameters=[], CommandType='"Text"', CommandTimeout='30']
ALTER TABLE users RENAME COLUMN "Id" TO id;
2026-02-15 21:06:32.025 +00:00 [INF] Executed DbCommand (0ms) [Parameters=[], CommandType='"Text"', CommandTimeout='30']
ALTER TABLE users RENAME COLUMN "UpdatedAt" TO updated_at;
2026-02-15 21:06:32.026 +00:00 [INF] Executed DbCommand (0ms) [Parameters=[], CommandType='"Text"', CommandTimeout='30']
ALTER TABLE users RENAME COLUMN "RefreshTokenExpiryTime" TO refresh_token_expiry_time;
2026-02-15 21:06:32.027 +00:00 [INF] Executed DbCommand (0ms) [Parameters=[], CommandType='"Text"', CommandTimeout='30']
ALTER TABLE users RENAME COLUMN "RefreshToken" TO refresh_token;
2026-02-15 21:06:32.027 +00:00 [INF] Executed DbCommand (0ms) [Parameters=[], CommandType='"Text"', CommandTimeout='30']
ALTER TABLE users RENAME COLUMN "PasswordHash" TO password_hash;
2026-02-15 21:06:32.028 +00:00 [INF] Executed DbCommand (0ms) [Parameters=[], CommandType='"Text"', CommandTimeout='30']
ALTER TABLE users RENAME COLUMN "IsActive" TO is_active;
2026-02-15 21:06:32.028 +00:00 [INF] Executed DbCommand (0ms) [Parameters=[], CommandType='"Text"', CommandTimeout='30']
ALTER TABLE users RENAME COLUMN "FullName" TO full_name;
2026-02-15 21:06:32.029 +00:00 [INF] Executed DbCommand (0ms) [Parameters=[], CommandType='"Text"', CommandTimeout='30']
ALTER TABLE users RENAME COLUMN "CreatedAt" TO created_at;
2026-02-15 21:06:32.029 +00:00 [INF] Executed DbCommand (0ms) [Parameters=[], CommandType='"Text"', CommandTimeout='30']
ALTER TABLE roles RENAME COLUMN "Name" TO name;
2026-02-15 21:06:32.030 +00:00 [INF] Executed DbCommand (0ms) [Parameters=[], CommandType='"Text"', CommandTimeout='30']
ALTER TABLE roles RENAME COLUMN "Description" TO description;
2026-02-15 21:06:32.030 +00:00 [INF] Executed DbCommand (0ms) [Parameters=[], CommandType='"Text"', CommandTimeout='30']
ALTER TABLE roles RENAME COLUMN "Id" TO id;
2026-02-15 21:06:32.031 +00:00 [INF] Executed DbCommand (0ms) [Parameters=[], CommandType='"Text"', CommandTimeout='30']
ALTER TABLE roles RENAME COLUMN "IsActive" TO is_active;
2026-02-15 21:06:32.031 +00:00 [INF] Executed DbCommand (0ms) [Parameters=[], CommandType='"Text"', CommandTimeout='30']
ALTER TABLE roles RENAME COLUMN "CreatedAt" TO created_at;
2026-02-15 21:06:32.033 +00:00 [INF] Executed DbCommand (1ms) [Parameters=[], CommandType='"Text"', CommandTimeout='30']
ALTER TABLE test_case_priorities RENAME COLUMN "Name" TO name;
2026-02-15 21:06:32.034 +00:00 [INF] Executed DbCommand (0ms) [Parameters=[], CommandType='"Text"', CommandTimeout='30']
ALTER TABLE test_case_priorities RENAME COLUMN "Description" TO description;
2026-02-15 21:06:32.035 +00:00 [INF] Executed DbCommand (0ms) [Parameters=[], CommandType='"Text"', CommandTimeout='30']
ALTER TABLE test_case_priorities RENAME COLUMN "Code" TO code;
2026-02-15 21:06:32.035 +00:00 [INF] Executed DbCommand (0ms) [Parameters=[], CommandType='"Text"', CommandTimeout='30']
ALTER TABLE test_case_priorities RENAME COLUMN "Id" TO id;
2026-02-15 21:06:32.036 +00:00 [INF] Executed DbCommand (0ms) [Parameters=[], CommandType='"Text"', CommandTimeout='30']
ALTER TABLE test_case_priorities RENAME COLUMN "SortOrder" TO sort_order;
2026-02-15 21:06:32.036 +00:00 [INF] Executed DbCommand (0ms) [Parameters=[], CommandType='"Text"', CommandTimeout='30']
ALTER TABLE test_case_priorities RENAME COLUMN "IsActive" TO is_active;
2026-02-15 21:06:32.037 +00:00 [INF] Executed DbCommand (0ms) [Parameters=[], CommandType='"Text"', CommandTimeout='30']
ALTER TABLE test_case_priorities RENAME COLUMN "CreatedAt" TO created_at;
2026-02-15 21:06:32.038 +00:00 [INF] Executed DbCommand (0ms) [Parameters=[], CommandType='"Text"', CommandTimeout='30']
ALTER TABLE task_priorities RENAME COLUMN "Name" TO name;
2026-02-15 21:06:32.038 +00:00 [INF] Executed DbCommand (0ms) [Parameters=[], CommandType='"Text"', CommandTimeout='30']
ALTER TABLE task_priorities RENAME COLUMN "Description" TO description;
2026-02-15 21:06:32.039 +00:00 [INF] Executed DbCommand (0ms) [Parameters=[], CommandType='"Text"', CommandTimeout='30']
ALTER TABLE task_priorities RENAME COLUMN "Code" TO code;
2026-02-15 21:06:32.039 +00:00 [INF] Executed DbCommand (0ms) [Parameters=[], CommandType='"Text"', CommandTimeout='30']
ALTER TABLE task_priorities RENAME COLUMN "Id" TO id;
2026-02-15 21:06:32.040 +00:00 [INF] Executed DbCommand (0ms) [Parameters=[], CommandType='"Text"', CommandTimeout='30']
ALTER TABLE task_priorities RENAME COLUMN "SortOrder" TO sort_order;
2026-02-15 21:06:32.040 +00:00 [INF] Executed DbCommand (0ms) [Parameters=[], CommandType='"Text"', CommandTimeout='30']
ALTER TABLE task_priorities RENAME COLUMN "IsActive" TO is_active;
2026-02-15 21:06:32.041 +00:00 [INF] Executed DbCommand (0ms) [Parameters=[], CommandType='"Text"', CommandTimeout='30']
ALTER TABLE task_priorities RENAME COLUMN "CreatedAt" TO created_at;
2026-02-15 21:06:32.042 +00:00 [INF] Executed DbCommand (0ms) [Parameters=[], CommandType='"Text"', CommandTimeout='30']
ALTER TABLE step_result_statuses RENAME COLUMN "Name" TO name;
2026-02-15 21:06:32.042 +00:00 [INF] Executed DbCommand (0ms) [Parameters=[], CommandType='"Text"', CommandTimeout='30']
ALTER TABLE step_result_statuses RENAME COLUMN "Description" TO description;
2026-02-15 21:06:32.043 +00:00 [INF] Executed DbCommand (0ms) [Parameters=[], CommandType='"Text"', CommandTimeout='30']
ALTER TABLE step_result_statuses RENAME COLUMN "Code" TO code;
2026-02-15 21:06:32.043 +00:00 [INF] Executed DbCommand (0ms) [Parameters=[], CommandType='"Text"', CommandTimeout='30']
ALTER TABLE step_result_statuses RENAME COLUMN "Id" TO id;
2026-02-15 21:06:32.044 +00:00 [INF] Executed DbCommand (1ms) [Parameters=[], CommandType='"Text"', CommandTimeout='30']
ALTER TABLE step_result_statuses RENAME COLUMN "SortOrder" TO sort_order;
2026-02-15 21:06:32.045 +00:00 [INF] Executed DbCommand (0ms) [Parameters=[], CommandType='"Text"', CommandTimeout='30']
ALTER TABLE step_result_statuses RENAME COLUMN "IsActive" TO is_active;
2026-02-15 21:06:32.045 +00:00 [INF] Executed DbCommand (0ms) [Parameters=[], CommandType='"Text"', CommandTimeout='30']
ALTER TABLE step_result_statuses RENAME COLUMN "CreatedAt" TO created_at;
2026-02-15 21:06:32.046 +00:00 [INF] Executed DbCommand (0ms) [Parameters=[], CommandType='"Text"', CommandTimeout='30']
ALTER TABLE evidence_types RENAME COLUMN "Name" TO name;
2026-02-15 21:06:32.046 +00:00 [INF] Executed DbCommand (0ms) [Parameters=[], CommandType='"Text"', CommandTimeout='30']
ALTER TABLE evidence_types RENAME COLUMN "Description" TO description;
2026-02-15 21:06:32.047 +00:00 [INF] Executed DbCommand (0ms) [Parameters=[], CommandType='"Text"', CommandTimeout='30']
ALTER TABLE evidence_types RENAME COLUMN "Code" TO code;
2026-02-15 21:06:32.047 +00:00 [INF] Executed DbCommand (0ms) [Parameters=[], CommandType='"Text"', CommandTimeout='30']
ALTER TABLE evidence_types RENAME COLUMN "Id" TO id;
2026-02-15 21:06:32.048 +00:00 [INF] Executed DbCommand (0ms) [Parameters=[], CommandType='"Text"', CommandTimeout='30']
ALTER TABLE evidence_types RENAME COLUMN "SortOrder" TO sort_order;
2026-02-15 21:06:32.049 +00:00 [INF] Executed DbCommand (0ms) [Parameters=[], CommandType='"Text"', CommandTimeout='30']
ALTER TABLE evidence_types RENAME COLUMN "IsActive" TO is_active;
2026-02-15 21:06:32.049 +00:00 [INF] Executed DbCommand (0ms) [Parameters=[], CommandType='"Text"', CommandTimeout='30']
ALTER TABLE evidence_types RENAME COLUMN "CreatedAt" TO created_at;
2026-02-15 21:06:32.060 +00:00 [INF] Executed DbCommand (10ms) [Parameters=[], CommandType='"Text"', CommandTimeout='30']
ALTER TABLE users ALTER COLUMN username TYPE character varying(100);
2026-02-15 21:06:32.071 +00:00 [INF] Executed DbCommand (10ms) [Parameters=[], CommandType='"Text"', CommandTimeout='30']
ALTER TABLE users ALTER COLUMN email TYPE character varying(150);
2026-02-15 21:06:32.072 +00:00 [INF] Executed DbCommand (1ms) [Parameters=[], CommandType='"Text"', CommandTimeout='30']
ALTER TABLE users ALTER COLUMN is_active SET DEFAULT TRUE;
2026-02-15 21:06:32.085 +00:00 [INF] Executed DbCommand (12ms) [Parameters=[], CommandType='"Text"', CommandTimeout='30']
ALTER TABLE users ALTER COLUMN full_name TYPE character varying(200);
2026-02-15 21:06:32.086 +00:00 [INF] Executed DbCommand (1ms) [Parameters=[], CommandType='"Text"', CommandTimeout='30']
ALTER TABLE users ALTER COLUMN created_at SET DEFAULT (NOW());
2026-02-15 21:06:32.101 +00:00 [INF] Executed DbCommand (14ms) [Parameters=[], CommandType='"Text"', CommandTimeout='30']
ALTER TABLE roles ALTER COLUMN name TYPE character varying(100);
2026-02-15 21:06:32.112 +00:00 [INF] Executed DbCommand (11ms) [Parameters=[], CommandType='"Text"', CommandTimeout='30']
ALTER TABLE roles ALTER COLUMN description TYPE character varying(500);
2026-02-15 21:06:32.114 +00:00 [INF] Executed DbCommand (1ms) [Parameters=[], CommandType='"Text"', CommandTimeout='30']
ALTER TABLE roles ALTER COLUMN is_active SET DEFAULT TRUE;
2026-02-15 21:06:32.115 +00:00 [INF] Executed DbCommand (0ms) [Parameters=[], CommandType='"Text"', CommandTimeout='30']
ALTER TABLE roles ALTER COLUMN created_at SET DEFAULT (NOW());
2026-02-15 21:06:32.125 +00:00 [INF] Executed DbCommand (10ms) [Parameters=[], CommandType='"Text"', CommandTimeout='30']
ALTER TABLE test_case_priorities ALTER COLUMN name TYPE character varying(100);
2026-02-15 21:06:32.137 +00:00 [INF] Executed DbCommand (11ms) [Parameters=[], CommandType='"Text"', CommandTimeout='30']
ALTER TABLE test_case_priorities ALTER COLUMN description TYPE character varying(500);
2026-02-15 21:06:32.150 +00:00 [INF] Executed DbCommand (12ms) [Parameters=[], CommandType='"Text"', CommandTimeout='30']
ALTER TABLE test_case_priorities ALTER COLUMN code TYPE character varying(50);
2026-02-15 21:06:32.151 +00:00 [INF] Executed DbCommand (1ms) [Parameters=[], CommandType='"Text"', CommandTimeout='30']
ALTER TABLE test_case_priorities ALTER COLUMN sort_order SET DEFAULT 0;
2026-02-15 21:06:32.153 +00:00 [INF] Executed DbCommand (0ms) [Parameters=[], CommandType='"Text"', CommandTimeout='30']
ALTER TABLE test_case_priorities ALTER COLUMN is_active SET DEFAULT TRUE;
2026-02-15 21:06:32.154 +00:00 [INF] Executed DbCommand (1ms) [Parameters=[], CommandType='"Text"', CommandTimeout='30']
ALTER TABLE test_case_priorities ALTER COLUMN created_at SET DEFAULT (NOW());
2026-02-15 21:06:32.164 +00:00 [INF] Executed DbCommand (10ms) [Parameters=[], CommandType='"Text"', CommandTimeout='30']
ALTER TABLE task_priorities ALTER COLUMN name TYPE character varying(100);
2026-02-15 21:06:32.174 +00:00 [INF] Executed DbCommand (9ms) [Parameters=[], CommandType='"Text"', CommandTimeout='30']
ALTER TABLE task_priorities ALTER COLUMN description TYPE character varying(500);
2026-02-15 21:06:32.184 +00:00 [INF] Executed DbCommand (9ms) [Parameters=[], CommandType='"Text"', CommandTimeout='30']
ALTER TABLE task_priorities ALTER COLUMN code TYPE character varying(50);
2026-02-15 21:06:32.185 +00:00 [INF] Executed DbCommand (0ms) [Parameters=[], CommandType='"Text"', CommandTimeout='30']
ALTER TABLE task_priorities ALTER COLUMN sort_order SET DEFAULT 0;
2026-02-15 21:06:32.186 +00:00 [INF] Executed DbCommand (0ms) [Parameters=[], CommandType='"Text"', CommandTimeout='30']
ALTER TABLE task_priorities ALTER COLUMN is_active SET DEFAULT TRUE;
2026-02-15 21:06:32.187 +00:00 [INF] Executed DbCommand (0ms) [Parameters=[], CommandType='"Text"', CommandTimeout='30']
ALTER TABLE task_priorities ALTER COLUMN created_at SET DEFAULT (NOW());
2026-02-15 21:06:32.197 +00:00 [INF] Executed DbCommand (10ms) [Parameters=[], CommandType='"Text"', CommandTimeout='30']
ALTER TABLE step_result_statuses ALTER COLUMN name TYPE character varying(100);
2026-02-15 21:06:32.206 +00:00 [INF] Executed DbCommand (9ms) [Parameters=[], CommandType='"Text"', CommandTimeout='30']
ALTER TABLE step_result_statuses ALTER COLUMN description TYPE character varying(500);
2026-02-15 21:06:32.217 +00:00 [INF] Executed DbCommand (10ms) [Parameters=[], CommandType='"Text"', CommandTimeout='30']
ALTER TABLE step_result_statuses ALTER COLUMN code TYPE character varying(50);
2026-02-15 21:06:32.219 +00:00 [INF] Executed DbCommand (1ms) [Parameters=[], CommandType='"Text"', CommandTimeout='30']
ALTER TABLE step_result_statuses ALTER COLUMN sort_order SET DEFAULT 0;
2026-02-15 21:06:32.220 +00:00 [INF] Executed DbCommand (0ms) [Parameters=[], CommandType='"Text"', CommandTimeout='30']
ALTER TABLE step_result_statuses ALTER COLUMN is_active SET DEFAULT TRUE;
2026-02-15 21:06:32.221 +00:00 [INF] Executed DbCommand (0ms) [Parameters=[], CommandType='"Text"', CommandTimeout='30']
ALTER TABLE step_result_statuses ALTER COLUMN created_at SET DEFAULT (NOW());
2026-02-15 21:06:32.232 +00:00 [INF] Executed DbCommand (10ms) [Parameters=[], CommandType='"Text"', CommandTimeout='30']
ALTER TABLE evidence_types ALTER COLUMN name TYPE character varying(100);
2026-02-15 21:06:32.242 +00:00 [INF] Executed DbCommand (9ms) [Parameters=[], CommandType='"Text"', CommandTimeout='30']
ALTER TABLE evidence_types ALTER COLUMN description TYPE character varying(500);
2026-02-15 21:06:32.252 +00:00 [INF] Executed DbCommand (10ms) [Parameters=[], CommandType='"Text"', CommandTimeout='30']
ALTER TABLE evidence_types ALTER COLUMN code TYPE character varying(50);
2026-02-15 21:06:32.254 +00:00 [INF] Executed DbCommand (1ms) [Parameters=[], CommandType='"Text"', CommandTimeout='30']
ALTER TABLE evidence_types ALTER COLUMN sort_order SET DEFAULT 0;
2026-02-15 21:06:32.255 +00:00 [INF] Executed DbCommand (0ms) [Parameters=[], CommandType='"Text"', CommandTimeout='30']
ALTER TABLE evidence_types ALTER COLUMN is_active SET DEFAULT TRUE;
2026-02-15 21:06:32.256 +00:00 [INF] Executed DbCommand (1ms) [Parameters=[], CommandType='"Text"', CommandTimeout='30']
ALTER TABLE evidence_types ALTER COLUMN created_at SET DEFAULT (NOW());
2026-02-15 21:06:32.264 +00:00 [INF] Executed DbCommand (8ms) [Parameters=[], CommandType='"Text"', CommandTimeout='30']
ALTER TABLE users ADD CONSTRAINT "PK_users" PRIMARY KEY (id);
2026-02-15 21:06:32.276 +00:00 [INF] Executed DbCommand (11ms) [Parameters=[], CommandType='"Text"', CommandTimeout='30']
ALTER TABLE roles ADD CONSTRAINT "PK_roles" PRIMARY KEY (id);
2026-02-15 21:06:32.287 +00:00 [INF] Executed DbCommand (10ms) [Parameters=[], CommandType='"Text"', CommandTimeout='30']
ALTER TABLE test_case_priorities ADD CONSTRAINT "PK_test_case_priorities" PRIMARY KEY (id);
2026-02-15 21:06:32.296 +00:00 [INF] Executed DbCommand (8ms) [Parameters=[], CommandType='"Text"', CommandTimeout='30']
ALTER TABLE task_priorities ADD CONSTRAINT "PK_task_priorities" PRIMARY KEY (id);
2026-02-15 21:06:32.304 +00:00 [INF] Executed DbCommand (8ms) [Parameters=[], CommandType='"Text"', CommandTimeout='30']
ALTER TABLE step_result_statuses ADD CONSTRAINT "PK_step_result_statuses" PRIMARY KEY (id);
2026-02-15 21:06:32.313 +00:00 [INF] Executed DbCommand (8ms) [Parameters=[], CommandType='"Text"', CommandTimeout='30']
ALTER TABLE evidence_types ADD CONSTRAINT "PK_evidence_types" PRIMARY KEY (id);
2026-02-15 21:06:32.315 +00:00 [INF] Executed DbCommand (1ms) [Parameters=[], CommandType='"Text"', CommandTimeout='30']
INSERT INTO evidence_types (id, code, created_at, description, is_active, name, sort_order)
VALUES (1, 'IMAGE', TIMESTAMPTZ '2026-02-15T19:20:05.647548Z', NULL, TRUE, 'Imagen', 1);
INSERT INTO evidence_types (id, code, created_at, description, is_active, name, sort_order)
VALUES (2, 'VIDEO', TIMESTAMPTZ '2026-02-15T19:20:05.647548Z', NULL, TRUE, 'Video', 2);
INSERT INTO evidence_types (id, code, created_at, description, is_active, name, sort_order)
VALUES (3, 'DOCUMENT', TIMESTAMPTZ '2026-02-15T19:20:05.647549Z', NULL, TRUE, 'Documento', 3);
INSERT INTO evidence_types (id, code, created_at, description, is_active, name, sort_order)
VALUES (4, 'LOG_FILE', TIMESTAMPTZ '2026-02-15T19:20:05.647549Z', NULL, TRUE, 'Archivo de Log', 4);
2026-02-15 21:06:32.317 +00:00 [INF] Executed DbCommand (1ms) [Parameters=[], CommandType='"Text"', CommandTimeout='30']
UPDATE execution_statuses SET created_at = TIMESTAMPTZ '2026-02-15T19:20:05.648029Z'
WHERE id = 1;
2026-02-15 21:06:32.318 +00:00 [INF] Executed DbCommand (0ms) [Parameters=[], CommandType='"Text"', CommandTimeout='30']
UPDATE execution_statuses SET created_at = TIMESTAMPTZ '2026-02-15T19:20:05.648029Z'
WHERE id = 2;
2026-02-15 21:06:32.318 +00:00 [INF] Executed DbCommand (0ms) [Parameters=[], CommandType='"Text"', CommandTimeout='30']
UPDATE execution_statuses SET created_at = TIMESTAMPTZ '2026-02-15T19:20:05.648029Z'
WHERE id = 3;
2026-02-15 21:06:32.319 +00:00 [INF] Executed DbCommand (0ms) [Parameters=[], CommandType='"Text"', CommandTimeout='30']
UPDATE execution_statuses SET created_at = TIMESTAMPTZ '2026-02-15T19:20:05.648029Z'
WHERE id = 4;
2026-02-15 21:06:32.320 +00:00 [INF] Executed DbCommand (0ms) [Parameters=[], CommandType='"Text"', CommandTimeout='30']
UPDATE execution_statuses SET created_at = TIMESTAMPTZ '2026-02-15T19:20:05.64803Z'
WHERE id = 5;
2026-02-15 21:06:32.321 +00:00 [INF] Executed DbCommand (0ms) [Parameters=[], CommandType='"Text"', CommandTimeout='30']
UPDATE execution_statuses SET created_at = TIMESTAMPTZ '2026-02-15T19:20:05.64803Z'
WHERE id = 6;
2026-02-15 21:06:32.322 +00:00 [INF] Executed DbCommand (1ms) [Parameters=[], CommandType='"Text"', CommandTimeout='30']
INSERT INTO roles (id, created_at, description, is_active, name)
VALUES ('11111111-1111-1111-1111-111111111111', TIMESTAMPTZ '2025-01-01T00:00:00Z', 'Acceso total al sistema', TRUE, 'Administrator');
INSERT INTO roles (id, created_at, description, is_active, name)
VALUES ('22222222-2222-2222-2222-222222222222', TIMESTAMPTZ '2025-01-01T00:00:00Z', 'Ejecución y gestión de pruebas', TRUE, 'Tester');
2026-02-15 21:06:32.324 +00:00 [INF] Executed DbCommand (1ms) [Parameters=[], CommandType='"Text"', CommandTimeout='30']
INSERT INTO step_result_statuses (id, code, created_at, description, is_active, name, sort_order)
VALUES (1, 'NOT_EXECUTED', TIMESTAMPTZ '2026-02-15T19:20:05.649817Z', NULL, TRUE, 'No Ejecutado', 1);
INSERT INTO step_result_statuses (id, code, created_at, description, is_active, name, sort_order)
VALUES (2, 'PASSED', TIMESTAMPTZ '2026-02-15T19:20:05.649817Z', NULL, TRUE, 'Aprobado', 2);
INSERT INTO step_result_statuses (id, code, created_at, description, is_active, name, sort_order)
VALUES (3, 'FAILED', TIMESTAMPTZ '2026-02-15T19:20:05.649817Z', NULL, TRUE, 'Fallido', 3);
INSERT INTO step_result_statuses (id, code, created_at, description, is_active, name, sort_order)
VALUES (4, 'BLOCKED', TIMESTAMPTZ '2026-02-15T19:20:05.649817Z', NULL, TRUE, 'Bloqueado', 4);
2026-02-15 21:06:32.327 +00:00 [INF] Executed DbCommand (1ms) [Parameters=[], CommandType='"Text"', CommandTimeout='30']
INSERT INTO task_priorities (id, code, created_at, description, is_active, name, sort_order)
VALUES (1, 'LOW', TIMESTAMPTZ '2026-02-15T19:20:05.650146Z', NULL, TRUE, 'Baja', 1);
INSERT INTO task_priorities (id, code, created_at, description, is_active, name, sort_order)
VALUES (2, 'MEDIUM', TIMESTAMPTZ '2026-02-15T19:20:05.650147Z', NULL, TRUE, 'Media', 2);
INSERT INTO task_priorities (id, code, created_at, description, is_active, name, sort_order)
VALUES (3, 'HIGH', TIMESTAMPTZ '2026-02-15T19:20:05.650147Z', NULL, TRUE, 'Alta', 3);
INSERT INTO task_priorities (id, code, created_at, description, is_active, name, sort_order)
VALUES (4, 'CRITICAL', TIMESTAMPTZ '2026-02-15T19:20:05.650147Z', NULL, TRUE, 'Crítica', 4);
2026-02-15 21:06:32.328 +00:00 [INF] Executed DbCommand (1ms) [Parameters=[], CommandType='"Text"', CommandTimeout='30']
INSERT INTO test_case_priorities (id, code, created_at, description, is_active, name, sort_order)
VALUES (1, 'LOW', TIMESTAMPTZ '2026-02-15T19:20:05.650537Z', NULL, TRUE, 'Baja', 1);
INSERT INTO test_case_priorities (id, code, created_at, description, is_active, name, sort_order)
VALUES (2, 'MEDIUM', TIMESTAMPTZ '2026-02-15T19:20:05.650537Z', NULL, TRUE, 'Media', 2);
INSERT INTO test_case_priorities (id, code, created_at, description, is_active, name, sort_order)
VALUES (3, 'HIGH', TIMESTAMPTZ '2026-02-15T19:20:05.650537Z', NULL, TRUE, 'Alta', 3);
INSERT INTO test_case_priorities (id, code, created_at, description, is_active, name, sort_order)
VALUES (4, 'CRITICAL', TIMESTAMPTZ '2026-02-15T19:20:05.650537Z', NULL, TRUE, 'Crítica', 4);
2026-02-15 21:06:32.329 +00:00 [INF] Executed DbCommand (0ms) [Parameters=[], CommandType='"Text"', CommandTimeout='30']
INSERT INTO users (id, created_at, email, full_name, is_active, password_hash, refresh_token, refresh_token_expiry_time, updated_at, username)
VALUES ('99999999-9999-9999-9999-999999999999', TIMESTAMPTZ '2025-01-01T00:00:00Z', 'admin@qams.local', 'Administrador Base', TRUE, '$2a$12$R9h/LIPzKuOfSRR6M9V39u.BBzBRS7O.O80X9/b9L.p51v5FzE5x.', NULL, NULL, NULL, 'admin');
2026-02-15 21:06:32.333 +00:00 [INF] Executed DbCommand (3ms) [Parameters=[], CommandType='"Text"', CommandTimeout='30']
INSERT INTO role_permissions ("PermissionId", "RoleId", "AssignedAt")
VALUES ('41544143-4f4c-5347-5f4d-414e41474500', '11111111-1111-1111-1111-111111111111', TIMESTAMPTZ '2025-01-01T00:00:00Z');
INSERT INTO role_permissions ("PermissionId", "RoleId", "AssignedAt")
VALUES ('41544143-4f4c-5347-5f56-494557000000', '11111111-1111-1111-1111-111111111111', TIMESTAMPTZ '2025-01-01T00:00:00Z');
INSERT INTO role_permissions ("PermissionId", "RoleId", "AssignedAt")
VALUES ('424e414b-4e41-435f-5245-415445000000', '11111111-1111-1111-1111-111111111111', TIMESTAMPTZ '2025-01-01T00:00:00Z');
INSERT INTO role_permissions ("PermissionId", "RoleId", "AssignedAt")
VALUES ('424e414b-4e41-445f-454c-455445000000', '11111111-1111-1111-1111-111111111111', TIMESTAMPTZ '2025-01-01T00:00:00Z');
INSERT INTO role_permissions ("PermissionId", "RoleId", "AssignedAt")
VALUES ('424e414b-4e41-555f-5044-415445000000', '11111111-1111-1111-1111-111111111111', TIMESTAMPTZ '2025-01-01T00:00:00Z');
INSERT INTO role_permissions ("PermissionId", "RoleId", "AssignedAt")
VALUES ('424e414b-4e41-565f-4945-570000000000', '11111111-1111-1111-1111-111111111111', TIMESTAMPTZ '2025-01-01T00:00:00Z');
INSERT INTO role_permissions ("PermissionId", "RoleId", "AssignedAt")
VALUES ('43455845-5455-4f49-4e53-5f4352454154', '11111111-1111-1111-1111-111111111111', TIMESTAMPTZ '2025-01-01T00:00:00Z');
INSERT INTO role_permissions ("PermissionId", "RoleId", "AssignedAt")
VALUES ('43455845-5455-4f49-4e53-5f5550444154', '11111111-1111-1111-1111-111111111111', TIMESTAMPTZ '2025-01-01T00:00:00Z');
INSERT INTO role_permissions ("PermissionId", "RoleId", "AssignedAt")
VALUES ('43455845-5455-4f49-4e53-5f55504c4f41', '11111111-1111-1111-1111-111111111111', TIMESTAMPTZ '2025-01-01T00:00:00Z');
INSERT INTO role_permissions ("PermissionId", "RoleId", "AssignedAt")
VALUES ('43455845-5455-4f49-4e53-5f5649455700', '11111111-1111-1111-1111-111111111111', TIMESTAMPTZ '2025-01-01T00:00:00Z');
INSERT INTO role_permissions ("PermissionId", "RoleId", "AssignedAt")
VALUES ('454c4f52-5f53-4544-4c45-544500000000', '11111111-1111-1111-1111-111111111111', TIMESTAMPTZ '2025-01-01T00:00:00Z');
INSERT INTO role_permissions ("PermissionId", "RoleId", "AssignedAt")
VALUES ('454c4f52-5f53-4956-4557-000000000000', '11111111-1111-1111-1111-111111111111', TIMESTAMPTZ '2025-01-01T00:00:00Z');
INSERT INTO role_permissions ("PermissionId", "RoleId", "AssignedAt")
VALUES ('454c4f52-5f53-5055-4441-544500000000', '11111111-1111-1111-1111-111111111111', TIMESTAMPTZ '2025-01-01T00:00:00Z');
INSERT INTO role_permissions ("PermissionId", "RoleId", "AssignedAt")
VALUES ('454c4f52-5f53-5243-4541-544500000000', '11111111-1111-1111-1111-111111111111', TIMESTAMPTZ '2025-01-01T00:00:00Z');
INSERT INTO role_permissions ("PermissionId", "RoleId", "AssignedAt")
VALUES ('454c4f52-5f53-5341-5349-474e5f504552', '11111111-1111-1111-1111-111111111111', TIMESTAMPTZ '2025-01-01T00:00:00Z');
INSERT INTO role_permissions ("PermissionId", "RoleId", "AssignedAt")
VALUES ('48534144-4f42-5241-445f-564945570000', '11111111-1111-1111-1111-111111111111', TIMESTAMPTZ '2025-01-01T00:00:00Z');
INSERT INTO role_permissions ("PermissionId", "RoleId", "AssignedAt")
VALUES ('4a4f5250-4345-5354-5f43-524541544500', '11111111-1111-1111-1111-111111111111', TIMESTAMPTZ '2025-01-01T00:00:00Z');
INSERT INTO role_permissions ("PermissionId", "RoleId", "AssignedAt")
VALUES ('4a4f5250-4345-5354-5f44-454c45544500', '11111111-1111-1111-1111-111111111111', TIMESTAMPTZ '2025-01-01T00:00:00Z');
INSERT INTO role_permissions ("PermissionId", "RoleId", "AssignedAt")
VALUES ('4a4f5250-4345-5354-5f55-504441544500', '11111111-1111-1111-1111-111111111111', TIMESTAMPTZ '2025-01-01T00:00:00Z');
INSERT INTO role_permissions ("PermissionId", "RoleId", "AssignedAt")
VALUES ('4a4f5250-4345-5354-5f56-494557000000', '11111111-1111-1111-1111-111111111111', TIMESTAMPTZ '2025-01-01T00:00:00Z');
INSERT INTO role_permissions ("PermissionId", "RoleId", "AssignedAt")
VALUES ('52455355-5f53-4544-4c45-544500000000', '11111111-1111-1111-1111-111111111111', TIMESTAMPTZ '2025-01-01T00:00:00Z');
INSERT INTO role_permissions ("PermissionId", "RoleId", "AssignedAt")
VALUES ('52455355-5f53-4956-4557-000000000000', '11111111-1111-1111-1111-111111111111', TIMESTAMPTZ '2025-01-01T00:00:00Z');
INSERT INTO role_permissions ("PermissionId", "RoleId", "AssignedAt")
VALUES ('52455355-5f53-5055-4441-544500000000', '11111111-1111-1111-1111-111111111111', TIMESTAMPTZ '2025-01-01T00:00:00Z');
INSERT INTO role_permissions ("PermissionId", "RoleId", "AssignedAt")
VALUES ('52455355-5f53-5243-4541-544500000000', '11111111-1111-1111-1111-111111111111', TIMESTAMPTZ '2025-01-01T00:00:00Z');
INSERT INTO role_permissions ("PermissionId", "RoleId", "AssignedAt")
VALUES ('54534554-435f-5341-4553-5f4352454154', '11111111-1111-1111-1111-111111111111', TIMESTAMPTZ '2025-01-01T00:00:00Z');
INSERT INTO role_permissions ("PermissionId", "RoleId", "AssignedAt")
VALUES ('54534554-435f-5341-4553-5f44454c4554', '11111111-1111-1111-1111-111111111111', TIMESTAMPTZ '2025-01-01T00:00:00Z');
INSERT INTO role_permissions ("PermissionId", "RoleId", "AssignedAt")
VALUES ('54534554-435f-5341-4553-5f5550444154', '11111111-1111-1111-1111-111111111111', TIMESTAMPTZ '2025-01-01T00:00:00Z');
INSERT INTO role_permissions ("PermissionId", "RoleId", "AssignedAt")
VALUES ('54534554-435f-5341-4553-5f5649455700', '11111111-1111-1111-1111-111111111111', TIMESTAMPTZ '2025-01-01T00:00:00Z');
2026-02-15 21:06:32.336 +00:00 [INF] Executed DbCommand (1ms) [Parameters=[], CommandType='"Text"', CommandTimeout='30']
INSERT INTO user_roles ("RoleId", "UserId", "AssignedAt")
VALUES ('11111111-1111-1111-1111-111111111111', '99999999-9999-9999-9999-999999999999', TIMESTAMPTZ '2025-01-01T00:00:00Z');
2026-02-15 21:06:32.345 +00:00 [INF] Executed DbCommand (8ms) [Parameters=[], CommandType='"Text"', CommandTimeout='30']
CREATE UNIQUE INDEX "IX_users_email" ON users (email);
2026-02-15 21:06:32.355 +00:00 [INF] Executed DbCommand (10ms) [Parameters=[], CommandType='"Text"', CommandTimeout='30']
CREATE UNIQUE INDEX "IX_users_username" ON users (username);
2026-02-15 21:06:32.368 +00:00 [INF] Executed DbCommand (11ms) [Parameters=[], CommandType='"Text"', CommandTimeout='30']
CREATE UNIQUE INDEX "IX_roles_name" ON roles (name);
2026-02-15 21:06:32.379 +00:00 [INF] Executed DbCommand (9ms) [Parameters=[], CommandType='"Text"', CommandTimeout='30']
CREATE UNIQUE INDEX "IX_test_case_priorities_code" ON test_case_priorities (code);
2026-02-15 21:06:32.389 +00:00 [INF] Executed DbCommand (8ms) [Parameters=[], CommandType='"Text"', CommandTimeout='30']
CREATE UNIQUE INDEX "IX_task_priorities_code" ON task_priorities (code);
2026-02-15 21:06:32.398 +00:00 [INF] Executed DbCommand (8ms) [Parameters=[], CommandType='"Text"', CommandTimeout='30']
CREATE UNIQUE INDEX "IX_step_result_statuses_code" ON step_result_statuses (code);
2026-02-15 21:06:32.407 +00:00 [INF] Executed DbCommand (8ms) [Parameters=[], CommandType='"Text"', CommandTimeout='30']
CREATE UNIQUE INDEX "IX_evidence_types_code" ON evidence_types (code);
2026-02-15 21:06:32.409 +00:00 [INF] Executed DbCommand (1ms) [Parameters=[], CommandType='"Text"', CommandTimeout='30']
ALTER TABLE "Evidences" ADD CONSTRAINT "FK_Evidences_evidence_types_FileTypeId" FOREIGN KEY ("FileTypeId") REFERENCES evidence_types (id) ON DELETE CASCADE;
2026-02-15 21:06:32.411 +00:00 [INF] Executed DbCommand (1ms) [Parameters=[], CommandType='"Text"', CommandTimeout='30']
ALTER TABLE "ExecutionStepResults" ADD CONSTRAINT "FK_ExecutionStepResults_step_result_statuses_StatusId" FOREIGN KEY ("StatusId") REFERENCES step_result_statuses (id) ON DELETE CASCADE;
2026-02-15 21:06:32.413 +00:00 [INF] Executed DbCommand (1ms) [Parameters=[], CommandType='"Text"', CommandTimeout='30']
ALTER TABLE "KanbanTasks" ADD CONSTRAINT "FK_KanbanTasks_task_priorities_PriorityId" FOREIGN KEY ("PriorityId") REFERENCES task_priorities (id) ON DELETE CASCADE;
2026-02-15 21:06:32.415 +00:00 [INF] Executed DbCommand (1ms) [Parameters=[], CommandType='"Text"', CommandTimeout='30']
ALTER TABLE "KanbanTasks" ADD CONSTRAINT "FK_KanbanTasks_users_AssigneeId" FOREIGN KEY ("AssigneeId") REFERENCES users (id);
2026-02-15 21:06:32.418 +00:00 [INF] Executed DbCommand (1ms) [Parameters=[], CommandType='"Text"', CommandTimeout='30']
ALTER TABLE role_permissions ADD CONSTRAINT "FK_role_permissions_roles_RoleId" FOREIGN KEY ("RoleId") REFERENCES roles (id) ON DELETE CASCADE;
2026-02-15 21:06:32.421 +00:00 [INF] Executed DbCommand (2ms) [Parameters=[], CommandType='"Text"', CommandTimeout='30']
ALTER TABLE test_executions ADD CONSTRAINT "FK_test_executions_users_tester_id" FOREIGN KEY (tester_id) REFERENCES users (id) ON DELETE RESTRICT;
2026-02-15 21:06:32.424 +00:00 [INF] Executed DbCommand (2ms) [Parameters=[], CommandType='"Text"', CommandTimeout='30']
ALTER TABLE "TestCases" ADD CONSTRAINT "FK_TestCases_test_case_priorities_PriorityId" FOREIGN KEY ("PriorityId") REFERENCES test_case_priorities (id) ON DELETE CASCADE;
2026-02-15 21:06:32.427 +00:00 [INF] Executed DbCommand (1ms) [Parameters=[], CommandType='"Text"', CommandTimeout='30']
ALTER TABLE user_roles ADD CONSTRAINT "FK_user_roles_roles_RoleId" FOREIGN KEY ("RoleId") REFERENCES roles (id) ON DELETE CASCADE;
2026-02-15 21:06:32.429 +00:00 [INF] Executed DbCommand (1ms) [Parameters=[], CommandType='"Text"', CommandTimeout='30']
ALTER TABLE user_roles ADD CONSTRAINT "FK_user_roles_users_UserId" FOREIGN KEY ("UserId") REFERENCES users (id) ON DELETE CASCADE;
2026-02-15 21:06:32.431 +00:00 [INF] Executed DbCommand (2ms) [Parameters=[], CommandType='"Text"', CommandTimeout='30']
SELECT setval(
    pg_get_serial_sequence('evidence_types', 'id'),
    GREATEST(
        (SELECT MAX(id) FROM evidence_types) + 1,
        nextval(pg_get_serial_sequence('evidence_types', 'id'))),
    false);
SELECT setval(
    pg_get_serial_sequence('step_result_statuses', 'id'),
    GREATEST(
        (SELECT MAX(id) FROM step_result_statuses) + 1,
        nextval(pg_get_serial_sequence('step_result_statuses', 'id'))),
    false);
SELECT setval(
    pg_get_serial_sequence('task_priorities', 'id'),
    GREATEST(
        (SELECT MAX(id) FROM task_priorities) + 1,
        nextval(pg_get_serial_sequence('task_priorities', 'id'))),
    false);
SELECT setval(
    pg_get_serial_sequence('test_case_priorities', 'id'),
    GREATEST(
        (SELECT MAX(id) FROM test_case_priorities) + 1,
        nextval(pg_get_serial_sequence('test_case_priorities', 'id'))),
    false);
2026-02-15 21:06:32.433 +00:00 [INF] Executed DbCommand (1ms) [Parameters=[], CommandType='"Text"', CommandTimeout='30']
INSERT INTO "__EFMigrationsHistory" ("MigrationId", "ProductVersion")
VALUES ('20260215192006_AddSystemSeeding', '8.0.11');
2026-02-15 21:06:32.445 +00:00 [INF] Applying migration '20260215203955_StandardizeNaming'.
2026-02-15 21:06:32.487 +00:00 [INF] Executed DbCommand (1ms) [Parameters=[], CommandType='"Text"', CommandTimeout='30']
ALTER TABLE role_permissions DROP CONSTRAINT "FK_role_permissions_Permissions_PermissionId";
2026-02-15 21:06:32.490 +00:00 [INF] Executed DbCommand (2ms) [Parameters=[], CommandType='"Text"', CommandTimeout='30']
ALTER TABLE role_permissions DROP CONSTRAINT "FK_role_permissions_roles_RoleId";
2026-02-15 21:06:32.492 +00:00 [INF] Executed DbCommand (1ms) [Parameters=[], CommandType='"Text"', CommandTimeout='30']
ALTER TABLE user_roles DROP CONSTRAINT "FK_user_roles_roles_RoleId";
2026-02-15 21:06:32.493 +00:00 [INF] Executed DbCommand (1ms) [Parameters=[], CommandType='"Text"', CommandTimeout='30']
ALTER TABLE user_roles DROP CONSTRAINT "FK_user_roles_users_UserId";
2026-02-15 21:06:32.494 +00:00 [INF] Executed DbCommand (1ms) [Parameters=[], CommandType='"Text"', CommandTimeout='30']
ALTER TABLE "Permissions" DROP CONSTRAINT "PK_Permissions";
2026-02-15 21:06:32.495 +00:00 [INF] Executed DbCommand (0ms) [Parameters=[], CommandType='"Text"', CommandTimeout='30']
ALTER TABLE "Permissions" RENAME TO permissions;
2026-02-15 21:06:32.497 +00:00 [INF] Executed DbCommand (1ms) [Parameters=[], CommandType='"Text"', CommandTimeout='30']
ALTER TABLE user_roles RENAME COLUMN "AssignedAt" TO assigned_at;
2026-02-15 21:06:32.497 +00:00 [INF] Executed DbCommand (0ms) [Parameters=[], CommandType='"Text"', CommandTimeout='30']
ALTER TABLE user_roles RENAME COLUMN "RoleId" TO role_id;
2026-02-15 21:06:32.498 +00:00 [INF] Executed DbCommand (0ms) [Parameters=[], CommandType='"Text"', CommandTimeout='30']
ALTER TABLE user_roles RENAME COLUMN "UserId" TO user_id;
2026-02-15 21:06:32.499 +00:00 [INF] Executed DbCommand (0ms) [Parameters=[], CommandType='"Text"', CommandTimeout='30']
ALTER INDEX "IX_user_roles_RoleId" RENAME TO "IX_user_roles_role_id";
2026-02-15 21:06:32.499 +00:00 [INF] Executed DbCommand (0ms) [Parameters=[], CommandType='"Text"', CommandTimeout='30']
ALTER TABLE role_permissions RENAME COLUMN "AssignedAt" TO assigned_at;
2026-02-15 21:06:32.500 +00:00 [INF] Executed DbCommand (0ms) [Parameters=[], CommandType='"Text"', CommandTimeout='30']
ALTER TABLE role_permissions RENAME COLUMN "PermissionId" TO permission_id;
2026-02-15 21:06:32.500 +00:00 [INF] Executed DbCommand (0ms) [Parameters=[], CommandType='"Text"', CommandTimeout='30']
ALTER TABLE role_permissions RENAME COLUMN "RoleId" TO role_id;
2026-02-15 21:06:32.501 +00:00 [INF] Executed DbCommand (0ms) [Parameters=[], CommandType='"Text"', CommandTimeout='30']
ALTER INDEX "IX_role_permissions_PermissionId" RENAME TO "IX_role_permissions_permission_id";
2026-02-15 21:06:32.502 +00:00 [INF] Executed DbCommand (0ms) [Parameters=[], CommandType='"Text"', CommandTimeout='30']
ALTER TABLE permissions RENAME COLUMN "Module" TO module;
2026-02-15 21:06:32.502 +00:00 [INF] Executed DbCommand (0ms) [Parameters=[], CommandType='"Text"', CommandTimeout='30']
ALTER TABLE permissions RENAME COLUMN "Description" TO description;
2026-02-15 21:06:32.503 +00:00 [INF] Executed DbCommand (0ms) [Parameters=[], CommandType='"Text"', CommandTimeout='30']
ALTER TABLE permissions RENAME COLUMN "Code" TO code;
2026-02-15 21:06:32.504 +00:00 [INF] Executed DbCommand (0ms) [Parameters=[], CommandType='"Text"', CommandTimeout='30']
ALTER TABLE permissions RENAME COLUMN "Id" TO id;
2026-02-15 21:06:32.504 +00:00 [INF] Executed DbCommand (0ms) [Parameters=[], CommandType='"Text"', CommandTimeout='30']
ALTER TABLE permissions RENAME COLUMN "CreatedAt" TO created_at;
2026-02-15 21:06:32.515 +00:00 [INF] Executed DbCommand (10ms) [Parameters=[], CommandType='"Text"', CommandTimeout='30']
ALTER TABLE permissions ALTER COLUMN module TYPE character varying(100);
2026-02-15 21:06:32.525 +00:00 [INF] Executed DbCommand (9ms) [Parameters=[], CommandType='"Text"', CommandTimeout='30']
ALTER TABLE permissions ALTER COLUMN description TYPE character varying(500);
2026-02-15 21:06:32.537 +00:00 [INF] Executed DbCommand (11ms) [Parameters=[], CommandType='"Text"', CommandTimeout='30']
ALTER TABLE permissions ALTER COLUMN code TYPE character varying(100);
2026-02-15 21:06:32.538 +00:00 [INF] Executed DbCommand (1ms) [Parameters=[], CommandType='"Text"', CommandTimeout='30']
ALTER TABLE permissions ALTER COLUMN created_at SET DEFAULT (NOW());
2026-02-15 21:06:32.548 +00:00 [INF] Executed DbCommand (9ms) [Parameters=[], CommandType='"Text"', CommandTimeout='30']
ALTER TABLE permissions ADD CONSTRAINT "PK_permissions" PRIMARY KEY (id);
2026-02-15 21:06:32.550 +00:00 [INF] Executed DbCommand (2ms) [Parameters=[], CommandType='"Text"', CommandTimeout='30']
UPDATE evidence_types SET created_at = TIMESTAMPTZ '2026-02-15T20:39:53.949743Z'
WHERE id = 1;
2026-02-15 21:06:32.551 +00:00 [INF] Executed DbCommand (0ms) [Parameters=[], CommandType='"Text"', CommandTimeout='30']
UPDATE evidence_types SET created_at = TIMESTAMPTZ '2026-02-15T20:39:53.949743Z'
WHERE id = 2;
2026-02-15 21:06:32.551 +00:00 [INF] Executed DbCommand (0ms) [Parameters=[], CommandType='"Text"', CommandTimeout='30']
UPDATE evidence_types SET created_at = TIMESTAMPTZ '2026-02-15T20:39:53.949744Z'
WHERE id = 3;
2026-02-15 21:06:32.552 +00:00 [INF] Executed DbCommand (0ms) [Parameters=[], CommandType='"Text"', CommandTimeout='30']
UPDATE evidence_types SET created_at = TIMESTAMPTZ '2026-02-15T20:39:53.949744Z'
WHERE id = 4;
2026-02-15 21:06:32.553 +00:00 [INF] Executed DbCommand (0ms) [Parameters=[], CommandType='"Text"', CommandTimeout='30']
UPDATE execution_statuses SET created_at = TIMESTAMPTZ '2026-02-15T20:39:53.950681Z'
WHERE id = 1;
2026-02-15 21:06:32.553 +00:00 [INF] Executed DbCommand (0ms) [Parameters=[], CommandType='"Text"', CommandTimeout='30']
UPDATE execution_statuses SET created_at = TIMESTAMPTZ '2026-02-15T20:39:53.950682Z'
WHERE id = 2;
2026-02-15 21:06:32.554 +00:00 [INF] Executed DbCommand (0ms) [Parameters=[], CommandType='"Text"', CommandTimeout='30']
UPDATE execution_statuses SET created_at = TIMESTAMPTZ '2026-02-15T20:39:53.950682Z'
WHERE id = 3;
2026-02-15 21:06:32.554 +00:00 [INF] Executed DbCommand (0ms) [Parameters=[], CommandType='"Text"', CommandTimeout='30']
UPDATE execution_statuses SET created_at = TIMESTAMPTZ '2026-02-15T20:39:53.950683Z'
WHERE id = 4;
2026-02-15 21:06:32.555 +00:00 [INF] Executed DbCommand (0ms) [Parameters=[], CommandType='"Text"', CommandTimeout='30']
UPDATE execution_statuses SET created_at = TIMESTAMPTZ '2026-02-15T20:39:53.950683Z'
WHERE id = 5;
2026-02-15 21:06:32.555 +00:00 [INF] Executed DbCommand (0ms) [Parameters=[], CommandType='"Text"', CommandTimeout='30']
UPDATE execution_statuses SET created_at = TIMESTAMPTZ '2026-02-15T20:39:53.950683Z'
WHERE id = 6;
2026-02-15 21:06:32.556 +00:00 [INF] Executed DbCommand (1ms) [Parameters=[], CommandType='"Text"', CommandTimeout='30']
UPDATE step_result_statuses SET created_at = TIMESTAMPTZ '2026-02-15T20:39:53.954525Z'
WHERE id = 1;
2026-02-15 21:06:32.556 +00:00 [INF] Executed DbCommand (0ms) [Parameters=[], CommandType='"Text"', CommandTimeout='30']
UPDATE step_result_statuses SET created_at = TIMESTAMPTZ '2026-02-15T20:39:53.954525Z'
WHERE id = 2;
2026-02-15 21:06:32.557 +00:00 [INF] Executed DbCommand (0ms) [Parameters=[], CommandType='"Text"', CommandTimeout='30']
UPDATE step_result_statuses SET created_at = TIMESTAMPTZ '2026-02-15T20:39:53.954526Z'
WHERE id = 3;
2026-02-15 21:06:32.557 +00:00 [INF] Executed DbCommand (0ms) [Parameters=[], CommandType='"Text"', CommandTimeout='30']
UPDATE step_result_statuses SET created_at = TIMESTAMPTZ '2026-02-15T20:39:53.954526Z'
WHERE id = 4;
2026-02-15 21:06:32.558 +00:00 [INF] Executed DbCommand (1ms) [Parameters=[], CommandType='"Text"', CommandTimeout='30']
UPDATE task_priorities SET created_at = TIMESTAMPTZ '2026-02-15T20:39:53.955243Z'
WHERE id = 1;
2026-02-15 21:06:32.559 +00:00 [INF] Executed DbCommand (0ms) [Parameters=[], CommandType='"Text"', CommandTimeout='30']
UPDATE task_priorities SET created_at = TIMESTAMPTZ '2026-02-15T20:39:53.955244Z'
WHERE id = 2;
2026-02-15 21:06:32.559 +00:00 [INF] Executed DbCommand (0ms) [Parameters=[], CommandType='"Text"', CommandTimeout='30']
UPDATE task_priorities SET created_at = TIMESTAMPTZ '2026-02-15T20:39:53.955244Z'
WHERE id = 3;
2026-02-15 21:06:32.560 +00:00 [INF] Executed DbCommand (0ms) [Parameters=[], CommandType='"Text"', CommandTimeout='30']
UPDATE task_priorities SET created_at = TIMESTAMPTZ '2026-02-15T20:39:53.955244Z'
WHERE id = 4;
2026-02-15 21:06:32.561 +00:00 [INF] Executed DbCommand (1ms) [Parameters=[], CommandType='"Text"', CommandTimeout='30']
UPDATE test_case_priorities SET created_at = TIMESTAMPTZ '2026-02-15T20:39:53.955926Z'
WHERE id = 1;
2026-02-15 21:06:32.561 +00:00 [INF] Executed DbCommand (0ms) [Parameters=[], CommandType='"Text"', CommandTimeout='30']
UPDATE test_case_priorities SET created_at = TIMESTAMPTZ '2026-02-15T20:39:53.955926Z'
WHERE id = 2;
2026-02-15 21:06:32.562 +00:00 [INF] Executed DbCommand (0ms) [Parameters=[], CommandType='"Text"', CommandTimeout='30']
UPDATE test_case_priorities SET created_at = TIMESTAMPTZ '2026-02-15T20:39:53.955927Z'
WHERE id = 3;
2026-02-15 21:06:32.562 +00:00 [INF] Executed DbCommand (0ms) [Parameters=[], CommandType='"Text"', CommandTimeout='30']
UPDATE test_case_priorities SET created_at = TIMESTAMPTZ '2026-02-15T20:39:53.955927Z'
WHERE id = 4;
2026-02-15 21:06:32.564 +00:00 [INF] Executed DbCommand (1ms) [Parameters=[], CommandType='"Text"', CommandTimeout='30']
ALTER TABLE role_permissions ADD CONSTRAINT "FK_role_permissions_permissions_permission_id" FOREIGN KEY (permission_id) REFERENCES permissions (id) ON DELETE CASCADE;
2026-02-15 21:06:32.565 +00:00 [INF] Executed DbCommand (1ms) [Parameters=[], CommandType='"Text"', CommandTimeout='30']
ALTER TABLE role_permissions ADD CONSTRAINT "FK_role_permissions_roles_role_id" FOREIGN KEY (role_id) REFERENCES roles (id) ON DELETE CASCADE;
2026-02-15 21:06:32.567 +00:00 [INF] Executed DbCommand (1ms) [Parameters=[], CommandType='"Text"', CommandTimeout='30']
ALTER TABLE user_roles ADD CONSTRAINT "FK_user_roles_roles_role_id" FOREIGN KEY (role_id) REFERENCES roles (id) ON DELETE CASCADE;
2026-02-15 21:06:32.568 +00:00 [INF] Executed DbCommand (1ms) [Parameters=[], CommandType='"Text"', CommandTimeout='30']
ALTER TABLE user_roles ADD CONSTRAINT "FK_user_roles_users_user_id" FOREIGN KEY (user_id) REFERENCES users (id) ON DELETE CASCADE;
2026-02-15 21:06:32.569 +00:00 [INF] Executed DbCommand (0ms) [Parameters=[], CommandType='"Text"', CommandTimeout='30']
INSERT INTO "__EFMigrationsHistory" ("MigrationId", "ProductVersion")
VALUES ('20260215203955_StandardizeNaming', '8.0.11');
2026-02-15 21:06:32.577 +00:00 [INF] Database migrations applied.
2026-02-15 21:06:32.586 +00:00 [INF] Executed DbCommand (1ms) [Parameters=[], CommandType='"Text"', CommandTimeout='30']
SELECT EXISTS (
    SELECT 1 FROM pg_catalog.pg_class c
    JOIN pg_catalog.pg_namespace n ON n.oid=c.relnamespace
    WHERE n.nspname='public' AND
          c.relname='__EFMigrationsHistory'
)
2026-02-15 21:06:32.587 +00:00 [INF] Executed DbCommand (0ms) [Parameters=[], CommandType='"Text"', CommandTimeout='30']
SELECT "MigrationId", "ProductVersion"
FROM "__EFMigrationsHistory"
ORDER BY "MigrationId";
2026-02-15 21:06:32.700 +00:00 [INF] QAMS API iniciada en Docker.
2026-02-15 21:06:32.718 +00:00 [WRN] Storing keys in a directory '/root/.aspnet/DataProtection-Keys' that may not be persisted outside of the container. Protected data will be unavailable when container is destroyed. For more information go to https://aka.ms/aspnet/dataprotectionwarning
2026-02-15 21:06:32.720 +00:00 [INF] User profile is available. Using '/root/.aspnet/DataProtection-Keys' as key repository; keys will not be encrypted at rest.
2026-02-15 21:06:32.732 +00:00 [INF] Creating key {de95812e-e757-42ca-ae7b-946aede976d8} with creation date 2026-02-15 21:06:32Z, activation date 2026-02-15 21:06:32Z, and expiration date 2026-05-16 21:06:32Z.
2026-02-15 21:06:32.742 +00:00 [WRN] No XML encryptor configured. Key {de95812e-e757-42ca-ae7b-946aede976d8} may be persisted to storage in unencrypted form.
2026-02-15 21:06:32.745 +00:00 [INF] Writing data to file '/root/.aspnet/DataProtection-Keys/key-de95812e-e757-42ca-ae7b-946aede976d8.xml'.
2026-02-15 21:06:32.758 +00:00 [WRN] Overriding HTTP_PORTS '8080' and HTTPS_PORTS ''. Binding to values defined by URLS instead 'http://+:8080'.
2026-02-15 21:06:32.782 +00:00 [WRN] The WebRootPath was not found: /app/wwwroot. Static files may be unavailable.
2026-02-15 21:06:32.814 +00:00 [INF] Now listening on: http://[::]:8080
2026-02-15 21:06:32.815 +00:00 [INF] Application started. Press Ctrl+C to shut down.
2026-02-15 21:06:32.816 +00:00 [INF] Hosting environment: Docker
2026-02-15 21:06:32.817 +00:00 [INF] Content root path: /app
2026-02-15 21:06:42.743 +00:00 [INF] Request starting HTTP/1.1 POST http://localhost:5000/api/auth/login - application/json 61
2026-02-15 21:06:42.793 +00:00 [INF] Executing endpoint 'QAMS.Api.Controllers.AuthController.Login (QAMS.Api)'
2026-02-15 21:06:42.810 +00:00 [INF] Route matched with {action = "Login", controller = "Auth"}. Executing controller action with signature System.Threading.Tasks.Task`1[Microsoft.AspNetCore.Mvc.IActionResult] Login(QAMS.Application.DTOs.Auth.LoginRequestDto) on controller QAMS.Api.Controllers.AuthController (QAMS.Api).
2026-02-15 21:06:42.857 +00:00 [INF] POST /api/auth/login - Usuario: admin
2026-02-15 21:06:42.859 +00:00 [INF] Intento de login: 'admin'.
2026-02-15 21:06:43.121 +00:00 [INF] Executed DbCommand (10ms) [Parameters=[@__username_0='?'], CommandType='"Text"', CommandTimeout='30']
SELECT u.id, u.created_at, u.email, u.full_name, u.is_active, u.password_hash, u.refresh_token, u.refresh_token_expiry_time, u.updated_at, u.username
FROM users AS u
WHERE u.username = @__username_0
ORDER BY u.id
LIMIT 1
2026-02-15 21:06:43.178 +00:00 [INF] Executed DbCommand (3ms) [Parameters=[@__username_0='?'], CommandType='"Text"', CommandTimeout='30']
SELECT t0.user_id, t0.role_id, t0.assigned_at, t0.id, t0.created_at, t0.description, t0.is_active, t0.name, t.id
FROM (
    SELECT u.id
    FROM users AS u
    WHERE u.username = @__username_0
    LIMIT 1
) AS t
INNER JOIN (
    SELECT u0.user_id, u0.role_id, u0.assigned_at, r.id, r.created_at, r.description, r.is_active, r.name
    FROM user_roles AS u0
    INNER JOIN roles AS r ON u0.role_id = r.id
) AS t0 ON t.id = t0.user_id
ORDER BY t.id, t0.user_id, t0.role_id, t0.id
2026-02-15 21:06:43.222 +00:00 [INF] Executed DbCommand (6ms) [Parameters=[@__username_0='?'], CommandType='"Text"', CommandTimeout='30']
SELECT t1.role_id, t1.permission_id, t1.assigned_at, t1.id, t1.code, t1.created_at, t1.description, t1.module, t.id, t0.user_id, t0.role_id, t0.id
FROM (
    SELECT u.id
    FROM users AS u
    WHERE u.username = @__username_0
    LIMIT 1
) AS t
INNER JOIN (
    SELECT u0.user_id, u0.role_id, r.id
    FROM user_roles AS u0
    INNER JOIN roles AS r ON u0.role_id = r.id
) AS t0 ON t.id = t0.user_id
INNER JOIN (
    SELECT r0.role_id, r0.permission_id, r0.assigned_at, p.id, p.code, p.created_at, p.description, p.module
    FROM role_permissions AS r0
    INNER JOIN permissions AS p ON r0.permission_id = p.id
) AS t1 ON t0.id = t1.role_id
ORDER BY t.id, t0.user_id, t0.role_id, t0.id
2026-02-15 21:06:43.875 +00:00 [WRN] Contraseña incorrecta para 'admin'.
2026-02-15 21:06:43.884 +00:00 [INF] Executed action QAMS.Api.Controllers.AuthController.Login (QAMS.Api) in 1071.2359ms
2026-02-15 21:06:43.887 +00:00 [INF] Executed endpoint 'QAMS.Api.Controllers.AuthController.Login (QAMS.Api)'
2026-02-15 21:06:43.889 +00:00 [WRN] Error de dominio: Credenciales inválidas.
QAMS.Domain.Exceptions.DomainException: Credenciales inválidas.
   at QAMS.Application.Services.AuthService.LoginAsync(LoginRequestDto request) in /src/src/QAMS.Application/Services/AuthService.cs:line 48
   at QAMS.Api.Controllers.AuthController.Login(LoginRequestDto request) in /src/src/QAMS.Api/Controllers/AuthController.cs:line 29
   at Microsoft.AspNetCore.Mvc.Infrastructure.ActionMethodExecutor.TaskOfIActionResultExecutor.Execute(ActionContext actionContext, IActionResultTypeMapper mapper, ObjectMethodExecutor executor, Object controller, Object[] arguments)
   at Microsoft.AspNetCore.Mvc.Infrastructure.ControllerActionInvoker.<InvokeActionMethodAsync>g__Awaited|12_0(ControllerActionInvoker invoker, ValueTask`1 actionResultValueTask)
   at Microsoft.AspNetCore.Mvc.Infrastructure.ControllerActionInvoker.<InvokeNextActionFilterAsync>g__Awaited|10_0(ControllerActionInvoker invoker, Task lastTask, State next, Scope scope, Object state, Boolean isCompleted)
   at Microsoft.AspNetCore.Mvc.Infrastructure.ControllerActionInvoker.Rethrow(ActionExecutedContextSealed context)
   at Microsoft.AspNetCore.Mvc.Infrastructure.ControllerActionInvoker.Next(State& next, Scope& scope, Object& state, Boolean& isCompleted)
   at Microsoft.AspNetCore.Mvc.Infrastructure.ControllerActionInvoker.<InvokeInnerFilterAsync>g__Awaited|13_0(ControllerActionInvoker invoker, Task lastTask, State next, Scope scope, Object state, Boolean isCompleted)
   at Microsoft.AspNetCore.Mvc.Infrastructure.ResourceInvoker.<InvokeFilterPipelineAsync>g__Awaited|20_0(ResourceInvoker invoker, Task lastTask, State next, Scope scope, Object state, Boolean isCompleted)
   at Microsoft.AspNetCore.Mvc.Infrastructure.ResourceInvoker.<InvokeAsync>g__Logged|17_1(ResourceInvoker invoker)
   at Microsoft.AspNetCore.Mvc.Infrastructure.ResourceInvoker.<InvokeAsync>g__Logged|17_1(ResourceInvoker invoker)
   at Microsoft.AspNetCore.Routing.EndpointMiddleware.<Invoke>g__AwaitRequestTask|7_0(Endpoint endpoint, Task requestTask, ILogger logger)
   at Microsoft.AspNetCore.Authorization.AuthorizationMiddleware.Invoke(HttpContext context)
   at Microsoft.AspNetCore.Authentication.AuthenticationMiddleware.Invoke(HttpContext context)
   at Swashbuckle.AspNetCore.SwaggerUI.SwaggerUIMiddleware.Invoke(HttpContext httpContext)
   at Swashbuckle.AspNetCore.Swagger.SwaggerMiddleware.Invoke(HttpContext httpContext, ISwaggerProvider swaggerProvider)
   at QAMS.Api.Middleware.ExceptionHandlingMiddleware.InvokeAsync(HttpContext context) in /src/src/QAMS.Api/Middleware/ExceptionHandlingMiddleware.cs:line 27
2026-02-15 21:06:43.919 +00:00 [INF] Request finished HTTP/1.1 POST http://localhost:5000/api/auth/login - 400 null application/json 1177.9173ms
2026-02-15 21:07:06.727 +00:00 [INF] Request starting HTTP/1.1 POST http://localhost:5000/api/auth/register - application/json 129
2026-02-15 21:07:06.733 +00:00 [INF] Executing endpoint 'QAMS.Api.Controllers.AuthController.Register (QAMS.Api)'
2026-02-15 21:07:06.745 +00:00 [INF] Route matched with {action = "Register", controller = "Auth"}. Executing controller action with signature System.Threading.Tasks.Task`1[Microsoft.AspNetCore.Mvc.IActionResult] Register(QAMS.Application.DTOs.Auth.RegisterRequestDto) on controller QAMS.Api.Controllers.AuthController (QAMS.Api).
2026-02-15 21:07:06.793 +00:00 [INF] POST /api/auth/register - Usuario: tempuser
2026-02-15 21:07:06.794 +00:00 [INF] Registro: 'tempuser'.
2026-02-15 21:07:06.821 +00:00 [INF] Executed DbCommand (2ms) [Parameters=[@__username_0='?'], CommandType='"Text"', CommandTimeout='30']
SELECT u.id, u.created_at, u.email, u.full_name, u.is_active, u.password_hash, u.refresh_token, u.refresh_token_expiry_time, u.updated_at, u.username
FROM users AS u
WHERE u.username = @__username_0
LIMIT 1
2026-02-15 21:07:06.835 +00:00 [INF] Executed DbCommand (1ms) [Parameters=[@__email_0='?'], CommandType='"Text"', CommandTimeout='30']
SELECT u.id, u.created_at, u.email, u.full_name, u.is_active, u.password_hash, u.refresh_token, u.refresh_token_expiry_time, u.updated_at, u.username
FROM users AS u
WHERE u.email = @__email_0
LIMIT 1
2026-02-15 21:07:07.145 +00:00 [INF] Executed DbCommand (9ms) [Parameters=[@p0='?' (DbType = Guid), @p1='?' (DbType = DateTime), @p2='?', @p3='?', @p4='?', @p5='?', @p6='?' (DbType = DateTime), @p7='?' (DbType = DateTime), @p8='?'], CommandType='"Text"', CommandTimeout='30']
INSERT INTO users (id, created_at, email, full_name, password_hash, refresh_token, refresh_token_expiry_time, updated_at, username)
VALUES (@p0, @p1, @p2, @p3, @p4, @p5, @p6, @p7, @p8)
RETURNING is_active;
2026-02-15 21:07:07.158 +00:00 [INF] 1 cambios persistidos.
2026-02-15 21:07:07.159 +00:00 [INF] Usuario registrado: 'tempuser' ("0450f1e0-b857-45ce-a27a-8646cb0ccd09").
2026-02-15 21:07:07.160 +00:00 [INF] Intento de login: 'tempuser'.
2026-02-15 21:07:07.163 +00:00 [INF] Executed DbCommand (1ms) [Parameters=[@__username_0='?'], CommandType='"Text"', CommandTimeout='30']
SELECT u.id, u.created_at, u.email, u.full_name, u.is_active, u.password_hash, u.refresh_token, u.refresh_token_expiry_time, u.updated_at, u.username
FROM users AS u
WHERE u.username = @__username_0
ORDER BY u.id
LIMIT 1
2026-02-15 21:07:07.165 +00:00 [INF] Executed DbCommand (1ms) [Parameters=[@__username_0='?'], CommandType='"Text"', CommandTimeout='30']
SELECT t0.user_id, t0.role_id, t0.assigned_at, t0.id, t0.created_at, t0.description, t0.is_active, t0.name, t.id
FROM (
    SELECT u.id
    FROM users AS u
    WHERE u.username = @__username_0
    LIMIT 1
) AS t
INNER JOIN (
    SELECT u0.user_id, u0.role_id, u0.assigned_at, r.id, r.created_at, r.description, r.is_active, r.name
    FROM user_roles AS u0
    INNER JOIN roles AS r ON u0.role_id = r.id
) AS t0 ON t.id = t0.user_id
ORDER BY t.id, t0.user_id, t0.role_id, t0.id
2026-02-15 21:07:07.394 +00:00 [INF] Obteniendo permisos del usuario '"0450f1e0-b857-45ce-a27a-8646cb0ccd09"'.
2026-02-15 21:07:07.418 +00:00 [INF] Executed DbCommand (1ms) [Parameters=[@__userId_0='?' (DbType = Guid)], CommandType='"Text"', CommandTimeout='30']
SELECT DISTINCT p.code
FROM user_roles AS u
INNER JOIN roles AS r ON u.role_id = r.id
INNER JOIN role_permissions AS r0 ON r.id = r0.role_id
INNER JOIN permissions AS p ON r0.permission_id = p.id
WHERE u.user_id = @__userId_0
2026-02-15 21:07:07.420 +00:00 [INF] Usuario '"0450f1e0-b857-45ce-a27a-8646cb0ccd09"' tiene 0 permisos.
2026-02-15 21:07:07.442 +00:00 [INF] Executed DbCommand (5ms) [Parameters=[@p9='?' (DbType = Guid), @p0='?' (DbType = DateTime), @p1='?', @p2='?', @p3='?' (DbType = Boolean), @p4='?', @p5='?', @p6='?' (DbType = DateTime), @p7='?' (DbType = DateTime), @p8='?'], CommandType='"Text"', CommandTimeout='30']
UPDATE users SET created_at = @p0, email = @p1, full_name = @p2, is_active = @p3, password_hash = @p4, refresh_token = @p5, refresh_token_expiry_time = @p6, updated_at = @p7, username = @p8
WHERE id = @p9;
2026-02-15 21:07:07.445 +00:00 [INF] 1 cambios persistidos.
2026-02-15 21:07:07.446 +00:00 [INF] Login exitoso: 'tempuser', 0 permisos.
2026-02-15 21:07:07.451 +00:00 [INF] Executing CreatedResult, writing value of type 'QAMS.Application.DTOs.Auth.LoginResponseDto'.
2026-02-15 21:07:07.467 +00:00 [INF] Executed action QAMS.Api.Controllers.AuthController.Register (QAMS.Api) in 721.5372ms
2026-02-15 21:07:07.468 +00:00 [INF] Executed endpoint 'QAMS.Api.Controllers.AuthController.Register (QAMS.Api)'
2026-02-15 21:07:07.470 +00:00 [INF] Request finished HTTP/1.1 POST http://localhost:5000/api/auth/register - 201 null application/json; charset=utf-8 743.0479ms
2026-02-15 21:13:54.981 +00:00 [INF] Application is shutting down...
2026-02-15 21:14:12.622 +00:00 [INF] Executed DbCommand (51ms) [Parameters=[], CommandType='"Text"', CommandTimeout='30']
SELECT EXISTS (
    SELECT 1 FROM pg_catalog.pg_class c
    JOIN pg_catalog.pg_namespace n ON n.oid=c.relnamespace
    WHERE n.nspname='public' AND
          c.relname='__EFMigrationsHistory'
)
2026-02-15 21:14:12.706 +00:00 [INF] Executed DbCommand (2ms) [Parameters=[], CommandType='"Text"', CommandTimeout='30']
SELECT EXISTS (
    SELECT 1 FROM pg_catalog.pg_class c
    JOIN pg_catalog.pg_namespace n ON n.oid=c.relnamespace
    WHERE n.nspname='public' AND
          c.relname='__EFMigrationsHistory'
)
2026-02-15 21:14:12.768 +00:00 [INF] Executed DbCommand (16ms) [Parameters=[], CommandType='"Text"', CommandTimeout='30']
CREATE TABLE "__EFMigrationsHistory" (
    "MigrationId" character varying(150) NOT NULL,
    "ProductVersion" character varying(32) NOT NULL,
    CONSTRAINT "PK___EFMigrationsHistory" PRIMARY KEY ("MigrationId")
);
2026-02-15 21:14:12.775 +00:00 [INF] Executed DbCommand (1ms) [Parameters=[], CommandType='"Text"', CommandTimeout='30']
SELECT EXISTS (
    SELECT 1 FROM pg_catalog.pg_class c
    JOIN pg_catalog.pg_namespace n ON n.oid=c.relnamespace
    WHERE n.nspname='public' AND
          c.relname='__EFMigrationsHistory'
)
2026-02-15 21:14:12.779 +00:00 [INF] Executed DbCommand (1ms) [Parameters=[], CommandType='"Text"', CommandTimeout='30']
SELECT "MigrationId", "ProductVersion"
FROM "__EFMigrationsHistory"
ORDER BY "MigrationId";
2026-02-15 21:14:12.787 +00:00 [INF] Applying migration '20260214041238_InitialCreate'.
2026-02-15 21:14:12.870 +00:00 [INF] Executed DbCommand (22ms) [Parameters=[], CommandType='"Text"', CommandTimeout='30']
CREATE TABLE "EvidenceTypes" (
    "Id" integer GENERATED BY DEFAULT AS IDENTITY,
    "Code" text NOT NULL,
    "Name" text NOT NULL,
    "Description" text,
    "SortOrder" integer NOT NULL,
    "IsActive" boolean NOT NULL,
    "CreatedAt" timestamp with time zone NOT NULL,
    CONSTRAINT "PK_EvidenceTypes" PRIMARY KEY ("Id")
);
2026-02-15 21:14:12.894 +00:00 [INF] Executed DbCommand (23ms) [Parameters=[], CommandType='"Text"', CommandTimeout='30']
CREATE TABLE execution_statuses (
    id integer GENERATED BY DEFAULT AS IDENTITY,
    code character varying(50) NOT NULL,
    name character varying(100) NOT NULL,
    description character varying(500),
    sort_order integer NOT NULL DEFAULT 0,
    is_active boolean NOT NULL DEFAULT TRUE,
    created_at timestamp with time zone NOT NULL DEFAULT (NOW()),
    CONSTRAINT "PK_execution_statuses" PRIMARY KEY (id)
);
2026-02-15 21:14:12.915 +00:00 [INF] Executed DbCommand (20ms) [Parameters=[], CommandType='"Text"', CommandTimeout='30']
CREATE TABLE "Permissions" (
    "Id" uuid NOT NULL,
    "Code" text NOT NULL,
    "Description" text NOT NULL,
    "Module" text NOT NULL,
    "CreatedAt" timestamp with time zone NOT NULL,
    CONSTRAINT "PK_Permissions" PRIMARY KEY ("Id")
);
2026-02-15 21:14:12.937 +00:00 [INF] Executed DbCommand (20ms) [Parameters=[], CommandType='"Text"', CommandTimeout='30']
CREATE TABLE "Projects" (
    "Id" uuid NOT NULL,
    "Name" text NOT NULL,
    "Description" text,
    "IsActive" boolean NOT NULL,
    "CreatedAt" timestamp with time zone NOT NULL,
    "UpdatedAt" timestamp with time zone,
    CONSTRAINT "PK_Projects" PRIMARY KEY ("Id")
);
2026-02-15 21:14:12.959 +00:00 [INF] Executed DbCommand (20ms) [Parameters=[], CommandType='"Text"', CommandTimeout='30']
CREATE TABLE "Roles" (
    "Id" uuid NOT NULL,
    "Name" text NOT NULL,
    "Description" text,
    "IsActive" boolean NOT NULL,
    "CreatedAt" timestamp with time zone NOT NULL,
    CONSTRAINT "PK_Roles" PRIMARY KEY ("Id")
);
2026-02-15 21:14:12.984 +00:00 [INF] Executed DbCommand (24ms) [Parameters=[], CommandType='"Text"', CommandTimeout='30']
CREATE TABLE "StepResultStatuses" (
    "Id" integer GENERATED BY DEFAULT AS IDENTITY,
    "Code" text NOT NULL,
    "Name" text NOT NULL,
    "Description" text,
    "SortOrder" integer NOT NULL,
    "IsActive" boolean NOT NULL,
    "CreatedAt" timestamp with time zone NOT NULL,
    CONSTRAINT "PK_StepResultStatuses" PRIMARY KEY ("Id")
);
2026-02-15 21:14:13.008 +00:00 [INF] Executed DbCommand (22ms) [Parameters=[], CommandType='"Text"', CommandTimeout='30']
CREATE TABLE "TaskPriorities" (
    "Id" integer GENERATED BY DEFAULT AS IDENTITY,
    "Code" text NOT NULL,
    "Name" text NOT NULL,
    "Description" text,
    "SortOrder" integer NOT NULL,
    "IsActive" boolean NOT NULL,
    "CreatedAt" timestamp with time zone NOT NULL,
    CONSTRAINT "PK_TaskPriorities" PRIMARY KEY ("Id")
);
2026-02-15 21:14:13.059 +00:00 [INF] Executed DbCommand (20ms) [Parameters=[], CommandType='"Text"', CommandTimeout='30']
CREATE TABLE "TestCasePriorities" (
    "Id" integer GENERATED BY DEFAULT AS IDENTITY,
    "Code" text NOT NULL,
    "Name" text NOT NULL,
    "Description" text,
    "SortOrder" integer NOT NULL,
    "IsActive" boolean NOT NULL,
    "CreatedAt" timestamp with time zone NOT NULL,
    CONSTRAINT "PK_TestCasePriorities" PRIMARY KEY ("Id")
);
2026-02-15 21:14:13.075 +00:00 [INF] Executed DbCommand (15ms) [Parameters=[], CommandType='"Text"', CommandTimeout='30']
CREATE TABLE "Users" (
    "Id" uuid NOT NULL,
    "Username" text NOT NULL,
    "Email" text NOT NULL,
    "PasswordHash" text NOT NULL,
    "FullName" text NOT NULL,
    "IsActive" boolean NOT NULL,
    "RefreshToken" text,
    "RefreshTokenExpiryTime" timestamp with time zone,
    "CreatedAt" timestamp with time zone NOT NULL,
    "UpdatedAt" timestamp with time zone,
    CONSTRAINT "PK_Users" PRIMARY KEY ("Id")
);
2026-02-15 21:14:13.096 +00:00 [INF] Executed DbCommand (20ms) [Parameters=[], CommandType='"Text"', CommandTimeout='30']
CREATE TABLE "KanbanBoards" (
    "Id" uuid NOT NULL,
    "ProjectId" uuid NOT NULL,
    "Name" text NOT NULL,
    "CreatedAt" timestamp with time zone NOT NULL,
    CONSTRAINT "PK_KanbanBoards" PRIMARY KEY ("Id"),
    CONSTRAINT "FK_KanbanBoards_Projects_ProjectId" FOREIGN KEY ("ProjectId") REFERENCES "Projects" ("Id") ON DELETE CASCADE
);
2026-02-15 21:14:13.114 +00:00 [INF] Executed DbCommand (17ms) [Parameters=[], CommandType='"Text"', CommandTimeout='30']
CREATE TABLE "TestSuites" (
    "Id" uuid NOT NULL,
    "ProjectId" uuid NOT NULL,
    "Name" text NOT NULL,
    "Description" text,
    "CreatedAt" timestamp with time zone NOT NULL,
    CONSTRAINT "PK_TestSuites" PRIMARY KEY ("Id"),
    CONSTRAINT "FK_TestSuites_Projects_ProjectId" FOREIGN KEY ("ProjectId") REFERENCES "Projects" ("Id") ON DELETE CASCADE
);
2026-02-15 21:14:13.125 +00:00 [INF] Executed DbCommand (10ms) [Parameters=[], CommandType='"Text"', CommandTimeout='30']
CREATE TABLE role_permissions (
    "RoleId" uuid NOT NULL,
    "PermissionId" uuid NOT NULL,
    "AssignedAt" timestamp with time zone NOT NULL,
    CONSTRAINT "PK_role_permissions" PRIMARY KEY ("RoleId", "PermissionId"),
    CONSTRAINT "FK_role_permissions_Permissions_PermissionId" FOREIGN KEY ("PermissionId") REFERENCES "Permissions" ("Id") ON DELETE CASCADE,
    CONSTRAINT "FK_role_permissions_Roles_RoleId" FOREIGN KEY ("RoleId") REFERENCES "Roles" ("Id") ON DELETE CASCADE
);
2026-02-15 21:14:13.138 +00:00 [INF] Executed DbCommand (12ms) [Parameters=[], CommandType='"Text"', CommandTimeout='30']
CREATE TABLE user_roles (
    "UserId" uuid NOT NULL,
    "RoleId" uuid NOT NULL,
    "AssignedAt" timestamp with time zone NOT NULL,
    CONSTRAINT "PK_user_roles" PRIMARY KEY ("UserId", "RoleId"),
    CONSTRAINT "FK_user_roles_Roles_RoleId" FOREIGN KEY ("RoleId") REFERENCES "Roles" ("Id") ON DELETE CASCADE,
    CONSTRAINT "FK_user_roles_Users_UserId" FOREIGN KEY ("UserId") REFERENCES "Users" ("Id") ON DELETE CASCADE
);
2026-02-15 21:14:13.218 +00:00 [INF] Executed DbCommand (45ms) [Parameters=[], CommandType='"Text"', CommandTimeout='30']
CREATE TABLE "KanbanColumns" (
    "Id" uuid NOT NULL,
    "KanbanBoardId" uuid NOT NULL,
    "Name" text NOT NULL,
    "OrderIndex" integer NOT NULL,
    "CreatedAt" timestamp with time zone NOT NULL,
    CONSTRAINT "PK_KanbanColumns" PRIMARY KEY ("Id"),
    CONSTRAINT "FK_KanbanColumns_KanbanBoards_KanbanBoardId" FOREIGN KEY ("KanbanBoardId") REFERENCES "KanbanBoards" ("Id") ON DELETE CASCADE
);
2026-02-15 21:14:13.253 +00:00 [INF] Executed DbCommand (28ms) [Parameters=[], CommandType='"Text"', CommandTimeout='30']
CREATE TABLE "TestCases" (
    "Id" uuid NOT NULL,
    "TestSuiteId" uuid NOT NULL,
    "Title" text NOT NULL,
    "Description" text,
    "Preconditions" text,
    "ExpectedResult" text NOT NULL,
    "PriorityId" integer NOT NULL,
    "IsActive" boolean NOT NULL,
    "CreatedAt" timestamp with time zone NOT NULL,
    "UpdatedAt" timestamp with time zone,
    CONSTRAINT "PK_TestCases" PRIMARY KEY ("Id"),
    CONSTRAINT "FK_TestCases_TestCasePriorities_PriorityId" FOREIGN KEY ("PriorityId") REFERENCES "TestCasePriorities" ("Id") ON DELETE CASCADE,
    CONSTRAINT "FK_TestCases_TestSuites_TestSuiteId" FOREIGN KEY ("TestSuiteId") REFERENCES "TestSuites" ("Id") ON DELETE CASCADE
);
2026-02-15 21:14:13.275 +00:00 [INF] Executed DbCommand (21ms) [Parameters=[], CommandType='"Text"', CommandTimeout='30']
CREATE TABLE "KanbanTasks" (
    "Id" uuid NOT NULL,
    "KanbanColumnId" uuid NOT NULL,
    "Title" text NOT NULL,
    "Description" text,
    "AssigneeId" uuid,
    "TestCaseId" uuid,
    "PriorityId" integer NOT NULL,
    "DueDate" timestamp with time zone,
    "OrderIndex" integer NOT NULL,
    "CreatedAt" timestamp with time zone NOT NULL,
    "UpdatedAt" timestamp with time zone,
    CONSTRAINT "PK_KanbanTasks" PRIMARY KEY ("Id"),
    CONSTRAINT "FK_KanbanTasks_KanbanColumns_KanbanColumnId" FOREIGN KEY ("KanbanColumnId") REFERENCES "KanbanColumns" ("Id") ON DELETE CASCADE,
    CONSTRAINT "FK_KanbanTasks_TaskPriorities_PriorityId" FOREIGN KEY ("PriorityId") REFERENCES "TaskPriorities" ("Id") ON DELETE CASCADE,
    CONSTRAINT "FK_KanbanTasks_TestCases_TestCaseId" FOREIGN KEY ("TestCaseId") REFERENCES "TestCases" ("Id"),
    CONSTRAINT "FK_KanbanTasks_Users_AssigneeId" FOREIGN KEY ("AssigneeId") REFERENCES "Users" ("Id")
);
2026-02-15 21:14:13.293 +00:00 [INF] Executed DbCommand (17ms) [Parameters=[], CommandType='"Text"', CommandTimeout='30']
CREATE TABLE test_executions (
    id uuid NOT NULL,
    test_case_id uuid NOT NULL,
    tester_id uuid NOT NULL,
    status_id integer NOT NULL,
    notes character varying(2000),
    execution_date timestamp with time zone NOT NULL DEFAULT (NOW()),
    completed_at timestamp with time zone,
    CONSTRAINT "PK_test_executions" PRIMARY KEY (id),
    CONSTRAINT "FK_test_executions_TestCases_test_case_id" FOREIGN KEY (test_case_id) REFERENCES "TestCases" ("Id") ON DELETE CASCADE,
    CONSTRAINT "FK_test_executions_Users_tester_id" FOREIGN KEY (tester_id) REFERENCES "Users" ("Id") ON DELETE RESTRICT,
    CONSTRAINT "FK_test_executions_execution_statuses_status_id" FOREIGN KEY (status_id) REFERENCES execution_statuses (id) ON DELETE RESTRICT
);
2026-02-15 21:14:13.312 +00:00 [INF] Executed DbCommand (18ms) [Parameters=[], CommandType='"Text"', CommandTimeout='30']
CREATE TABLE "TestSteps" (
    "Id" uuid NOT NULL,
    "TestCaseId" uuid NOT NULL,
    "StepOrder" integer NOT NULL,
    "Action" text NOT NULL,
    "ExpectedResult" text NOT NULL,
    CONSTRAINT "PK_TestSteps" PRIMARY KEY ("Id"),
    CONSTRAINT "FK_TestSteps_TestCases_TestCaseId" FOREIGN KEY ("TestCaseId") REFERENCES "TestCases" ("Id") ON DELETE CASCADE
);
2026-02-15 21:14:13.331 +00:00 [INF] Executed DbCommand (18ms) [Parameters=[], CommandType='"Text"', CommandTimeout='30']
CREATE TABLE "Evidences" (
    "Id" uuid NOT NULL,
    "TestExecutionId" uuid NOT NULL,
    "FileTypeId" integer NOT NULL,
    "FileName" text NOT NULL,
    "FilePath" text NOT NULL,
    "FileSize" bigint NOT NULL,
    "ContentType" text NOT NULL,
    "Description" text,
    "UploadedAt" timestamp with time zone NOT NULL,
    CONSTRAINT "PK_Evidences" PRIMARY KEY ("Id"),
    CONSTRAINT "FK_Evidences_EvidenceTypes_FileTypeId" FOREIGN KEY ("FileTypeId") REFERENCES "EvidenceTypes" ("Id") ON DELETE CASCADE,
    CONSTRAINT "FK_Evidences_test_executions_TestExecutionId" FOREIGN KEY ("TestExecutionId") REFERENCES test_executions (id) ON DELETE CASCADE
);
2026-02-15 21:14:13.353 +00:00 [INF] Executed DbCommand (21ms) [Parameters=[], CommandType='"Text"', CommandTimeout='30']
CREATE TABLE "ExecutionStepResults" (
    "Id" uuid NOT NULL,
    "TestExecutionId" uuid NOT NULL,
    "TestStepId" uuid NOT NULL,
    "StatusId" integer NOT NULL,
    "ActualResult" text,
    "Notes" text,
    "EvaluatedAt" timestamp with time zone NOT NULL,
    CONSTRAINT "PK_ExecutionStepResults" PRIMARY KEY ("Id"),
    CONSTRAINT "FK_ExecutionStepResults_StepResultStatuses_StatusId" FOREIGN KEY ("StatusId") REFERENCES "StepResultStatuses" ("Id") ON DELETE CASCADE,
    CONSTRAINT "FK_ExecutionStepResults_TestSteps_TestStepId" FOREIGN KEY ("TestStepId") REFERENCES "TestSteps" ("Id") ON DELETE CASCADE,
    CONSTRAINT "FK_ExecutionStepResults_test_executions_TestExecutionId" FOREIGN KEY ("TestExecutionId") REFERENCES test_executions (id) ON DELETE CASCADE
);
2026-02-15 21:14:13.365 +00:00 [INF] Executed DbCommand (10ms) [Parameters=[], CommandType='"Text"', CommandTimeout='30']
INSERT INTO "Permissions" ("Id", "Code", "CreatedAt", "Description", "Module")
VALUES ('41544143-4f4c-5347-5f4d-414e41474500', 'CATALOGS_MANAGE', TIMESTAMPTZ '2025-01-01T00:00:00Z', 'Administrar catálogos', 'Catalogs');
INSERT INTO "Permissions" ("Id", "Code", "CreatedAt", "Description", "Module")
VALUES ('41544143-4f4c-5347-5f56-494557000000', 'CATALOGS_VIEW', TIMESTAMPTZ '2025-01-01T00:00:00Z', 'Ver catálogos', 'Catalogs');
INSERT INTO "Permissions" ("Id", "Code", "CreatedAt", "Description", "Module")
VALUES ('424e414b-4e41-435f-5245-415445000000', 'KANBAN_CREATE', TIMESTAMPTZ '2025-01-01T00:00:00Z', 'Crear tableros/tareas', 'Kanban');
INSERT INTO "Permissions" ("Id", "Code", "CreatedAt", "Description", "Module")
VALUES ('424e414b-4e41-445f-454c-455445000000', 'KANBAN_DELETE', TIMESTAMPTZ '2025-01-01T00:00:00Z', 'Eliminar tareas', 'Kanban');
INSERT INTO "Permissions" ("Id", "Code", "CreatedAt", "Description", "Module")
VALUES ('424e414b-4e41-555f-5044-415445000000', 'KANBAN_UPDATE', TIMESTAMPTZ '2025-01-01T00:00:00Z', 'Mover tareas', 'Kanban');
INSERT INTO "Permissions" ("Id", "Code", "CreatedAt", "Description", "Module")
VALUES ('424e414b-4e41-565f-4945-570000000000', 'KANBAN_VIEW', TIMESTAMPTZ '2025-01-01T00:00:00Z', 'Ver tableros Kanban', 'Kanban');
INSERT INTO "Permissions" ("Id", "Code", "CreatedAt", "Description", "Module")
VALUES ('43455845-5455-4f49-4e53-5f4352454154', 'EXECUTIONS_CREATE', TIMESTAMPTZ '2025-01-01T00:00:00Z', 'Crear ejecuciones', 'Executions');
INSERT INTO "Permissions" ("Id", "Code", "CreatedAt", "Description", "Module")
VALUES ('43455845-5455-4f49-4e53-5f5550444154', 'EXECUTIONS_UPDATE', TIMESTAMPTZ '2025-01-01T00:00:00Z', 'Actualizar ejecuciones', 'Executions');
INSERT INTO "Permissions" ("Id", "Code", "CreatedAt", "Description", "Module")
VALUES ('43455845-5455-4f49-4e53-5f55504c4f41', 'EXECUTIONS_UPLOAD_EVIDENCE', TIMESTAMPTZ '2025-01-01T00:00:00Z', 'Subir evidencia', 'Executions');
INSERT INTO "Permissions" ("Id", "Code", "CreatedAt", "Description", "Module")
VALUES ('43455845-5455-4f49-4e53-5f5649455700', 'EXECUTIONS_VIEW', TIMESTAMPTZ '2025-01-01T00:00:00Z', 'Ver ejecuciones', 'Executions');
INSERT INTO "Permissions" ("Id", "Code", "CreatedAt", "Description", "Module")
VALUES ('454c4f52-5f53-4544-4c45-544500000000', 'ROLES_DELETE', TIMESTAMPTZ '2025-01-01T00:00:00Z', 'Eliminar roles', 'Roles');
INSERT INTO "Permissions" ("Id", "Code", "CreatedAt", "Description", "Module")
VALUES ('454c4f52-5f53-4956-4557-000000000000', 'ROLES_VIEW', TIMESTAMPTZ '2025-01-01T00:00:00Z', 'Ver roles', 'Roles');
INSERT INTO "Permissions" ("Id", "Code", "CreatedAt", "Description", "Module")
VALUES ('454c4f52-5f53-5055-4441-544500000000', 'ROLES_UPDATE', TIMESTAMPTZ '2025-01-01T00:00:00Z', 'Actualizar roles', 'Roles');
INSERT INTO "Permissions" ("Id", "Code", "CreatedAt", "Description", "Module")
VALUES ('454c4f52-5f53-5243-4541-544500000000', 'ROLES_CREATE', TIMESTAMPTZ '2025-01-01T00:00:00Z', 'Crear roles', 'Roles');
INSERT INTO "Permissions" ("Id", "Code", "CreatedAt", "Description", "Module")
VALUES ('454c4f52-5f53-5341-5349-474e5f504552', 'ROLES_ASSIGN_PERMISSIONS', TIMESTAMPTZ '2025-01-01T00:00:00Z', 'Asignar permisos a roles', 'Roles');
INSERT INTO "Permissions" ("Id", "Code", "CreatedAt", "Description", "Module")
VALUES ('48534144-4f42-5241-445f-564945570000', 'DASHBOARD_VIEW', TIMESTAMPTZ '2025-01-01T00:00:00Z', 'Ver dashboard', 'Dashboard');
INSERT INTO "Permissions" ("Id", "Code", "CreatedAt", "Description", "Module")
VALUES ('4a4f5250-4345-5354-5f43-524541544500', 'PROJECTS_CREATE', TIMESTAMPTZ '2025-01-01T00:00:00Z', 'Crear proyectos', 'Projects');
INSERT INTO "Permissions" ("Id", "Code", "CreatedAt", "Description", "Module")
VALUES ('4a4f5250-4345-5354-5f44-454c45544500', 'PROJECTS_DELETE', TIMESTAMPTZ '2025-01-01T00:00:00Z', 'Eliminar proyectos', 'Projects');
INSERT INTO "Permissions" ("Id", "Code", "CreatedAt", "Description", "Module")
VALUES ('4a4f5250-4345-5354-5f55-504441544500', 'PROJECTS_UPDATE', TIMESTAMPTZ '2025-01-01T00:00:00Z', 'Actualizar proyectos', 'Projects');
INSERT INTO "Permissions" ("Id", "Code", "CreatedAt", "Description", "Module")
VALUES ('4a4f5250-4345-5354-5f56-494557000000', 'PROJECTS_VIEW', TIMESTAMPTZ '2025-01-01T00:00:00Z', 'Ver proyectos', 'Projects');
INSERT INTO "Permissions" ("Id", "Code", "CreatedAt", "Description", "Module")
VALUES ('52455355-5f53-4544-4c45-544500000000', 'USERS_DELETE', TIMESTAMPTZ '2025-01-01T00:00:00Z', 'Eliminar usuarios', 'Users');
INSERT INTO "Permissions" ("Id", "Code", "CreatedAt", "Description", "Module")
VALUES ('52455355-5f53-4956-4557-000000000000', 'USERS_VIEW', TIMESTAMPTZ '2025-01-01T00:00:00Z', 'Ver usuarios', 'Users');
INSERT INTO "Permissions" ("Id", "Code", "CreatedAt", "Description", "Module")
VALUES ('52455355-5f53-5055-4441-544500000000', 'USERS_UPDATE', TIMESTAMPTZ '2025-01-01T00:00:00Z', 'Actualizar usuarios', 'Users');
INSERT INTO "Permissions" ("Id", "Code", "CreatedAt", "Description", "Module")
VALUES ('52455355-5f53-5243-4541-544500000000', 'USERS_CREATE', TIMESTAMPTZ '2025-01-01T00:00:00Z', 'Crear usuarios', 'Users');
INSERT INTO "Permissions" ("Id", "Code", "CreatedAt", "Description", "Module")
VALUES ('54534554-435f-5341-4553-5f4352454154', 'TEST_CASES_CREATE', TIMESTAMPTZ '2025-01-01T00:00:00Z', 'Crear casos de prueba', 'TestCases');
INSERT INTO "Permissions" ("Id", "Code", "CreatedAt", "Description", "Module")
VALUES ('54534554-435f-5341-4553-5f44454c4554', 'TEST_CASES_DELETE', TIMESTAMPTZ '2025-01-01T00:00:00Z', 'Eliminar casos de prueba', 'TestCases');
INSERT INTO "Permissions" ("Id", "Code", "CreatedAt", "Description", "Module")
VALUES ('54534554-435f-5341-4553-5f5550444154', 'TEST_CASES_UPDATE', TIMESTAMPTZ '2025-01-01T00:00:00Z', 'Actualizar casos de prueba', 'TestCases');
INSERT INTO "Permissions" ("Id", "Code", "CreatedAt", "Description", "Module")
VALUES ('54534554-435f-5341-4553-5f5649455700', 'TEST_CASES_VIEW', TIMESTAMPTZ '2025-01-01T00:00:00Z', 'Ver casos de prueba', 'TestCases');
2026-02-15 21:14:13.370 +00:00 [INF] Executed DbCommand (2ms) [Parameters=[], CommandType='"Text"', CommandTimeout='30']
INSERT INTO execution_statuses (id, code, created_at, description, is_active, name, sort_order)
VALUES (1, 'PENDING', TIMESTAMPTZ '2026-02-14T04:12:37.143236Z', 'Ejecución creada pero no iniciada.', TRUE, 'Pendiente', 1);
INSERT INTO execution_statuses (id, code, created_at, description, is_active, name, sort_order)
VALUES (2, 'IN_PROGRESS', TIMESTAMPTZ '2026-02-14T04:12:37.143238Z', 'Ejecución en curso.', TRUE, 'En Progreso', 2);
INSERT INTO execution_statuses (id, code, created_at, description, is_active, name, sort_order)
VALUES (3, 'PASSED', TIMESTAMPTZ '2026-02-14T04:12:37.143238Z', 'Todos los pasos exitosos.', TRUE, 'Aprobado', 3);
INSERT INTO execution_statuses (id, code, created_at, description, is_active, name, sort_order)
VALUES (4, 'FAILED', TIMESTAMPTZ '2026-02-14T04:12:37.143238Z', 'Al menos un paso falló.', TRUE, 'Fallido', 4);
INSERT INTO execution_statuses (id, code, created_at, description, is_active, name, sort_order)
VALUES (5, 'BLOCKED', TIMESTAMPTZ '2026-02-14T04:12:37.143239Z', 'Impedimento externo.', TRUE, 'Bloqueado', 5);
INSERT INTO execution_statuses (id, code, created_at, description, is_active, name, sort_order)
VALUES (6, 'SKIPPED', TIMESTAMPTZ '2026-02-14T04:12:37.143239Z', 'Omitido intencionalmente.', TRUE, 'Omitido', 6);
2026-02-15 21:14:13.386 +00:00 [INF] Executed DbCommand (15ms) [Parameters=[], CommandType='"Text"', CommandTimeout='30']
CREATE INDEX "IX_Evidences_FileTypeId" ON "Evidences" ("FileTypeId");
2026-02-15 21:14:13.396 +00:00 [INF] Executed DbCommand (9ms) [Parameters=[], CommandType='"Text"', CommandTimeout='30']
CREATE INDEX "IX_Evidences_TestExecutionId" ON "Evidences" ("TestExecutionId");
2026-02-15 21:14:13.407 +00:00 [INF] Executed DbCommand (10ms) [Parameters=[], CommandType='"Text"', CommandTimeout='30']
CREATE UNIQUE INDEX "IX_execution_statuses_code" ON execution_statuses (code);
2026-02-15 21:14:13.417 +00:00 [INF] Executed DbCommand (9ms) [Parameters=[], CommandType='"Text"', CommandTimeout='30']
CREATE INDEX "IX_ExecutionStepResults_StatusId" ON "ExecutionStepResults" ("StatusId");
2026-02-15 21:14:13.427 +00:00 [INF] Executed DbCommand (9ms) [Parameters=[], CommandType='"Text"', CommandTimeout='30']
CREATE INDEX "IX_ExecutionStepResults_TestExecutionId" ON "ExecutionStepResults" ("TestExecutionId");
2026-02-15 21:14:13.438 +00:00 [INF] Executed DbCommand (9ms) [Parameters=[], CommandType='"Text"', CommandTimeout='30']
CREATE INDEX "IX_ExecutionStepResults_TestStepId" ON "ExecutionStepResults" ("TestStepId");
2026-02-15 21:14:13.449 +00:00 [INF] Executed DbCommand (10ms) [Parameters=[], CommandType='"Text"', CommandTimeout='30']
CREATE INDEX "IX_KanbanBoards_ProjectId" ON "KanbanBoards" ("ProjectId");
2026-02-15 21:14:13.461 +00:00 [INF] Executed DbCommand (10ms) [Parameters=[], CommandType='"Text"', CommandTimeout='30']
CREATE INDEX "IX_KanbanColumns_KanbanBoardId" ON "KanbanColumns" ("KanbanBoardId");
2026-02-15 21:14:13.472 +00:00 [INF] Executed DbCommand (10ms) [Parameters=[], CommandType='"Text"', CommandTimeout='30']
CREATE INDEX "IX_KanbanTasks_AssigneeId" ON "KanbanTasks" ("AssigneeId");
2026-02-15 21:14:13.483 +00:00 [INF] Executed DbCommand (10ms) [Parameters=[], CommandType='"Text"', CommandTimeout='30']
CREATE INDEX "IX_KanbanTasks_KanbanColumnId" ON "KanbanTasks" ("KanbanColumnId");
2026-02-15 21:14:13.493 +00:00 [INF] Executed DbCommand (9ms) [Parameters=[], CommandType='"Text"', CommandTimeout='30']
CREATE INDEX "IX_KanbanTasks_PriorityId" ON "KanbanTasks" ("PriorityId");
2026-02-15 21:14:13.501 +00:00 [INF] Executed DbCommand (8ms) [Parameters=[], CommandType='"Text"', CommandTimeout='30']
CREATE INDEX "IX_KanbanTasks_TestCaseId" ON "KanbanTasks" ("TestCaseId");
2026-02-15 21:14:13.509 +00:00 [INF] Executed DbCommand (7ms) [Parameters=[], CommandType='"Text"', CommandTimeout='30']
CREATE INDEX "IX_role_permissions_PermissionId" ON role_permissions ("PermissionId");
2026-02-15 21:14:13.518 +00:00 [INF] Executed DbCommand (8ms) [Parameters=[], CommandType='"Text"', CommandTimeout='30']
CREATE INDEX "IX_test_executions_status_id" ON test_executions (status_id);
2026-02-15 21:14:13.527 +00:00 [INF] Executed DbCommand (8ms) [Parameters=[], CommandType='"Text"', CommandTimeout='30']
CREATE INDEX "IX_test_executions_test_case_id" ON test_executions (test_case_id);
2026-02-15 21:14:13.536 +00:00 [INF] Executed DbCommand (8ms) [Parameters=[], CommandType='"Text"', CommandTimeout='30']
CREATE INDEX "IX_test_executions_tester_id" ON test_executions (tester_id);
2026-02-15 21:14:13.547 +00:00 [INF] Executed DbCommand (10ms) [Parameters=[], CommandType='"Text"', CommandTimeout='30']
CREATE INDEX "IX_TestCases_PriorityId" ON "TestCases" ("PriorityId");
2026-02-15 21:14:13.560 +00:00 [INF] Executed DbCommand (12ms) [Parameters=[], CommandType='"Text"', CommandTimeout='30']
CREATE INDEX "IX_TestCases_TestSuiteId" ON "TestCases" ("TestSuiteId");
2026-02-15 21:14:13.572 +00:00 [INF] Executed DbCommand (11ms) [Parameters=[], CommandType='"Text"', CommandTimeout='30']
CREATE INDEX "IX_TestSteps_TestCaseId" ON "TestSteps" ("TestCaseId");
2026-02-15 21:14:13.582 +00:00 [INF] Executed DbCommand (9ms) [Parameters=[], CommandType='"Text"', CommandTimeout='30']
CREATE INDEX "IX_TestSuites_ProjectId" ON "TestSuites" ("ProjectId");
2026-02-15 21:14:13.592 +00:00 [INF] Executed DbCommand (9ms) [Parameters=[], CommandType='"Text"', CommandTimeout='30']
CREATE INDEX "IX_user_roles_RoleId" ON user_roles ("RoleId");
2026-02-15 21:14:13.596 +00:00 [INF] Executed DbCommand (3ms) [Parameters=[], CommandType='"Text"', CommandTimeout='30']
SELECT setval(
    pg_get_serial_sequence('execution_statuses', 'id'),
    GREATEST(
        (SELECT MAX(id) FROM execution_statuses) + 1,
        nextval(pg_get_serial_sequence('execution_statuses', 'id'))),
    false);
2026-02-15 21:14:13.598 +00:00 [INF] Executed DbCommand (1ms) [Parameters=[], CommandType='"Text"', CommandTimeout='30']
INSERT INTO "__EFMigrationsHistory" ("MigrationId", "ProductVersion")
VALUES ('20260214041238_InitialCreate', '8.0.11');
2026-02-15 21:14:13.609 +00:00 [INF] Applying migration '20260215192006_AddSystemSeeding'.
2026-02-15 21:14:13.686 +00:00 [INF] Executed DbCommand (6ms) [Parameters=[], CommandType='"Text"', CommandTimeout='30']
ALTER TABLE "Evidences" DROP CONSTRAINT "FK_Evidences_EvidenceTypes_FileTypeId";
2026-02-15 21:14:13.690 +00:00 [INF] Executed DbCommand (3ms) [Parameters=[], CommandType='"Text"', CommandTimeout='30']
ALTER TABLE "ExecutionStepResults" DROP CONSTRAINT "FK_ExecutionStepResults_StepResultStatuses_StatusId";
2026-02-15 21:14:13.695 +00:00 [INF] Executed DbCommand (3ms) [Parameters=[], CommandType='"Text"', CommandTimeout='30']
ALTER TABLE "KanbanTasks" DROP CONSTRAINT "FK_KanbanTasks_TaskPriorities_PriorityId";
2026-02-15 21:14:13.699 +00:00 [INF] Executed DbCommand (2ms) [Parameters=[], CommandType='"Text"', CommandTimeout='30']
ALTER TABLE "KanbanTasks" DROP CONSTRAINT "FK_KanbanTasks_Users_AssigneeId";
2026-02-15 21:14:13.702 +00:00 [INF] Executed DbCommand (2ms) [Parameters=[], CommandType='"Text"', CommandTimeout='30']
ALTER TABLE role_permissions DROP CONSTRAINT "FK_role_permissions_Roles_RoleId";
2026-02-15 21:14:13.704 +00:00 [INF] Executed DbCommand (2ms) [Parameters=[], CommandType='"Text"', CommandTimeout='30']
ALTER TABLE test_executions DROP CONSTRAINT "FK_test_executions_Users_tester_id";
2026-02-15 21:14:13.707 +00:00 [INF] Executed DbCommand (2ms) [Parameters=[], CommandType='"Text"', CommandTimeout='30']
ALTER TABLE "TestCases" DROP CONSTRAINT "FK_TestCases_TestCasePriorities_PriorityId";
2026-02-15 21:14:13.712 +00:00 [INF] Executed DbCommand (3ms) [Parameters=[], CommandType='"Text"', CommandTimeout='30']
ALTER TABLE user_roles DROP CONSTRAINT "FK_user_roles_Roles_RoleId";
2026-02-15 21:14:13.716 +00:00 [INF] Executed DbCommand (3ms) [Parameters=[], CommandType='"Text"', CommandTimeout='30']
ALTER TABLE user_roles DROP CONSTRAINT "FK_user_roles_Users_UserId";
2026-02-15 21:14:13.720 +00:00 [INF] Executed DbCommand (2ms) [Parameters=[], CommandType='"Text"', CommandTimeout='30']
ALTER TABLE "Users" DROP CONSTRAINT "PK_Users";
2026-02-15 21:14:13.722 +00:00 [INF] Executed DbCommand (1ms) [Parameters=[], CommandType='"Text"', CommandTimeout='30']
ALTER TABLE "Roles" DROP CONSTRAINT "PK_Roles";
2026-02-15 21:14:13.723 +00:00 [INF] Executed DbCommand (1ms) [Parameters=[], CommandType='"Text"', CommandTimeout='30']
ALTER TABLE "TestCasePriorities" DROP CONSTRAINT "PK_TestCasePriorities";
2026-02-15 21:14:13.726 +00:00 [INF] Executed DbCommand (1ms) [Parameters=[], CommandType='"Text"', CommandTimeout='30']
ALTER TABLE "TaskPriorities" DROP CONSTRAINT "PK_TaskPriorities";
2026-02-15 21:14:13.727 +00:00 [INF] Executed DbCommand (1ms) [Parameters=[], CommandType='"Text"', CommandTimeout='30']
ALTER TABLE "StepResultStatuses" DROP CONSTRAINT "PK_StepResultStatuses";
2026-02-15 21:14:13.729 +00:00 [INF] Executed DbCommand (1ms) [Parameters=[], CommandType='"Text"', CommandTimeout='30']
ALTER TABLE "EvidenceTypes" DROP CONSTRAINT "PK_EvidenceTypes";
2026-02-15 21:14:13.730 +00:00 [INF] Executed DbCommand (0ms) [Parameters=[], CommandType='"Text"', CommandTimeout='30']
ALTER TABLE "Users" RENAME TO users;
2026-02-15 21:14:13.731 +00:00 [INF] Executed DbCommand (0ms) [Parameters=[], CommandType='"Text"', CommandTimeout='30']
ALTER TABLE "Roles" RENAME TO roles;
2026-02-15 21:14:13.733 +00:00 [INF] Executed DbCommand (1ms) [Parameters=[], CommandType='"Text"', CommandTimeout='30']
ALTER TABLE "TestCasePriorities" RENAME TO test_case_priorities;
2026-02-15 21:14:13.734 +00:00 [INF] Executed DbCommand (0ms) [Parameters=[], CommandType='"Text"', CommandTimeout='30']
ALTER TABLE "TaskPriorities" RENAME TO task_priorities;
2026-02-15 21:14:13.735 +00:00 [INF] Executed DbCommand (0ms) [Parameters=[], CommandType='"Text"', CommandTimeout='30']
ALTER TABLE "StepResultStatuses" RENAME TO step_result_statuses;
2026-02-15 21:14:13.736 +00:00 [INF] Executed DbCommand (0ms) [Parameters=[], CommandType='"Text"', CommandTimeout='30']
ALTER TABLE "EvidenceTypes" RENAME TO evidence_types;
2026-02-15 21:14:13.737 +00:00 [INF] Executed DbCommand (1ms) [Parameters=[], CommandType='"Text"', CommandTimeout='30']
ALTER TABLE users RENAME COLUMN "Username" TO username;
2026-02-15 21:14:13.738 +00:00 [INF] Executed DbCommand (0ms) [Parameters=[], CommandType='"Text"', CommandTimeout='30']
ALTER TABLE users RENAME COLUMN "Email" TO email;
2026-02-15 21:14:13.739 +00:00 [INF] Executed DbCommand (1ms) [Parameters=[], CommandType='"Text"', CommandTimeout='30']
ALTER TABLE users RENAME COLUMN "Id" TO id;
2026-02-15 21:14:13.740 +00:00 [INF] Executed DbCommand (0ms) [Parameters=[], CommandType='"Text"', CommandTimeout='30']
ALTER TABLE users RENAME COLUMN "UpdatedAt" TO updated_at;
2026-02-15 21:14:13.740 +00:00 [INF] Executed DbCommand (0ms) [Parameters=[], CommandType='"Text"', CommandTimeout='30']
ALTER TABLE users RENAME COLUMN "RefreshTokenExpiryTime" TO refresh_token_expiry_time;
2026-02-15 21:14:13.741 +00:00 [INF] Executed DbCommand (0ms) [Parameters=[], CommandType='"Text"', CommandTimeout='30']
ALTER TABLE users RENAME COLUMN "RefreshToken" TO refresh_token;
2026-02-15 21:14:13.741 +00:00 [INF] Executed DbCommand (0ms) [Parameters=[], CommandType='"Text"', CommandTimeout='30']
ALTER TABLE users RENAME COLUMN "PasswordHash" TO password_hash;
2026-02-15 21:14:13.742 +00:00 [INF] Executed DbCommand (0ms) [Parameters=[], CommandType='"Text"', CommandTimeout='30']
ALTER TABLE users RENAME COLUMN "IsActive" TO is_active;
2026-02-15 21:14:13.742 +00:00 [INF] Executed DbCommand (0ms) [Parameters=[], CommandType='"Text"', CommandTimeout='30']
ALTER TABLE users RENAME COLUMN "FullName" TO full_name;
2026-02-15 21:14:13.743 +00:00 [INF] Executed DbCommand (0ms) [Parameters=[], CommandType='"Text"', CommandTimeout='30']
ALTER TABLE users RENAME COLUMN "CreatedAt" TO created_at;
2026-02-15 21:14:13.743 +00:00 [INF] Executed DbCommand (0ms) [Parameters=[], CommandType='"Text"', CommandTimeout='30']
ALTER TABLE roles RENAME COLUMN "Name" TO name;
2026-02-15 21:14:13.744 +00:00 [INF] Executed DbCommand (0ms) [Parameters=[], CommandType='"Text"', CommandTimeout='30']
ALTER TABLE roles RENAME COLUMN "Description" TO description;
2026-02-15 21:14:13.744 +00:00 [INF] Executed DbCommand (0ms) [Parameters=[], CommandType='"Text"', CommandTimeout='30']
ALTER TABLE roles RENAME COLUMN "Id" TO id;
2026-02-15 21:14:13.745 +00:00 [INF] Executed DbCommand (0ms) [Parameters=[], CommandType='"Text"', CommandTimeout='30']
ALTER TABLE roles RENAME COLUMN "IsActive" TO is_active;
2026-02-15 21:14:13.746 +00:00 [INF] Executed DbCommand (0ms) [Parameters=[], CommandType='"Text"', CommandTimeout='30']
ALTER TABLE roles RENAME COLUMN "CreatedAt" TO created_at;
2026-02-15 21:14:13.746 +00:00 [INF] Executed DbCommand (0ms) [Parameters=[], CommandType='"Text"', CommandTimeout='30']
ALTER TABLE test_case_priorities RENAME COLUMN "Name" TO name;
2026-02-15 21:14:13.747 +00:00 [INF] Executed DbCommand (0ms) [Parameters=[], CommandType='"Text"', CommandTimeout='30']
ALTER TABLE test_case_priorities RENAME COLUMN "Description" TO description;
2026-02-15 21:14:13.747 +00:00 [INF] Executed DbCommand (0ms) [Parameters=[], CommandType='"Text"', CommandTimeout='30']
ALTER TABLE test_case_priorities RENAME COLUMN "Code" TO code;
2026-02-15 21:14:13.748 +00:00 [INF] Executed DbCommand (0ms) [Parameters=[], CommandType='"Text"', CommandTimeout='30']
ALTER TABLE test_case_priorities RENAME COLUMN "Id" TO id;
2026-02-15 21:14:13.748 +00:00 [INF] Executed DbCommand (0ms) [Parameters=[], CommandType='"Text"', CommandTimeout='30']
ALTER TABLE test_case_priorities RENAME COLUMN "SortOrder" TO sort_order;
2026-02-15 21:14:13.749 +00:00 [INF] Executed DbCommand (0ms) [Parameters=[], CommandType='"Text"', CommandTimeout='30']
ALTER TABLE test_case_priorities RENAME COLUMN "IsActive" TO is_active;
2026-02-15 21:14:13.749 +00:00 [INF] Executed DbCommand (0ms) [Parameters=[], CommandType='"Text"', CommandTimeout='30']
ALTER TABLE test_case_priorities RENAME COLUMN "CreatedAt" TO created_at;
2026-02-15 21:14:13.750 +00:00 [INF] Executed DbCommand (0ms) [Parameters=[], CommandType='"Text"', CommandTimeout='30']
ALTER TABLE task_priorities RENAME COLUMN "Name" TO name;
2026-02-15 21:14:13.750 +00:00 [INF] Executed DbCommand (0ms) [Parameters=[], CommandType='"Text"', CommandTimeout='30']
ALTER TABLE task_priorities RENAME COLUMN "Description" TO description;
2026-02-15 21:14:13.751 +00:00 [INF] Executed DbCommand (0ms) [Parameters=[], CommandType='"Text"', CommandTimeout='30']
ALTER TABLE task_priorities RENAME COLUMN "Code" TO code;
2026-02-15 21:14:13.751 +00:00 [INF] Executed DbCommand (0ms) [Parameters=[], CommandType='"Text"', CommandTimeout='30']
ALTER TABLE task_priorities RENAME COLUMN "Id" TO id;
2026-02-15 21:14:13.752 +00:00 [INF] Executed DbCommand (0ms) [Parameters=[], CommandType='"Text"', CommandTimeout='30']
ALTER TABLE task_priorities RENAME COLUMN "SortOrder" TO sort_order;
2026-02-15 21:14:13.753 +00:00 [INF] Executed DbCommand (0ms) [Parameters=[], CommandType='"Text"', CommandTimeout='30']
ALTER TABLE task_priorities RENAME COLUMN "IsActive" TO is_active;
2026-02-15 21:14:13.753 +00:00 [INF] Executed DbCommand (0ms) [Parameters=[], CommandType='"Text"', CommandTimeout='30']
ALTER TABLE task_priorities RENAME COLUMN "CreatedAt" TO created_at;
2026-02-15 21:14:13.754 +00:00 [INF] Executed DbCommand (0ms) [Parameters=[], CommandType='"Text"', CommandTimeout='30']
ALTER TABLE step_result_statuses RENAME COLUMN "Name" TO name;
2026-02-15 21:14:13.754 +00:00 [INF] Executed DbCommand (0ms) [Parameters=[], CommandType='"Text"', CommandTimeout='30']
ALTER TABLE step_result_statuses RENAME COLUMN "Description" TO description;
2026-02-15 21:14:13.755 +00:00 [INF] Executed DbCommand (0ms) [Parameters=[], CommandType='"Text"', CommandTimeout='30']
ALTER TABLE step_result_statuses RENAME COLUMN "Code" TO code;
2026-02-15 21:14:13.755 +00:00 [INF] Executed DbCommand (0ms) [Parameters=[], CommandType='"Text"', CommandTimeout='30']
ALTER TABLE step_result_statuses RENAME COLUMN "Id" TO id;
2026-02-15 21:14:13.756 +00:00 [INF] Executed DbCommand (0ms) [Parameters=[], CommandType='"Text"', CommandTimeout='30']
ALTER TABLE step_result_statuses RENAME COLUMN "SortOrder" TO sort_order;
2026-02-15 21:14:13.756 +00:00 [INF] Executed DbCommand (0ms) [Parameters=[], CommandType='"Text"', CommandTimeout='30']
ALTER TABLE step_result_statuses RENAME COLUMN "IsActive" TO is_active;
2026-02-15 21:14:13.757 +00:00 [INF] Executed DbCommand (0ms) [Parameters=[], CommandType='"Text"', CommandTimeout='30']
ALTER TABLE step_result_statuses RENAME COLUMN "CreatedAt" TO created_at;
2026-02-15 21:14:13.757 +00:00 [INF] Executed DbCommand (0ms) [Parameters=[], CommandType='"Text"', CommandTimeout='30']
ALTER TABLE evidence_types RENAME COLUMN "Name" TO name;
2026-02-15 21:14:13.758 +00:00 [INF] Executed DbCommand (0ms) [Parameters=[], CommandType='"Text"', CommandTimeout='30']
ALTER TABLE evidence_types RENAME COLUMN "Description" TO description;
2026-02-15 21:14:13.758 +00:00 [INF] Executed DbCommand (0ms) [Parameters=[], CommandType='"Text"', CommandTimeout='30']
ALTER TABLE evidence_types RENAME COLUMN "Code" TO code;
2026-02-15 21:14:13.759 +00:00 [INF] Executed DbCommand (0ms) [Parameters=[], CommandType='"Text"', CommandTimeout='30']
ALTER TABLE evidence_types RENAME COLUMN "Id" TO id;
2026-02-15 21:14:13.759 +00:00 [INF] Executed DbCommand (0ms) [Parameters=[], CommandType='"Text"', CommandTimeout='30']
ALTER TABLE evidence_types RENAME COLUMN "SortOrder" TO sort_order;
2026-02-15 21:14:13.760 +00:00 [INF] Executed DbCommand (0ms) [Parameters=[], CommandType='"Text"', CommandTimeout='30']
ALTER TABLE evidence_types RENAME COLUMN "IsActive" TO is_active;
2026-02-15 21:14:13.761 +00:00 [INF] Executed DbCommand (0ms) [Parameters=[], CommandType='"Text"', CommandTimeout='30']
ALTER TABLE evidence_types RENAME COLUMN "CreatedAt" TO created_at;
2026-02-15 21:14:13.770 +00:00 [INF] Executed DbCommand (9ms) [Parameters=[], CommandType='"Text"', CommandTimeout='30']
ALTER TABLE users ALTER COLUMN username TYPE character varying(100);
2026-02-15 21:14:13.779 +00:00 [INF] Executed DbCommand (9ms) [Parameters=[], CommandType='"Text"', CommandTimeout='30']
ALTER TABLE users ALTER COLUMN email TYPE character varying(150);
2026-02-15 21:14:13.780 +00:00 [INF] Executed DbCommand (1ms) [Parameters=[], CommandType='"Text"', CommandTimeout='30']
ALTER TABLE users ALTER COLUMN is_active SET DEFAULT TRUE;
2026-02-15 21:14:13.790 +00:00 [INF] Executed DbCommand (9ms) [Parameters=[], CommandType='"Text"', CommandTimeout='30']
ALTER TABLE users ALTER COLUMN full_name TYPE character varying(200);
2026-02-15 21:14:13.792 +00:00 [INF] Executed DbCommand (1ms) [Parameters=[], CommandType='"Text"', CommandTimeout='30']
ALTER TABLE users ALTER COLUMN created_at SET DEFAULT (NOW());
2026-02-15 21:14:13.803 +00:00 [INF] Executed DbCommand (11ms) [Parameters=[], CommandType='"Text"', CommandTimeout='30']
ALTER TABLE roles ALTER COLUMN name TYPE character varying(100);
2026-02-15 21:14:13.816 +00:00 [INF] Executed DbCommand (12ms) [Parameters=[], CommandType='"Text"', CommandTimeout='30']
ALTER TABLE roles ALTER COLUMN description TYPE character varying(500);
2026-02-15 21:14:13.821 +00:00 [INF] Executed DbCommand (1ms) [Parameters=[], CommandType='"Text"', CommandTimeout='30']
ALTER TABLE roles ALTER COLUMN is_active SET DEFAULT TRUE;
2026-02-15 21:14:13.823 +00:00 [INF] Executed DbCommand (1ms) [Parameters=[], CommandType='"Text"', CommandTimeout='30']
ALTER TABLE roles ALTER COLUMN created_at SET DEFAULT (NOW());
2026-02-15 21:14:13.837 +00:00 [INF] Executed DbCommand (12ms) [Parameters=[], CommandType='"Text"', CommandTimeout='30']
ALTER TABLE test_case_priorities ALTER COLUMN name TYPE character varying(100);
2026-02-15 21:14:13.848 +00:00 [INF] Executed DbCommand (10ms) [Parameters=[], CommandType='"Text"', CommandTimeout='30']
ALTER TABLE test_case_priorities ALTER COLUMN description TYPE character varying(500);
2026-02-15 21:14:13.860 +00:00 [INF] Executed DbCommand (12ms) [Parameters=[], CommandType='"Text"', CommandTimeout='30']
ALTER TABLE test_case_priorities ALTER COLUMN code TYPE character varying(50);
2026-02-15 21:14:13.862 +00:00 [INF] Executed DbCommand (1ms) [Parameters=[], CommandType='"Text"', CommandTimeout='30']
ALTER TABLE test_case_priorities ALTER COLUMN sort_order SET DEFAULT 0;
2026-02-15 21:14:13.871 +00:00 [INF] Executed DbCommand (1ms) [Parameters=[], CommandType='"Text"', CommandTimeout='30']
ALTER TABLE test_case_priorities ALTER COLUMN is_active SET DEFAULT TRUE;
2026-02-15 21:14:13.873 +00:00 [INF] Executed DbCommand (1ms) [Parameters=[], CommandType='"Text"', CommandTimeout='30']
ALTER TABLE test_case_priorities ALTER COLUMN created_at SET DEFAULT (NOW());
2026-02-15 21:14:13.887 +00:00 [INF] Executed DbCommand (13ms) [Parameters=[], CommandType='"Text"', CommandTimeout='30']
ALTER TABLE task_priorities ALTER COLUMN name TYPE character varying(100);
2026-02-15 21:14:13.901 +00:00 [INF] Executed DbCommand (13ms) [Parameters=[], CommandType='"Text"', CommandTimeout='30']
ALTER TABLE task_priorities ALTER COLUMN description TYPE character varying(500);
2026-02-15 21:14:13.916 +00:00 [INF] Executed DbCommand (13ms) [Parameters=[], CommandType='"Text"', CommandTimeout='30']
ALTER TABLE task_priorities ALTER COLUMN code TYPE character varying(50);
2026-02-15 21:14:13.918 +00:00 [INF] Executed DbCommand (1ms) [Parameters=[], CommandType='"Text"', CommandTimeout='30']
ALTER TABLE task_priorities ALTER COLUMN sort_order SET DEFAULT 0;
2026-02-15 21:14:13.921 +00:00 [INF] Executed DbCommand (1ms) [Parameters=[], CommandType='"Text"', CommandTimeout='30']
ALTER TABLE task_priorities ALTER COLUMN is_active SET DEFAULT TRUE;
2026-02-15 21:14:13.923 +00:00 [INF] Executed DbCommand (1ms) [Parameters=[], CommandType='"Text"', CommandTimeout='30']
ALTER TABLE task_priorities ALTER COLUMN created_at SET DEFAULT (NOW());
2026-02-15 21:14:13.935 +00:00 [INF] Executed DbCommand (11ms) [Parameters=[], CommandType='"Text"', CommandTimeout='30']
ALTER TABLE step_result_statuses ALTER COLUMN name TYPE character varying(100);
2026-02-15 21:14:13.945 +00:00 [INF] Executed DbCommand (9ms) [Parameters=[], CommandType='"Text"', CommandTimeout='30']
ALTER TABLE step_result_statuses ALTER COLUMN description TYPE character varying(500);
2026-02-15 21:14:13.954 +00:00 [INF] Executed DbCommand (9ms) [Parameters=[], CommandType='"Text"', CommandTimeout='30']
ALTER TABLE step_result_statuses ALTER COLUMN code TYPE character varying(50);
2026-02-15 21:14:13.955 +00:00 [INF] Executed DbCommand (0ms) [Parameters=[], CommandType='"Text"', CommandTimeout='30']
ALTER TABLE step_result_statuses ALTER COLUMN sort_order SET DEFAULT 0;
2026-02-15 21:14:13.956 +00:00 [INF] Executed DbCommand (0ms) [Parameters=[], CommandType='"Text"', CommandTimeout='30']
ALTER TABLE step_result_statuses ALTER COLUMN is_active SET DEFAULT TRUE;
2026-02-15 21:14:13.957 +00:00 [INF] Executed DbCommand (0ms) [Parameters=[], CommandType='"Text"', CommandTimeout='30']
ALTER TABLE step_result_statuses ALTER COLUMN created_at SET DEFAULT (NOW());
2026-02-15 21:14:13.965 +00:00 [INF] Executed DbCommand (8ms) [Parameters=[], CommandType='"Text"', CommandTimeout='30']
ALTER TABLE evidence_types ALTER COLUMN name TYPE character varying(100);
2026-02-15 21:14:13.974 +00:00 [INF] Executed DbCommand (8ms) [Parameters=[], CommandType='"Text"', CommandTimeout='30']
ALTER TABLE evidence_types ALTER COLUMN description TYPE character varying(500);
2026-02-15 21:14:13.984 +00:00 [INF] Executed DbCommand (9ms) [Parameters=[], CommandType='"Text"', CommandTimeout='30']
ALTER TABLE evidence_types ALTER COLUMN code TYPE character varying(50);
2026-02-15 21:14:13.985 +00:00 [INF] Executed DbCommand (1ms) [Parameters=[], CommandType='"Text"', CommandTimeout='30']
ALTER TABLE evidence_types ALTER COLUMN sort_order SET DEFAULT 0;
2026-02-15 21:14:13.986 +00:00 [INF] Executed DbCommand (0ms) [Parameters=[], CommandType='"Text"', CommandTimeout='30']
ALTER TABLE evidence_types ALTER COLUMN is_active SET DEFAULT TRUE;
2026-02-15 21:14:13.987 +00:00 [INF] Executed DbCommand (0ms) [Parameters=[], CommandType='"Text"', CommandTimeout='30']
ALTER TABLE evidence_types ALTER COLUMN created_at SET DEFAULT (NOW());
2026-02-15 21:14:13.995 +00:00 [INF] Executed DbCommand (8ms) [Parameters=[], CommandType='"Text"', CommandTimeout='30']
ALTER TABLE users ADD CONSTRAINT "PK_users" PRIMARY KEY (id);
2026-02-15 21:14:14.004 +00:00 [INF] Executed DbCommand (8ms) [Parameters=[], CommandType='"Text"', CommandTimeout='30']
ALTER TABLE roles ADD CONSTRAINT "PK_roles" PRIMARY KEY (id);
2026-02-15 21:14:14.013 +00:00 [INF] Executed DbCommand (9ms) [Parameters=[], CommandType='"Text"', CommandTimeout='30']
ALTER TABLE test_case_priorities ADD CONSTRAINT "PK_test_case_priorities" PRIMARY KEY (id);
2026-02-15 21:14:14.031 +00:00 [INF] Executed DbCommand (17ms) [Parameters=[], CommandType='"Text"', CommandTimeout='30']
ALTER TABLE task_priorities ADD CONSTRAINT "PK_task_priorities" PRIMARY KEY (id);
2026-02-15 21:14:14.049 +00:00 [INF] Executed DbCommand (16ms) [Parameters=[], CommandType='"Text"', CommandTimeout='30']
ALTER TABLE step_result_statuses ADD CONSTRAINT "PK_step_result_statuses" PRIMARY KEY (id);
2026-02-15 21:14:14.060 +00:00 [INF] Executed DbCommand (11ms) [Parameters=[], CommandType='"Text"', CommandTimeout='30']
ALTER TABLE evidence_types ADD CONSTRAINT "PK_evidence_types" PRIMARY KEY (id);
2026-02-15 21:14:14.063 +00:00 [INF] Executed DbCommand (1ms) [Parameters=[], CommandType='"Text"', CommandTimeout='30']
INSERT INTO evidence_types (id, code, created_at, description, is_active, name, sort_order)
VALUES (1, 'IMAGE', TIMESTAMPTZ '2026-02-15T19:20:05.647548Z', NULL, TRUE, 'Imagen', 1);
INSERT INTO evidence_types (id, code, created_at, description, is_active, name, sort_order)
VALUES (2, 'VIDEO', TIMESTAMPTZ '2026-02-15T19:20:05.647548Z', NULL, TRUE, 'Video', 2);
INSERT INTO evidence_types (id, code, created_at, description, is_active, name, sort_order)
VALUES (3, 'DOCUMENT', TIMESTAMPTZ '2026-02-15T19:20:05.647549Z', NULL, TRUE, 'Documento', 3);
INSERT INTO evidence_types (id, code, created_at, description, is_active, name, sort_order)
VALUES (4, 'LOG_FILE', TIMESTAMPTZ '2026-02-15T19:20:05.647549Z', NULL, TRUE, 'Archivo de Log', 4);
2026-02-15 21:14:14.065 +00:00 [INF] Executed DbCommand (2ms) [Parameters=[], CommandType='"Text"', CommandTimeout='30']
UPDATE execution_statuses SET created_at = TIMESTAMPTZ '2026-02-15T19:20:05.648029Z'
WHERE id = 1;
2026-02-15 21:14:14.066 +00:00 [INF] Executed DbCommand (1ms) [Parameters=[], CommandType='"Text"', CommandTimeout='30']
UPDATE execution_statuses SET created_at = TIMESTAMPTZ '2026-02-15T19:20:05.648029Z'
WHERE id = 2;
2026-02-15 21:14:14.067 +00:00 [INF] Executed DbCommand (0ms) [Parameters=[], CommandType='"Text"', CommandTimeout='30']
UPDATE execution_statuses SET created_at = TIMESTAMPTZ '2026-02-15T19:20:05.648029Z'
WHERE id = 3;
2026-02-15 21:14:14.068 +00:00 [INF] Executed DbCommand (0ms) [Parameters=[], CommandType='"Text"', CommandTimeout='30']
UPDATE execution_statuses SET created_at = TIMESTAMPTZ '2026-02-15T19:20:05.648029Z'
WHERE id = 4;
2026-02-15 21:14:14.069 +00:00 [INF] Executed DbCommand (0ms) [Parameters=[], CommandType='"Text"', CommandTimeout='30']
UPDATE execution_statuses SET created_at = TIMESTAMPTZ '2026-02-15T19:20:05.64803Z'
WHERE id = 5;
2026-02-15 21:14:14.069 +00:00 [INF] Executed DbCommand (0ms) [Parameters=[], CommandType='"Text"', CommandTimeout='30']
UPDATE execution_statuses SET created_at = TIMESTAMPTZ '2026-02-15T19:20:05.64803Z'
WHERE id = 6;
2026-02-15 21:14:14.070 +00:00 [INF] Executed DbCommand (1ms) [Parameters=[], CommandType='"Text"', CommandTimeout='30']
INSERT INTO roles (id, created_at, description, is_active, name)
VALUES ('11111111-1111-1111-1111-111111111111', TIMESTAMPTZ '2025-01-01T00:00:00Z', 'Acceso total al sistema', TRUE, 'Administrator');
INSERT INTO roles (id, created_at, description, is_active, name)
VALUES ('22222222-2222-2222-2222-222222222222', TIMESTAMPTZ '2025-01-01T00:00:00Z', 'Ejecución y gestión de pruebas', TRUE, 'Tester');
2026-02-15 21:14:14.071 +00:00 [INF] Executed DbCommand (1ms) [Parameters=[], CommandType='"Text"', CommandTimeout='30']
INSERT INTO step_result_statuses (id, code, created_at, description, is_active, name, sort_order)
VALUES (1, 'NOT_EXECUTED', TIMESTAMPTZ '2026-02-15T19:20:05.649817Z', NULL, TRUE, 'No Ejecutado', 1);
INSERT INTO step_result_statuses (id, code, created_at, description, is_active, name, sort_order)
VALUES (2, 'PASSED', TIMESTAMPTZ '2026-02-15T19:20:05.649817Z', NULL, TRUE, 'Aprobado', 2);
INSERT INTO step_result_statuses (id, code, created_at, description, is_active, name, sort_order)
VALUES (3, 'FAILED', TIMESTAMPTZ '2026-02-15T19:20:05.649817Z', NULL, TRUE, 'Fallido', 3);
INSERT INTO step_result_statuses (id, code, created_at, description, is_active, name, sort_order)
VALUES (4, 'BLOCKED', TIMESTAMPTZ '2026-02-15T19:20:05.649817Z', NULL, TRUE, 'Bloqueado', 4);
2026-02-15 21:14:14.072 +00:00 [INF] Executed DbCommand (1ms) [Parameters=[], CommandType='"Text"', CommandTimeout='30']
INSERT INTO task_priorities (id, code, created_at, description, is_active, name, sort_order)
VALUES (1, 'LOW', TIMESTAMPTZ '2026-02-15T19:20:05.650146Z', NULL, TRUE, 'Baja', 1);
INSERT INTO task_priorities (id, code, created_at, description, is_active, name, sort_order)
VALUES (2, 'MEDIUM', TIMESTAMPTZ '2026-02-15T19:20:05.650147Z', NULL, TRUE, 'Media', 2);
INSERT INTO task_priorities (id, code, created_at, description, is_active, name, sort_order)
VALUES (3, 'HIGH', TIMESTAMPTZ '2026-02-15T19:20:05.650147Z', NULL, TRUE, 'Alta', 3);
INSERT INTO task_priorities (id, code, created_at, description, is_active, name, sort_order)
VALUES (4, 'CRITICAL', TIMESTAMPTZ '2026-02-15T19:20:05.650147Z', NULL, TRUE, 'Crítica', 4);
2026-02-15 21:14:14.073 +00:00 [INF] Executed DbCommand (1ms) [Parameters=[], CommandType='"Text"', CommandTimeout='30']
INSERT INTO test_case_priorities (id, code, created_at, description, is_active, name, sort_order)
VALUES (1, 'LOW', TIMESTAMPTZ '2026-02-15T19:20:05.650537Z', NULL, TRUE, 'Baja', 1);
INSERT INTO test_case_priorities (id, code, created_at, description, is_active, name, sort_order)
VALUES (2, 'MEDIUM', TIMESTAMPTZ '2026-02-15T19:20:05.650537Z', NULL, TRUE, 'Media', 2);
INSERT INTO test_case_priorities (id, code, created_at, description, is_active, name, sort_order)
VALUES (3, 'HIGH', TIMESTAMPTZ '2026-02-15T19:20:05.650537Z', NULL, TRUE, 'Alta', 3);
INSERT INTO test_case_priorities (id, code, created_at, description, is_active, name, sort_order)
VALUES (4, 'CRITICAL', TIMESTAMPTZ '2026-02-15T19:20:05.650537Z', NULL, TRUE, 'Crítica', 4);
2026-02-15 21:14:14.074 +00:00 [INF] Executed DbCommand (0ms) [Parameters=[], CommandType='"Text"', CommandTimeout='30']
INSERT INTO users (id, created_at, email, full_name, is_active, password_hash, refresh_token, refresh_token_expiry_time, updated_at, username)
VALUES ('99999999-9999-9999-9999-999999999999', TIMESTAMPTZ '2025-01-01T00:00:00Z', 'admin@qams.local', 'Administrador Base', TRUE, '$2a$12$R9h/LIPzKuOfSRR6M9V39u.BBzBRS7O.O80X9/b9L.p51v5FzE5x.', NULL, NULL, NULL, 'admin');
2026-02-15 21:14:14.076 +00:00 [INF] Executed DbCommand (2ms) [Parameters=[], CommandType='"Text"', CommandTimeout='30']
INSERT INTO role_permissions ("PermissionId", "RoleId", "AssignedAt")
VALUES ('41544143-4f4c-5347-5f4d-414e41474500', '11111111-1111-1111-1111-111111111111', TIMESTAMPTZ '2025-01-01T00:00:00Z');
INSERT INTO role_permissions ("PermissionId", "RoleId", "AssignedAt")
VALUES ('41544143-4f4c-5347-5f56-494557000000', '11111111-1111-1111-1111-111111111111', TIMESTAMPTZ '2025-01-01T00:00:00Z');
INSERT INTO role_permissions ("PermissionId", "RoleId", "AssignedAt")
VALUES ('424e414b-4e41-435f-5245-415445000000', '11111111-1111-1111-1111-111111111111', TIMESTAMPTZ '2025-01-01T00:00:00Z');
INSERT INTO role_permissions ("PermissionId", "RoleId", "AssignedAt")
VALUES ('424e414b-4e41-445f-454c-455445000000', '11111111-1111-1111-1111-111111111111', TIMESTAMPTZ '2025-01-01T00:00:00Z');
INSERT INTO role_permissions ("PermissionId", "RoleId", "AssignedAt")
VALUES ('424e414b-4e41-555f-5044-415445000000', '11111111-1111-1111-1111-111111111111', TIMESTAMPTZ '2025-01-01T00:00:00Z');
INSERT INTO role_permissions ("PermissionId", "RoleId", "AssignedAt")
VALUES ('424e414b-4e41-565f-4945-570000000000', '11111111-1111-1111-1111-111111111111', TIMESTAMPTZ '2025-01-01T00:00:00Z');
INSERT INTO role_permissions ("PermissionId", "RoleId", "AssignedAt")
VALUES ('43455845-5455-4f49-4e53-5f4352454154', '11111111-1111-1111-1111-111111111111', TIMESTAMPTZ '2025-01-01T00:00:00Z');
INSERT INTO role_permissions ("PermissionId", "RoleId", "AssignedAt")
VALUES ('43455845-5455-4f49-4e53-5f5550444154', '11111111-1111-1111-1111-111111111111', TIMESTAMPTZ '2025-01-01T00:00:00Z');
INSERT INTO role_permissions ("PermissionId", "RoleId", "AssignedAt")
VALUES ('43455845-5455-4f49-4e53-5f55504c4f41', '11111111-1111-1111-1111-111111111111', TIMESTAMPTZ '2025-01-01T00:00:00Z');
INSERT INTO role_permissions ("PermissionId", "RoleId", "AssignedAt")
VALUES ('43455845-5455-4f49-4e53-5f5649455700', '11111111-1111-1111-1111-111111111111', TIMESTAMPTZ '2025-01-01T00:00:00Z');
INSERT INTO role_permissions ("PermissionId", "RoleId", "AssignedAt")
VALUES ('454c4f52-5f53-4544-4c45-544500000000', '11111111-1111-1111-1111-111111111111', TIMESTAMPTZ '2025-01-01T00:00:00Z');
INSERT INTO role_permissions ("PermissionId", "RoleId", "AssignedAt")
VALUES ('454c4f52-5f53-4956-4557-000000000000', '11111111-1111-1111-1111-111111111111', TIMESTAMPTZ '2025-01-01T00:00:00Z');
INSERT INTO role_permissions ("PermissionId", "RoleId", "AssignedAt")
VALUES ('454c4f52-5f53-5055-4441-544500000000', '11111111-1111-1111-1111-111111111111', TIMESTAMPTZ '2025-01-01T00:00:00Z');
INSERT INTO role_permissions ("PermissionId", "RoleId", "AssignedAt")
VALUES ('454c4f52-5f53-5243-4541-544500000000', '11111111-1111-1111-1111-111111111111', TIMESTAMPTZ '2025-01-01T00:00:00Z');
INSERT INTO role_permissions ("PermissionId", "RoleId", "AssignedAt")
VALUES ('454c4f52-5f53-5341-5349-474e5f504552', '11111111-1111-1111-1111-111111111111', TIMESTAMPTZ '2025-01-01T00:00:00Z');
INSERT INTO role_permissions ("PermissionId", "RoleId", "AssignedAt")
VALUES ('48534144-4f42-5241-445f-564945570000', '11111111-1111-1111-1111-111111111111', TIMESTAMPTZ '2025-01-01T00:00:00Z');
INSERT INTO role_permissions ("PermissionId", "RoleId", "AssignedAt")
VALUES ('4a4f5250-4345-5354-5f43-524541544500', '11111111-1111-1111-1111-111111111111', TIMESTAMPTZ '2025-01-01T00:00:00Z');
INSERT INTO role_permissions ("PermissionId", "RoleId", "AssignedAt")
VALUES ('4a4f5250-4345-5354-5f44-454c45544500', '11111111-1111-1111-1111-111111111111', TIMESTAMPTZ '2025-01-01T00:00:00Z');
INSERT INTO role_permissions ("PermissionId", "RoleId", "AssignedAt")
VALUES ('4a4f5250-4345-5354-5f55-504441544500', '11111111-1111-1111-1111-111111111111', TIMESTAMPTZ '2025-01-01T00:00:00Z');
INSERT INTO role_permissions ("PermissionId", "RoleId", "AssignedAt")
VALUES ('4a4f5250-4345-5354-5f56-494557000000', '11111111-1111-1111-1111-111111111111', TIMESTAMPTZ '2025-01-01T00:00:00Z');
INSERT INTO role_permissions ("PermissionId", "RoleId", "AssignedAt")
VALUES ('52455355-5f53-4544-4c45-544500000000', '11111111-1111-1111-1111-111111111111', TIMESTAMPTZ '2025-01-01T00:00:00Z');
INSERT INTO role_permissions ("PermissionId", "RoleId", "AssignedAt")
VALUES ('52455355-5f53-4956-4557-000000000000', '11111111-1111-1111-1111-111111111111', TIMESTAMPTZ '2025-01-01T00:00:00Z');
INSERT INTO role_permissions ("PermissionId", "RoleId", "AssignedAt")
VALUES ('52455355-5f53-5055-4441-544500000000', '11111111-1111-1111-1111-111111111111', TIMESTAMPTZ '2025-01-01T00:00:00Z');
INSERT INTO role_permissions ("PermissionId", "RoleId", "AssignedAt")
VALUES ('52455355-5f53-5243-4541-544500000000', '11111111-1111-1111-1111-111111111111', TIMESTAMPTZ '2025-01-01T00:00:00Z');
INSERT INTO role_permissions ("PermissionId", "RoleId", "AssignedAt")
VALUES ('54534554-435f-5341-4553-5f4352454154', '11111111-1111-1111-1111-111111111111', TIMESTAMPTZ '2025-01-01T00:00:00Z');
INSERT INTO role_permissions ("PermissionId", "RoleId", "AssignedAt")
VALUES ('54534554-435f-5341-4553-5f44454c4554', '11111111-1111-1111-1111-111111111111', TIMESTAMPTZ '2025-01-01T00:00:00Z');
INSERT INTO role_permissions ("PermissionId", "RoleId", "AssignedAt")
VALUES ('54534554-435f-5341-4553-5f5550444154', '11111111-1111-1111-1111-111111111111', TIMESTAMPTZ '2025-01-01T00:00:00Z');
INSERT INTO role_permissions ("PermissionId", "RoleId", "AssignedAt")
VALUES ('54534554-435f-5341-4553-5f5649455700', '11111111-1111-1111-1111-111111111111', TIMESTAMPTZ '2025-01-01T00:00:00Z');
2026-02-15 21:14:14.077 +00:00 [INF] Executed DbCommand (1ms) [Parameters=[], CommandType='"Text"', CommandTimeout='30']
INSERT INTO user_roles ("RoleId", "UserId", "AssignedAt")
VALUES ('11111111-1111-1111-1111-111111111111', '99999999-9999-9999-9999-999999999999', TIMESTAMPTZ '2025-01-01T00:00:00Z');
2026-02-15 21:14:14.085 +00:00 [INF] Executed DbCommand (7ms) [Parameters=[], CommandType='"Text"', CommandTimeout='30']
CREATE UNIQUE INDEX "IX_users_email" ON users (email);
2026-02-15 21:14:14.093 +00:00 [INF] Executed DbCommand (8ms) [Parameters=[], CommandType='"Text"', CommandTimeout='30']
CREATE UNIQUE INDEX "IX_users_username" ON users (username);
2026-02-15 21:14:14.102 +00:00 [INF] Executed DbCommand (8ms) [Parameters=[], CommandType='"Text"', CommandTimeout='30']
CREATE UNIQUE INDEX "IX_roles_name" ON roles (name);
2026-02-15 21:14:14.111 +00:00 [INF] Executed DbCommand (9ms) [Parameters=[], CommandType='"Text"', CommandTimeout='30']
CREATE UNIQUE INDEX "IX_test_case_priorities_code" ON test_case_priorities (code);
2026-02-15 21:14:14.122 +00:00 [INF] Executed DbCommand (10ms) [Parameters=[], CommandType='"Text"', CommandTimeout='30']
CREATE UNIQUE INDEX "IX_task_priorities_code" ON task_priorities (code);
2026-02-15 21:14:14.133 +00:00 [INF] Executed DbCommand (10ms) [Parameters=[], CommandType='"Text"', CommandTimeout='30']
CREATE UNIQUE INDEX "IX_step_result_statuses_code" ON step_result_statuses (code);
2026-02-15 21:14:14.144 +00:00 [INF] Executed DbCommand (10ms) [Parameters=[], CommandType='"Text"', CommandTimeout='30']
CREATE UNIQUE INDEX "IX_evidence_types_code" ON evidence_types (code);
2026-02-15 21:14:14.147 +00:00 [INF] Executed DbCommand (2ms) [Parameters=[], CommandType='"Text"', CommandTimeout='30']
ALTER TABLE "Evidences" ADD CONSTRAINT "FK_Evidences_evidence_types_FileTypeId" FOREIGN KEY ("FileTypeId") REFERENCES evidence_types (id) ON DELETE CASCADE;
2026-02-15 21:14:14.150 +00:00 [INF] Executed DbCommand (2ms) [Parameters=[], CommandType='"Text"', CommandTimeout='30']
ALTER TABLE "ExecutionStepResults" ADD CONSTRAINT "FK_ExecutionStepResults_step_result_statuses_StatusId" FOREIGN KEY ("StatusId") REFERENCES step_result_statuses (id) ON DELETE CASCADE;
2026-02-15 21:14:14.153 +00:00 [INF] Executed DbCommand (2ms) [Parameters=[], CommandType='"Text"', CommandTimeout='30']
ALTER TABLE "KanbanTasks" ADD CONSTRAINT "FK_KanbanTasks_task_priorities_PriorityId" FOREIGN KEY ("PriorityId") REFERENCES task_priorities (id) ON DELETE CASCADE;
2026-02-15 21:14:14.156 +00:00 [INF] Executed DbCommand (2ms) [Parameters=[], CommandType='"Text"', CommandTimeout='30']
ALTER TABLE "KanbanTasks" ADD CONSTRAINT "FK_KanbanTasks_users_AssigneeId" FOREIGN KEY ("AssigneeId") REFERENCES users (id);
2026-02-15 21:14:14.158 +00:00 [INF] Executed DbCommand (2ms) [Parameters=[], CommandType='"Text"', CommandTimeout='30']
ALTER TABLE role_permissions ADD CONSTRAINT "FK_role_permissions_roles_RoleId" FOREIGN KEY ("RoleId") REFERENCES roles (id) ON DELETE CASCADE;
2026-02-15 21:14:14.160 +00:00 [INF] Executed DbCommand (2ms) [Parameters=[], CommandType='"Text"', CommandTimeout='30']
ALTER TABLE test_executions ADD CONSTRAINT "FK_test_executions_users_tester_id" FOREIGN KEY (tester_id) REFERENCES users (id) ON DELETE RESTRICT;
2026-02-15 21:14:14.162 +00:00 [INF] Executed DbCommand (1ms) [Parameters=[], CommandType='"Text"', CommandTimeout='30']
ALTER TABLE "TestCases" ADD CONSTRAINT "FK_TestCases_test_case_priorities_PriorityId" FOREIGN KEY ("PriorityId") REFERENCES test_case_priorities (id) ON DELETE CASCADE;
2026-02-15 21:14:14.164 +00:00 [INF] Executed DbCommand (1ms) [Parameters=[], CommandType='"Text"', CommandTimeout='30']
ALTER TABLE user_roles ADD CONSTRAINT "FK_user_roles_roles_RoleId" FOREIGN KEY ("RoleId") REFERENCES roles (id) ON DELETE CASCADE;
2026-02-15 21:14:14.165 +00:00 [INF] Executed DbCommand (1ms) [Parameters=[], CommandType='"Text"', CommandTimeout='30']
ALTER TABLE user_roles ADD CONSTRAINT "FK_user_roles_users_UserId" FOREIGN KEY ("UserId") REFERENCES users (id) ON DELETE CASCADE;
2026-02-15 21:14:14.167 +00:00 [INF] Executed DbCommand (1ms) [Parameters=[], CommandType='"Text"', CommandTimeout='30']
SELECT setval(
    pg_get_serial_sequence('evidence_types', 'id'),
    GREATEST(
        (SELECT MAX(id) FROM evidence_types) + 1,
        nextval(pg_get_serial_sequence('evidence_types', 'id'))),
    false);
SELECT setval(
    pg_get_serial_sequence('step_result_statuses', 'id'),
    GREATEST(
        (SELECT MAX(id) FROM step_result_statuses) + 1,
        nextval(pg_get_serial_sequence('step_result_statuses', 'id'))),
    false);
SELECT setval(
    pg_get_serial_sequence('task_priorities', 'id'),
    GREATEST(
        (SELECT MAX(id) FROM task_priorities) + 1,
        nextval(pg_get_serial_sequence('task_priorities', 'id'))),
    false);
SELECT setval(
    pg_get_serial_sequence('test_case_priorities', 'id'),
    GREATEST(
        (SELECT MAX(id) FROM test_case_priorities) + 1,
        nextval(pg_get_serial_sequence('test_case_priorities', 'id'))),
    false);
2026-02-15 21:14:14.168 +00:00 [INF] Executed DbCommand (0ms) [Parameters=[], CommandType='"Text"', CommandTimeout='30']
INSERT INTO "__EFMigrationsHistory" ("MigrationId", "ProductVersion")
VALUES ('20260215192006_AddSystemSeeding', '8.0.11');
2026-02-15 21:14:14.174 +00:00 [INF] Applying migration '20260215203955_StandardizeNaming'.
2026-02-15 21:14:14.195 +00:00 [INF] Executed DbCommand (1ms) [Parameters=[], CommandType='"Text"', CommandTimeout='30']
ALTER TABLE role_permissions DROP CONSTRAINT "FK_role_permissions_Permissions_PermissionId";
2026-02-15 21:14:14.196 +00:00 [INF] Executed DbCommand (1ms) [Parameters=[], CommandType='"Text"', CommandTimeout='30']
ALTER TABLE role_permissions DROP CONSTRAINT "FK_role_permissions_roles_RoleId";
2026-02-15 21:14:14.198 +00:00 [INF] Executed DbCommand (1ms) [Parameters=[], CommandType='"Text"', CommandTimeout='30']
ALTER TABLE user_roles DROP CONSTRAINT "FK_user_roles_roles_RoleId";
2026-02-15 21:14:14.199 +00:00 [INF] Executed DbCommand (1ms) [Parameters=[], CommandType='"Text"', CommandTimeout='30']
ALTER TABLE user_roles DROP CONSTRAINT "FK_user_roles_users_UserId";
2026-02-15 21:14:14.199 +00:00 [INF] Executed DbCommand (0ms) [Parameters=[], CommandType='"Text"', CommandTimeout='30']
ALTER TABLE "Permissions" DROP CONSTRAINT "PK_Permissions";
2026-02-15 21:14:14.200 +00:00 [INF] Executed DbCommand (0ms) [Parameters=[], CommandType='"Text"', CommandTimeout='30']
ALTER TABLE "Permissions" RENAME TO permissions;
2026-02-15 21:14:14.200 +00:00 [INF] Executed DbCommand (0ms) [Parameters=[], CommandType='"Text"', CommandTimeout='30']
ALTER TABLE user_roles RENAME COLUMN "AssignedAt" TO assigned_at;
2026-02-15 21:14:14.201 +00:00 [INF] Executed DbCommand (0ms) [Parameters=[], CommandType='"Text"', CommandTimeout='30']
ALTER TABLE user_roles RENAME COLUMN "RoleId" TO role_id;
2026-02-15 21:14:14.202 +00:00 [INF] Executed DbCommand (0ms) [Parameters=[], CommandType='"Text"', CommandTimeout='30']
ALTER TABLE user_roles RENAME COLUMN "UserId" TO user_id;
2026-02-15 21:14:14.203 +00:00 [INF] Executed DbCommand (0ms) [Parameters=[], CommandType='"Text"', CommandTimeout='30']
ALTER INDEX "IX_user_roles_RoleId" RENAME TO "IX_user_roles_role_id";
2026-02-15 21:14:14.204 +00:00 [INF] Executed DbCommand (0ms) [Parameters=[], CommandType='"Text"', CommandTimeout='30']
ALTER TABLE role_permissions RENAME COLUMN "AssignedAt" TO assigned_at;
2026-02-15 21:14:14.204 +00:00 [INF] Executed DbCommand (0ms) [Parameters=[], CommandType='"Text"', CommandTimeout='30']
ALTER TABLE role_permissions RENAME COLUMN "PermissionId" TO permission_id;
2026-02-15 21:14:14.205 +00:00 [INF] Executed DbCommand (0ms) [Parameters=[], CommandType='"Text"', CommandTimeout='30']
ALTER TABLE role_permissions RENAME COLUMN "RoleId" TO role_id;
2026-02-15 21:14:14.205 +00:00 [INF] Executed DbCommand (0ms) [Parameters=[], CommandType='"Text"', CommandTimeout='30']
ALTER INDEX "IX_role_permissions_PermissionId" RENAME TO "IX_role_permissions_permission_id";
2026-02-15 21:14:14.206 +00:00 [INF] Executed DbCommand (0ms) [Parameters=[], CommandType='"Text"', CommandTimeout='30']
ALTER TABLE permissions RENAME COLUMN "Module" TO module;
2026-02-15 21:14:14.206 +00:00 [INF] Executed DbCommand (0ms) [Parameters=[], CommandType='"Text"', CommandTimeout='30']
ALTER TABLE permissions RENAME COLUMN "Description" TO description;
2026-02-15 21:14:14.206 +00:00 [INF] Executed DbCommand (0ms) [Parameters=[], CommandType='"Text"', CommandTimeout='30']
ALTER TABLE permissions RENAME COLUMN "Code" TO code;
2026-02-15 21:14:14.207 +00:00 [INF] Executed DbCommand (0ms) [Parameters=[], CommandType='"Text"', CommandTimeout='30']
ALTER TABLE permissions RENAME COLUMN "Id" TO id;
2026-02-15 21:14:14.207 +00:00 [INF] Executed DbCommand (0ms) [Parameters=[], CommandType='"Text"', CommandTimeout='30']
ALTER TABLE permissions RENAME COLUMN "CreatedAt" TO created_at;
2026-02-15 21:14:14.216 +00:00 [INF] Executed DbCommand (8ms) [Parameters=[], CommandType='"Text"', CommandTimeout='30']
ALTER TABLE permissions ALTER COLUMN module TYPE character varying(100);
2026-02-15 21:14:14.226 +00:00 [INF] Executed DbCommand (10ms) [Parameters=[], CommandType='"Text"', CommandTimeout='30']
ALTER TABLE permissions ALTER COLUMN description TYPE character varying(500);
2026-02-15 21:14:14.236 +00:00 [INF] Executed DbCommand (9ms) [Parameters=[], CommandType='"Text"', CommandTimeout='30']
ALTER TABLE permissions ALTER COLUMN code TYPE character varying(100);
2026-02-15 21:14:14.237 +00:00 [INF] Executed DbCommand (1ms) [Parameters=[], CommandType='"Text"', CommandTimeout='30']
ALTER TABLE permissions ALTER COLUMN created_at SET DEFAULT (NOW());
2026-02-15 21:14:14.255 +00:00 [INF] Executed DbCommand (17ms) [Parameters=[], CommandType='"Text"', CommandTimeout='30']
ALTER TABLE permissions ADD CONSTRAINT "PK_permissions" PRIMARY KEY (id);
2026-02-15 21:14:14.257 +00:00 [INF] Executed DbCommand (1ms) [Parameters=[], CommandType='"Text"', CommandTimeout='30']
UPDATE evidence_types SET created_at = TIMESTAMPTZ '2026-02-15T20:39:53.949743Z'
WHERE id = 1;
2026-02-15 21:14:14.258 +00:00 [INF] Executed DbCommand (1ms) [Parameters=[], CommandType='"Text"', CommandTimeout='30']
UPDATE evidence_types SET created_at = TIMESTAMPTZ '2026-02-15T20:39:53.949743Z'
WHERE id = 2;
2026-02-15 21:14:14.260 +00:00 [INF] Executed DbCommand (1ms) [Parameters=[], CommandType='"Text"', CommandTimeout='30']
UPDATE evidence_types SET created_at = TIMESTAMPTZ '2026-02-15T20:39:53.949744Z'
WHERE id = 3;
2026-02-15 21:14:14.261 +00:00 [INF] Executed DbCommand (1ms) [Parameters=[], CommandType='"Text"', CommandTimeout='30']
UPDATE evidence_types SET created_at = TIMESTAMPTZ '2026-02-15T20:39:53.949744Z'
WHERE id = 4;
2026-02-15 21:14:14.262 +00:00 [INF] Executed DbCommand (0ms) [Parameters=[], CommandType='"Text"', CommandTimeout='30']
UPDATE execution_statuses SET created_at = TIMESTAMPTZ '2026-02-15T20:39:53.950681Z'
WHERE id = 1;
2026-02-15 21:14:14.262 +00:00 [INF] Executed DbCommand (0ms) [Parameters=[], CommandType='"Text"', CommandTimeout='30']
UPDATE execution_statuses SET created_at = TIMESTAMPTZ '2026-02-15T20:39:53.950682Z'
WHERE id = 2;
2026-02-15 21:14:14.263 +00:00 [INF] Executed DbCommand (0ms) [Parameters=[], CommandType='"Text"', CommandTimeout='30']
UPDATE execution_statuses SET created_at = TIMESTAMPTZ '2026-02-15T20:39:53.950682Z'
WHERE id = 3;
2026-02-15 21:14:14.263 +00:00 [INF] Executed DbCommand (0ms) [Parameters=[], CommandType='"Text"', CommandTimeout='30']
UPDATE execution_statuses SET created_at = TIMESTAMPTZ '2026-02-15T20:39:53.950683Z'
WHERE id = 4;
2026-02-15 21:14:14.264 +00:00 [INF] Executed DbCommand (0ms) [Parameters=[], CommandType='"Text"', CommandTimeout='30']
UPDATE execution_statuses SET created_at = TIMESTAMPTZ '2026-02-15T20:39:53.950683Z'
WHERE id = 5;
2026-02-15 21:14:14.264 +00:00 [INF] Executed DbCommand (0ms) [Parameters=[], CommandType='"Text"', CommandTimeout='30']
UPDATE execution_statuses SET created_at = TIMESTAMPTZ '2026-02-15T20:39:53.950683Z'
WHERE id = 6;
2026-02-15 21:14:14.265 +00:00 [INF] Executed DbCommand (1ms) [Parameters=[], CommandType='"Text"', CommandTimeout='30']
UPDATE step_result_statuses SET created_at = TIMESTAMPTZ '2026-02-15T20:39:53.954525Z'
WHERE id = 1;
2026-02-15 21:14:14.266 +00:00 [INF] Executed DbCommand (0ms) [Parameters=[], CommandType='"Text"', CommandTimeout='30']
UPDATE step_result_statuses SET created_at = TIMESTAMPTZ '2026-02-15T20:39:53.954525Z'
WHERE id = 2;
2026-02-15 21:14:14.267 +00:00 [INF] Executed DbCommand (0ms) [Parameters=[], CommandType='"Text"', CommandTimeout='30']
UPDATE step_result_statuses SET created_at = TIMESTAMPTZ '2026-02-15T20:39:53.954526Z'
WHERE id = 3;
2026-02-15 21:14:14.268 +00:00 [INF] Executed DbCommand (0ms) [Parameters=[], CommandType='"Text"', CommandTimeout='30']
UPDATE step_result_statuses SET created_at = TIMESTAMPTZ '2026-02-15T20:39:53.954526Z'
WHERE id = 4;
2026-02-15 21:14:14.269 +00:00 [INF] Executed DbCommand (1ms) [Parameters=[], CommandType='"Text"', CommandTimeout='30']
UPDATE task_priorities SET created_at = TIMESTAMPTZ '2026-02-15T20:39:53.955243Z'
WHERE id = 1;
2026-02-15 21:14:14.270 +00:00 [INF] Executed DbCommand (0ms) [Parameters=[], CommandType='"Text"', CommandTimeout='30']
UPDATE task_priorities SET created_at = TIMESTAMPTZ '2026-02-15T20:39:53.955244Z'
WHERE id = 2;
2026-02-15 21:14:14.270 +00:00 [INF] Executed DbCommand (0ms) [Parameters=[], CommandType='"Text"', CommandTimeout='30']
UPDATE task_priorities SET created_at = TIMESTAMPTZ '2026-02-15T20:39:53.955244Z'
WHERE id = 3;
2026-02-15 21:14:14.271 +00:00 [INF] Executed DbCommand (0ms) [Parameters=[], CommandType='"Text"', CommandTimeout='30']
UPDATE task_priorities SET created_at = TIMESTAMPTZ '2026-02-15T20:39:53.955244Z'
WHERE id = 4;
2026-02-15 21:14:14.271 +00:00 [INF] Executed DbCommand (1ms) [Parameters=[], CommandType='"Text"', CommandTimeout='30']
UPDATE test_case_priorities SET created_at = TIMESTAMPTZ '2026-02-15T20:39:53.955926Z'
WHERE id = 1;
2026-02-15 21:14:14.272 +00:00 [INF] Executed DbCommand (0ms) [Parameters=[], CommandType='"Text"', CommandTimeout='30']
UPDATE test_case_priorities SET created_at = TIMESTAMPTZ '2026-02-15T20:39:53.955926Z'
WHERE id = 2;
2026-02-15 21:14:14.272 +00:00 [INF] Executed DbCommand (0ms) [Parameters=[], CommandType='"Text"', CommandTimeout='30']
UPDATE test_case_priorities SET created_at = TIMESTAMPTZ '2026-02-15T20:39:53.955927Z'
WHERE id = 3;
2026-02-15 21:14:14.273 +00:00 [INF] Executed DbCommand (0ms) [Parameters=[], CommandType='"Text"', CommandTimeout='30']
UPDATE test_case_priorities SET created_at = TIMESTAMPTZ '2026-02-15T20:39:53.955927Z'
WHERE id = 4;
2026-02-15 21:14:14.274 +00:00 [INF] Executed DbCommand (1ms) [Parameters=[], CommandType='"Text"', CommandTimeout='30']
ALTER TABLE role_permissions ADD CONSTRAINT "FK_role_permissions_permissions_permission_id" FOREIGN KEY (permission_id) REFERENCES permissions (id) ON DELETE CASCADE;
2026-02-15 21:14:14.276 +00:00 [INF] Executed DbCommand (1ms) [Parameters=[], CommandType='"Text"', CommandTimeout='30']
ALTER TABLE role_permissions ADD CONSTRAINT "FK_role_permissions_roles_role_id" FOREIGN KEY (role_id) REFERENCES roles (id) ON DELETE CASCADE;
2026-02-15 21:14:14.277 +00:00 [INF] Executed DbCommand (1ms) [Parameters=[], CommandType='"Text"', CommandTimeout='30']
ALTER TABLE user_roles ADD CONSTRAINT "FK_user_roles_roles_role_id" FOREIGN KEY (role_id) REFERENCES roles (id) ON DELETE CASCADE;
2026-02-15 21:14:14.278 +00:00 [INF] Executed DbCommand (1ms) [Parameters=[], CommandType='"Text"', CommandTimeout='30']
ALTER TABLE user_roles ADD CONSTRAINT "FK_user_roles_users_user_id" FOREIGN KEY (user_id) REFERENCES users (id) ON DELETE CASCADE;
2026-02-15 21:14:14.279 +00:00 [INF] Executed DbCommand (0ms) [Parameters=[], CommandType='"Text"', CommandTimeout='30']
INSERT INTO "__EFMigrationsHistory" ("MigrationId", "ProductVersion")
VALUES ('20260215203955_StandardizeNaming', '8.0.11');
2026-02-15 21:14:14.288 +00:00 [INF] Database migrations applied.
2026-02-15 21:14:14.295 +00:00 [INF] Executed DbCommand (1ms) [Parameters=[], CommandType='"Text"', CommandTimeout='30']
SELECT EXISTS (
    SELECT 1 FROM pg_catalog.pg_class c
    JOIN pg_catalog.pg_namespace n ON n.oid=c.relnamespace
    WHERE n.nspname='public' AND
          c.relname='__EFMigrationsHistory'
)
2026-02-15 21:14:14.296 +00:00 [INF] Executed DbCommand (0ms) [Parameters=[], CommandType='"Text"', CommandTimeout='30']
SELECT "MigrationId", "ProductVersion"
FROM "__EFMigrationsHistory"
ORDER BY "MigrationId";
2026-02-15 21:14:14.362 +00:00 [INF] QAMS API iniciada en Docker.
2026-02-15 21:14:14.370 +00:00 [WRN] Storing keys in a directory '/root/.aspnet/DataProtection-Keys' that may not be persisted outside of the container. Protected data will be unavailable when container is destroyed. For more information go to https://aka.ms/aspnet/dataprotectionwarning
2026-02-15 21:14:14.371 +00:00 [INF] User profile is available. Using '/root/.aspnet/DataProtection-Keys' as key repository; keys will not be encrypted at rest.
2026-02-15 21:14:14.380 +00:00 [INF] Creating key {5f1b3cd9-0552-48ee-b245-9e31e5a3d379} with creation date 2026-02-15 21:14:14Z, activation date 2026-02-15 21:14:14Z, and expiration date 2026-05-16 21:14:14Z.
2026-02-15 21:14:14.386 +00:00 [WRN] No XML encryptor configured. Key {5f1b3cd9-0552-48ee-b245-9e31e5a3d379} may be persisted to storage in unencrypted form.
2026-02-15 21:14:14.390 +00:00 [INF] Writing data to file '/root/.aspnet/DataProtection-Keys/key-5f1b3cd9-0552-48ee-b245-9e31e5a3d379.xml'.
2026-02-15 21:14:14.399 +00:00 [WRN] Overriding HTTP_PORTS '8080' and HTTPS_PORTS ''. Binding to values defined by URLS instead 'http://+:8080'.
2026-02-15 21:14:14.412 +00:00 [WRN] The WebRootPath was not found: /app/wwwroot. Static files may be unavailable.
2026-02-15 21:14:14.430 +00:00 [INF] Now listening on: http://[::]:8080
2026-02-15 21:14:14.430 +00:00 [INF] Application started. Press Ctrl+C to shut down.
2026-02-15 21:14:14.431 +00:00 [INF] Hosting environment: Docker
2026-02-15 21:14:14.431 +00:00 [INF] Content root path: /app
2026-02-15 21:14:20.608 +00:00 [INF] Request starting HTTP/1.1 POST http://localhost:5000/api/auth/login - application/json 61
2026-02-15 21:14:20.736 +00:00 [INF] Executing endpoint 'QAMS.Api.Controllers.AuthController.Login (QAMS.Api)'
2026-02-15 21:14:20.787 +00:00 [INF] Route matched with {action = "Login", controller = "Auth"}. Executing controller action with signature System.Threading.Tasks.Task`1[Microsoft.AspNetCore.Mvc.IActionResult] Login(QAMS.Application.DTOs.Auth.LoginRequestDto) on controller QAMS.Api.Controllers.AuthController (QAMS.Api).
2026-02-15 21:14:20.898 +00:00 [INF] POST /api/auth/login - Usuario: admin
2026-02-15 21:14:20.902 +00:00 [INF] Intento de login: 'admin'.
2026-02-15 21:14:21.222 +00:00 [INF] Executed DbCommand (13ms) [Parameters=[@__username_0='?'], CommandType='"Text"', CommandTimeout='30']
SELECT u.id, u.created_at, u.email, u.full_name, u.is_active, u.password_hash, u.refresh_token, u.refresh_token_expiry_time, u.updated_at, u.username
FROM users AS u
WHERE u.username = @__username_0
ORDER BY u.id
LIMIT 1
2026-02-15 21:14:21.272 +00:00 [INF] Executed DbCommand (2ms) [Parameters=[@__username_0='?'], CommandType='"Text"', CommandTimeout='30']
SELECT t0.user_id, t0.role_id, t0.assigned_at, t0.id, t0.created_at, t0.description, t0.is_active, t0.name, t.id
FROM (
    SELECT u.id
    FROM users AS u
    WHERE u.username = @__username_0
    LIMIT 1
) AS t
INNER JOIN (
    SELECT u0.user_id, u0.role_id, u0.assigned_at, r.id, r.created_at, r.description, r.is_active, r.name
    FROM user_roles AS u0
    INNER JOIN roles AS r ON u0.role_id = r.id
) AS t0 ON t.id = t0.user_id
ORDER BY t.id, t0.user_id, t0.role_id, t0.id
2026-02-15 21:14:21.307 +00:00 [INF] Executed DbCommand (2ms) [Parameters=[@__username_0='?'], CommandType='"Text"', CommandTimeout='30']
SELECT t1.role_id, t1.permission_id, t1.assigned_at, t1.id, t1.code, t1.created_at, t1.description, t1.module, t.id, t0.user_id, t0.role_id, t0.id
FROM (
    SELECT u.id
    FROM users AS u
    WHERE u.username = @__username_0
    LIMIT 1
) AS t
INNER JOIN (
    SELECT u0.user_id, u0.role_id, r.id
    FROM user_roles AS u0
    INNER JOIN roles AS r ON u0.role_id = r.id
) AS t0 ON t.id = t0.user_id
INNER JOIN (
    SELECT r0.role_id, r0.permission_id, r0.assigned_at, p.id, p.code, p.created_at, p.description, p.module
    FROM role_permissions AS r0
    INNER JOIN permissions AS p ON r0.permission_id = p.id
) AS t1 ON t0.id = t1.role_id
ORDER BY t.id, t0.user_id, t0.role_id, t0.id
2026-02-15 21:14:22.024 +00:00 [WRN] Contraseña incorrecta para 'admin'.
2026-02-15 21:14:22.030 +00:00 [INF] Executed action QAMS.Api.Controllers.AuthController.Login (QAMS.Api) in 1240.0883ms
2026-02-15 21:14:22.032 +00:00 [INF] Executed endpoint 'QAMS.Api.Controllers.AuthController.Login (QAMS.Api)'
2026-02-15 21:14:22.034 +00:00 [WRN] Error de dominio: Credenciales inválidas.
QAMS.Domain.Exceptions.DomainException: Credenciales inválidas.
   at QAMS.Application.Services.AuthService.LoginAsync(LoginRequestDto request) in /src/src/QAMS.Application/Services/AuthService.cs:line 48
   at QAMS.Api.Controllers.AuthController.Login(LoginRequestDto request) in /src/src/QAMS.Api/Controllers/AuthController.cs:line 29
   at Microsoft.AspNetCore.Mvc.Infrastructure.ActionMethodExecutor.TaskOfIActionResultExecutor.Execute(ActionContext actionContext, IActionResultTypeMapper mapper, ObjectMethodExecutor executor, Object controller, Object[] arguments)
   at Microsoft.AspNetCore.Mvc.Infrastructure.ControllerActionInvoker.<InvokeActionMethodAsync>g__Awaited|12_0(ControllerActionInvoker invoker, ValueTask`1 actionResultValueTask)
   at Microsoft.AspNetCore.Mvc.Infrastructure.ControllerActionInvoker.<InvokeNextActionFilterAsync>g__Awaited|10_0(ControllerActionInvoker invoker, Task lastTask, State next, Scope scope, Object state, Boolean isCompleted)
   at Microsoft.AspNetCore.Mvc.Infrastructure.ControllerActionInvoker.Rethrow(ActionExecutedContextSealed context)
   at Microsoft.AspNetCore.Mvc.Infrastructure.ControllerActionInvoker.Next(State& next, Scope& scope, Object& state, Boolean& isCompleted)
   at Microsoft.AspNetCore.Mvc.Infrastructure.ControllerActionInvoker.<InvokeInnerFilterAsync>g__Awaited|13_0(ControllerActionInvoker invoker, Task lastTask, State next, Scope scope, Object state, Boolean isCompleted)
   at Microsoft.AspNetCore.Mvc.Infrastructure.ResourceInvoker.<InvokeFilterPipelineAsync>g__Awaited|20_0(ResourceInvoker invoker, Task lastTask, State next, Scope scope, Object state, Boolean isCompleted)
   at Microsoft.AspNetCore.Mvc.Infrastructure.ResourceInvoker.<InvokeAsync>g__Logged|17_1(ResourceInvoker invoker)
   at Microsoft.AspNetCore.Mvc.Infrastructure.ResourceInvoker.<InvokeAsync>g__Logged|17_1(ResourceInvoker invoker)
   at Microsoft.AspNetCore.Routing.EndpointMiddleware.<Invoke>g__AwaitRequestTask|7_0(Endpoint endpoint, Task requestTask, ILogger logger)
   at Microsoft.AspNetCore.Authorization.AuthorizationMiddleware.Invoke(HttpContext context)
   at Microsoft.AspNetCore.Authentication.AuthenticationMiddleware.Invoke(HttpContext context)
   at Swashbuckle.AspNetCore.SwaggerUI.SwaggerUIMiddleware.Invoke(HttpContext httpContext)
   at Swashbuckle.AspNetCore.Swagger.SwaggerMiddleware.Invoke(HttpContext httpContext, ISwaggerProvider swaggerProvider)
   at QAMS.Api.Middleware.ExceptionHandlingMiddleware.InvokeAsync(HttpContext context) in /src/src/QAMS.Api/Middleware/ExceptionHandlingMiddleware.cs:line 27
2026-02-15 21:14:22.062 +00:00 [INF] Request finished HTTP/1.1 POST http://localhost:5000/api/auth/login - 400 null application/json 1456.8389ms
2026-02-15 21:14:44.498 +00:00 [INF] Request starting HTTP/1.1 POST http://localhost:5000/api/auth/login - application/json 61
2026-02-15 21:14:44.504 +00:00 [INF] Executing endpoint 'QAMS.Api.Controllers.AuthController.Login (QAMS.Api)'
2026-02-15 21:14:44.505 +00:00 [INF] Route matched with {action = "Login", controller = "Auth"}. Executing controller action with signature System.Threading.Tasks.Task`1[Microsoft.AspNetCore.Mvc.IActionResult] Login(QAMS.Application.DTOs.Auth.LoginRequestDto) on controller QAMS.Api.Controllers.AuthController (QAMS.Api).
2026-02-15 21:14:44.555 +00:00 [INF] POST /api/auth/login - Usuario: admin
2026-02-15 21:14:44.555 +00:00 [INF] Intento de login: 'admin'.
2026-02-15 21:14:44.565 +00:00 [INF] Executed DbCommand (2ms) [Parameters=[@__username_0='?'], CommandType='"Text"', CommandTimeout='30']
SELECT u.id, u.created_at, u.email, u.full_name, u.is_active, u.password_hash, u.refresh_token, u.refresh_token_expiry_time, u.updated_at, u.username
FROM users AS u
WHERE u.username = @__username_0
ORDER BY u.id
LIMIT 1
2026-02-15 21:14:44.568 +00:00 [INF] Executed DbCommand (1ms) [Parameters=[@__username_0='?'], CommandType='"Text"', CommandTimeout='30']
SELECT t0.user_id, t0.role_id, t0.assigned_at, t0.id, t0.created_at, t0.description, t0.is_active, t0.name, t.id
FROM (
    SELECT u.id
    FROM users AS u
    WHERE u.username = @__username_0
    LIMIT 1
) AS t
INNER JOIN (
    SELECT u0.user_id, u0.role_id, u0.assigned_at, r.id, r.created_at, r.description, r.is_active, r.name
    FROM user_roles AS u0
    INNER JOIN roles AS r ON u0.role_id = r.id
) AS t0 ON t.id = t0.user_id
ORDER BY t.id, t0.user_id, t0.role_id, t0.id
2026-02-15 21:14:44.571 +00:00 [INF] Executed DbCommand (2ms) [Parameters=[@__username_0='?'], CommandType='"Text"', CommandTimeout='30']
SELECT t1.role_id, t1.permission_id, t1.assigned_at, t1.id, t1.code, t1.created_at, t1.description, t1.module, t.id, t0.user_id, t0.role_id, t0.id
FROM (
    SELECT u.id
    FROM users AS u
    WHERE u.username = @__username_0
    LIMIT 1
) AS t
INNER JOIN (
    SELECT u0.user_id, u0.role_id, r.id
    FROM user_roles AS u0
    INNER JOIN roles AS r ON u0.role_id = r.id
) AS t0 ON t.id = t0.user_id
INNER JOIN (
    SELECT r0.role_id, r0.permission_id, r0.assigned_at, p.id, p.code, p.created_at, p.description, p.module
    FROM role_permissions AS r0
    INNER JOIN permissions AS p ON r0.permission_id = p.id
) AS t1 ON t0.id = t1.role_id
ORDER BY t.id, t0.user_id, t0.role_id, t0.id
2026-02-15 21:14:44.830 +00:00 [WRN] Contraseña incorrecta para 'admin'.
2026-02-15 21:14:44.832 +00:00 [INF] Executed action QAMS.Api.Controllers.AuthController.Login (QAMS.Api) in 325.8522ms
2026-02-15 21:14:44.833 +00:00 [INF] Executed endpoint 'QAMS.Api.Controllers.AuthController.Login (QAMS.Api)'
2026-02-15 21:14:44.834 +00:00 [WRN] Error de dominio: Credenciales inválidas.
QAMS.Domain.Exceptions.DomainException: Credenciales inválidas.
   at QAMS.Application.Services.AuthService.LoginAsync(LoginRequestDto request) in /src/src/QAMS.Application/Services/AuthService.cs:line 48
   at QAMS.Api.Controllers.AuthController.Login(LoginRequestDto request) in /src/src/QAMS.Api/Controllers/AuthController.cs:line 29
   at Microsoft.AspNetCore.Mvc.Infrastructure.ActionMethodExecutor.TaskOfIActionResultExecutor.Execute(ActionContext actionContext, IActionResultTypeMapper mapper, ObjectMethodExecutor executor, Object controller, Object[] arguments)
   at Microsoft.AspNetCore.Mvc.Infrastructure.ControllerActionInvoker.<InvokeActionMethodAsync>g__Awaited|12_0(ControllerActionInvoker invoker, ValueTask`1 actionResultValueTask)
   at Microsoft.AspNetCore.Mvc.Infrastructure.ControllerActionInvoker.<InvokeNextActionFilterAsync>g__Awaited|10_0(ControllerActionInvoker invoker, Task lastTask, State next, Scope scope, Object state, Boolean isCompleted)
   at Microsoft.AspNetCore.Mvc.Infrastructure.ControllerActionInvoker.Rethrow(ActionExecutedContextSealed context)
   at Microsoft.AspNetCore.Mvc.Infrastructure.ControllerActionInvoker.Next(State& next, Scope& scope, Object& state, Boolean& isCompleted)
   at Microsoft.AspNetCore.Mvc.Infrastructure.ControllerActionInvoker.<InvokeInnerFilterAsync>g__Awaited|13_0(ControllerActionInvoker invoker, Task lastTask, State next, Scope scope, Object state, Boolean isCompleted)
   at Microsoft.AspNetCore.Mvc.Infrastructure.ResourceInvoker.<InvokeFilterPipelineAsync>g__Awaited|20_0(ResourceInvoker invoker, Task lastTask, State next, Scope scope, Object state, Boolean isCompleted)
   at Microsoft.AspNetCore.Mvc.Infrastructure.ResourceInvoker.<InvokeAsync>g__Logged|17_1(ResourceInvoker invoker)
   at Microsoft.AspNetCore.Mvc.Infrastructure.ResourceInvoker.<InvokeAsync>g__Logged|17_1(ResourceInvoker invoker)
   at Microsoft.AspNetCore.Routing.EndpointMiddleware.<Invoke>g__AwaitRequestTask|7_0(Endpoint endpoint, Task requestTask, ILogger logger)
   at Microsoft.AspNetCore.Authorization.AuthorizationMiddleware.Invoke(HttpContext context)
   at Microsoft.AspNetCore.Authentication.AuthenticationMiddleware.Invoke(HttpContext context)
   at Swashbuckle.AspNetCore.SwaggerUI.SwaggerUIMiddleware.Invoke(HttpContext httpContext)
   at Swashbuckle.AspNetCore.Swagger.SwaggerMiddleware.Invoke(HttpContext httpContext, ISwaggerProvider swaggerProvider)
   at QAMS.Api.Middleware.ExceptionHandlingMiddleware.InvokeAsync(HttpContext context) in /src/src/QAMS.Api/Middleware/ExceptionHandlingMiddleware.cs:line 27
2026-02-15 21:14:44.836 +00:00 [INF] Request finished HTTP/1.1 POST http://localhost:5000/api/auth/login - 400 null application/json 337.9344ms
2026-02-15 21:14:59.491 +00:00 [INF] Request starting HTTP/1.1 POST http://localhost:5000/api/auth/register - application/json 129
2026-02-15 21:14:59.497 +00:00 [INF] Executing endpoint 'QAMS.Api.Controllers.AuthController.Register (QAMS.Api)'
2026-02-15 21:14:59.503 +00:00 [INF] Route matched with {action = "Register", controller = "Auth"}. Executing controller action with signature System.Threading.Tasks.Task`1[Microsoft.AspNetCore.Mvc.IActionResult] Register(QAMS.Application.DTOs.Auth.RegisterRequestDto) on controller QAMS.Api.Controllers.AuthController (QAMS.Api).
2026-02-15 21:14:59.515 +00:00 [INF] POST /api/auth/register - Usuario: tempuser
2026-02-15 21:14:59.517 +00:00 [INF] Registro: 'tempuser'.
2026-02-15 21:14:59.535 +00:00 [INF] Executed DbCommand (2ms) [Parameters=[@__username_0='?'], CommandType='"Text"', CommandTimeout='30']
SELECT u.id, u.created_at, u.email, u.full_name, u.is_active, u.password_hash, u.refresh_token, u.refresh_token_expiry_time, u.updated_at, u.username
FROM users AS u
WHERE u.username = @__username_0
LIMIT 1
2026-02-15 21:14:59.548 +00:00 [INF] Executed DbCommand (2ms) [Parameters=[@__email_0='?'], CommandType='"Text"', CommandTimeout='30']
SELECT u.id, u.created_at, u.email, u.full_name, u.is_active, u.password_hash, u.refresh_token, u.refresh_token_expiry_time, u.updated_at, u.username
FROM users AS u
WHERE u.email = @__email_0
LIMIT 1
2026-02-15 21:14:59.843 +00:00 [INF] Executed DbCommand (6ms) [Parameters=[@p0='?' (DbType = Guid), @p1='?' (DbType = DateTime), @p2='?', @p3='?', @p4='?', @p5='?', @p6='?' (DbType = DateTime), @p7='?' (DbType = DateTime), @p8='?'], CommandType='"Text"', CommandTimeout='30']
INSERT INTO users (id, created_at, email, full_name, password_hash, refresh_token, refresh_token_expiry_time, updated_at, username)
VALUES (@p0, @p1, @p2, @p3, @p4, @p5, @p6, @p7, @p8)
RETURNING is_active;
2026-02-15 21:14:59.854 +00:00 [INF] 1 cambios persistidos.
2026-02-15 21:14:59.855 +00:00 [INF] Usuario registrado: 'tempuser' ("0347d7bd-ad4f-4e47-9db9-cb4097651c4d").
2026-02-15 21:14:59.855 +00:00 [INF] Intento de login: 'tempuser'.
2026-02-15 21:14:59.857 +00:00 [INF] Executed DbCommand (1ms) [Parameters=[@__username_0='?'], CommandType='"Text"', CommandTimeout='30']
SELECT u.id, u.created_at, u.email, u.full_name, u.is_active, u.password_hash, u.refresh_token, u.refresh_token_expiry_time, u.updated_at, u.username
FROM users AS u
WHERE u.username = @__username_0
ORDER BY u.id
LIMIT 1
2026-02-15 21:14:59.859 +00:00 [INF] Executed DbCommand (1ms) [Parameters=[@__username_0='?'], CommandType='"Text"', CommandTimeout='30']
SELECT t0.user_id, t0.role_id, t0.assigned_at, t0.id, t0.created_at, t0.description, t0.is_active, t0.name, t.id
FROM (
    SELECT u.id
    FROM users AS u
    WHERE u.username = @__username_0
    LIMIT 1
) AS t
INNER JOIN (
    SELECT u0.user_id, u0.role_id, u0.assigned_at, r.id, r.created_at, r.description, r.is_active, r.name
    FROM user_roles AS u0
    INNER JOIN roles AS r ON u0.role_id = r.id
) AS t0 ON t.id = t0.user_id
ORDER BY t.id, t0.user_id, t0.role_id, t0.id
2026-02-15 21:15:00.096 +00:00 [INF] Obteniendo permisos del usuario '"0347d7bd-ad4f-4e47-9db9-cb4097651c4d"'.
2026-02-15 21:15:00.110 +00:00 [INF] Executed DbCommand (2ms) [Parameters=[@__userId_0='?' (DbType = Guid)], CommandType='"Text"', CommandTimeout='30']
SELECT DISTINCT p.code
FROM user_roles AS u
INNER JOIN roles AS r ON u.role_id = r.id
INNER JOIN role_permissions AS r0 ON r.id = r0.role_id
INNER JOIN permissions AS p ON r0.permission_id = p.id
WHERE u.user_id = @__userId_0
2026-02-15 21:15:00.112 +00:00 [INF] Usuario '"0347d7bd-ad4f-4e47-9db9-cb4097651c4d"' tiene 0 permisos.
2026-02-15 21:15:00.137 +00:00 [INF] Executed DbCommand (5ms) [Parameters=[@p9='?' (DbType = Guid), @p0='?' (DbType = DateTime), @p1='?', @p2='?', @p3='?' (DbType = Boolean), @p4='?', @p5='?', @p6='?' (DbType = DateTime), @p7='?' (DbType = DateTime), @p8='?'], CommandType='"Text"', CommandTimeout='30']
UPDATE users SET created_at = @p0, email = @p1, full_name = @p2, is_active = @p3, password_hash = @p4, refresh_token = @p5, refresh_token_expiry_time = @p6, updated_at = @p7, username = @p8
WHERE id = @p9;
2026-02-15 21:15:00.140 +00:00 [INF] 1 cambios persistidos.
2026-02-15 21:15:00.141 +00:00 [INF] Login exitoso: 'tempuser', 0 permisos.
2026-02-15 21:15:00.145 +00:00 [INF] Executing CreatedResult, writing value of type 'QAMS.Application.DTOs.Auth.LoginResponseDto'.
2026-02-15 21:15:00.158 +00:00 [INF] Executed action QAMS.Api.Controllers.AuthController.Register (QAMS.Api) in 653.8237ms
2026-02-15 21:15:00.158 +00:00 [INF] Executed endpoint 'QAMS.Api.Controllers.AuthController.Register (QAMS.Api)'
2026-02-15 21:15:00.159 +00:00 [INF] Request finished HTTP/1.1 POST http://localhost:5000/api/auth/register - 201 null application/json; charset=utf-8 667.9829ms
2026-02-15 21:18:37.897 +00:00 [INF] Application is shutting down...
2026-02-15 21:18:54.744 +00:00 [INF] Executed DbCommand (37ms) [Parameters=[], CommandType='"Text"', CommandTimeout='30']
SELECT EXISTS (
    SELECT 1 FROM pg_catalog.pg_class c
    JOIN pg_catalog.pg_namespace n ON n.oid=c.relnamespace
    WHERE n.nspname='public' AND
          c.relname='__EFMigrationsHistory'
)
2026-02-15 21:18:54.810 +00:00 [INF] Executed DbCommand (3ms) [Parameters=[], CommandType='"Text"', CommandTimeout='30']
SELECT EXISTS (
    SELECT 1 FROM pg_catalog.pg_class c
    JOIN pg_catalog.pg_namespace n ON n.oid=c.relnamespace
    WHERE n.nspname='public' AND
          c.relname='__EFMigrationsHistory'
)
2026-02-15 21:18:54.879 +00:00 [INF] Executed DbCommand (16ms) [Parameters=[], CommandType='"Text"', CommandTimeout='30']
CREATE TABLE "__EFMigrationsHistory" (
    "MigrationId" character varying(150) NOT NULL,
    "ProductVersion" character varying(32) NOT NULL,
    CONSTRAINT "PK___EFMigrationsHistory" PRIMARY KEY ("MigrationId")
);
2026-02-15 21:18:54.888 +00:00 [INF] Executed DbCommand (1ms) [Parameters=[], CommandType='"Text"', CommandTimeout='30']
SELECT EXISTS (
    SELECT 1 FROM pg_catalog.pg_class c
    JOIN pg_catalog.pg_namespace n ON n.oid=c.relnamespace
    WHERE n.nspname='public' AND
          c.relname='__EFMigrationsHistory'
)
2026-02-15 21:18:54.892 +00:00 [INF] Executed DbCommand (1ms) [Parameters=[], CommandType='"Text"', CommandTimeout='30']
SELECT "MigrationId", "ProductVersion"
FROM "__EFMigrationsHistory"
ORDER BY "MigrationId";
2026-02-15 21:18:54.903 +00:00 [INF] Applying migration '20260214041238_InitialCreate'.
2026-02-15 21:18:54.994 +00:00 [INF] Executed DbCommand (16ms) [Parameters=[], CommandType='"Text"', CommandTimeout='30']
CREATE TABLE "EvidenceTypes" (
    "Id" integer GENERATED BY DEFAULT AS IDENTITY,
    "Code" text NOT NULL,
    "Name" text NOT NULL,
    "Description" text,
    "SortOrder" integer NOT NULL,
    "IsActive" boolean NOT NULL,
    "CreatedAt" timestamp with time zone NOT NULL,
    CONSTRAINT "PK_EvidenceTypes" PRIMARY KEY ("Id")
);
2026-02-15 21:18:55.014 +00:00 [INF] Executed DbCommand (19ms) [Parameters=[], CommandType='"Text"', CommandTimeout='30']
CREATE TABLE execution_statuses (
    id integer GENERATED BY DEFAULT AS IDENTITY,
    code character varying(50) NOT NULL,
    name character varying(100) NOT NULL,
    description character varying(500),
    sort_order integer NOT NULL DEFAULT 0,
    is_active boolean NOT NULL DEFAULT TRUE,
    created_at timestamp with time zone NOT NULL DEFAULT (NOW()),
    CONSTRAINT "PK_execution_statuses" PRIMARY KEY (id)
);
2026-02-15 21:18:55.041 +00:00 [INF] Executed DbCommand (26ms) [Parameters=[], CommandType='"Text"', CommandTimeout='30']
CREATE TABLE "Permissions" (
    "Id" uuid NOT NULL,
    "Code" text NOT NULL,
    "Description" text NOT NULL,
    "Module" text NOT NULL,
    "CreatedAt" timestamp with time zone NOT NULL,
    CONSTRAINT "PK_Permissions" PRIMARY KEY ("Id")
);
2026-02-15 21:18:55.060 +00:00 [INF] Executed DbCommand (18ms) [Parameters=[], CommandType='"Text"', CommandTimeout='30']
CREATE TABLE "Projects" (
    "Id" uuid NOT NULL,
    "Name" text NOT NULL,
    "Description" text,
    "IsActive" boolean NOT NULL,
    "CreatedAt" timestamp with time zone NOT NULL,
    "UpdatedAt" timestamp with time zone,
    CONSTRAINT "PK_Projects" PRIMARY KEY ("Id")
);
2026-02-15 21:18:55.082 +00:00 [INF] Executed DbCommand (20ms) [Parameters=[], CommandType='"Text"', CommandTimeout='30']
CREATE TABLE "Roles" (
    "Id" uuid NOT NULL,
    "Name" text NOT NULL,
    "Description" text,
    "IsActive" boolean NOT NULL,
    "CreatedAt" timestamp with time zone NOT NULL,
    CONSTRAINT "PK_Roles" PRIMARY KEY ("Id")
);
2026-02-15 21:18:55.102 +00:00 [INF] Executed DbCommand (19ms) [Parameters=[], CommandType='"Text"', CommandTimeout='30']
CREATE TABLE "StepResultStatuses" (
    "Id" integer GENERATED BY DEFAULT AS IDENTITY,
    "Code" text NOT NULL,
    "Name" text NOT NULL,
    "Description" text,
    "SortOrder" integer NOT NULL,
    "IsActive" boolean NOT NULL,
    "CreatedAt" timestamp with time zone NOT NULL,
    CONSTRAINT "PK_StepResultStatuses" PRIMARY KEY ("Id")
);
2026-02-15 21:18:55.123 +00:00 [INF] Executed DbCommand (17ms) [Parameters=[], CommandType='"Text"', CommandTimeout='30']
CREATE TABLE "TaskPriorities" (
    "Id" integer GENERATED BY DEFAULT AS IDENTITY,
    "Code" text NOT NULL,
    "Name" text NOT NULL,
    "Description" text,
    "SortOrder" integer NOT NULL,
    "IsActive" boolean NOT NULL,
    "CreatedAt" timestamp with time zone NOT NULL,
    CONSTRAINT "PK_TaskPriorities" PRIMARY KEY ("Id")
);
2026-02-15 21:18:55.143 +00:00 [INF] Executed DbCommand (19ms) [Parameters=[], CommandType='"Text"', CommandTimeout='30']
CREATE TABLE "TestCasePriorities" (
    "Id" integer GENERATED BY DEFAULT AS IDENTITY,
    "Code" text NOT NULL,
    "Name" text NOT NULL,
    "Description" text,
    "SortOrder" integer NOT NULL,
    "IsActive" boolean NOT NULL,
    "CreatedAt" timestamp with time zone NOT NULL,
    CONSTRAINT "PK_TestCasePriorities" PRIMARY KEY ("Id")
);
2026-02-15 21:18:55.161 +00:00 [INF] Executed DbCommand (16ms) [Parameters=[], CommandType='"Text"', CommandTimeout='30']
CREATE TABLE "Users" (
    "Id" uuid NOT NULL,
    "Username" text NOT NULL,
    "Email" text NOT NULL,
    "PasswordHash" text NOT NULL,
    "FullName" text NOT NULL,
    "IsActive" boolean NOT NULL,
    "RefreshToken" text,
    "RefreshTokenExpiryTime" timestamp with time zone,
    "CreatedAt" timestamp with time zone NOT NULL,
    "UpdatedAt" timestamp with time zone,
    CONSTRAINT "PK_Users" PRIMARY KEY ("Id")
);
2026-02-15 21:18:55.179 +00:00 [INF] Executed DbCommand (17ms) [Parameters=[], CommandType='"Text"', CommandTimeout='30']
CREATE TABLE "KanbanBoards" (
    "Id" uuid NOT NULL,
    "ProjectId" uuid NOT NULL,
    "Name" text NOT NULL,
    "CreatedAt" timestamp with time zone NOT NULL,
    CONSTRAINT "PK_KanbanBoards" PRIMARY KEY ("Id"),
    CONSTRAINT "FK_KanbanBoards_Projects_ProjectId" FOREIGN KEY ("ProjectId") REFERENCES "Projects" ("Id") ON DELETE CASCADE
);
2026-02-15 21:18:55.198 +00:00 [INF] Executed DbCommand (18ms) [Parameters=[], CommandType='"Text"', CommandTimeout='30']
CREATE TABLE "TestSuites" (
    "Id" uuid NOT NULL,
    "ProjectId" uuid NOT NULL,
    "Name" text NOT NULL,
    "Description" text,
    "CreatedAt" timestamp with time zone NOT NULL,
    CONSTRAINT "PK_TestSuites" PRIMARY KEY ("Id"),
    CONSTRAINT "FK_TestSuites_Projects_ProjectId" FOREIGN KEY ("ProjectId") REFERENCES "Projects" ("Id") ON DELETE CASCADE
);
2026-02-15 21:18:55.212 +00:00 [INF] Executed DbCommand (13ms) [Parameters=[], CommandType='"Text"', CommandTimeout='30']
CREATE TABLE role_permissions (
    "RoleId" uuid NOT NULL,
    "PermissionId" uuid NOT NULL,
    "AssignedAt" timestamp with time zone NOT NULL,
    CONSTRAINT "PK_role_permissions" PRIMARY KEY ("RoleId", "PermissionId"),
    CONSTRAINT "FK_role_permissions_Permissions_PermissionId" FOREIGN KEY ("PermissionId") REFERENCES "Permissions" ("Id") ON DELETE CASCADE,
    CONSTRAINT "FK_role_permissions_Roles_RoleId" FOREIGN KEY ("RoleId") REFERENCES "Roles" ("Id") ON DELETE CASCADE
);
2026-02-15 21:18:55.225 +00:00 [INF] Executed DbCommand (11ms) [Parameters=[], CommandType='"Text"', CommandTimeout='30']
CREATE TABLE user_roles (
    "UserId" uuid NOT NULL,
    "RoleId" uuid NOT NULL,
    "AssignedAt" timestamp with time zone NOT NULL,
    CONSTRAINT "PK_user_roles" PRIMARY KEY ("UserId", "RoleId"),
    CONSTRAINT "FK_user_roles_Roles_RoleId" FOREIGN KEY ("RoleId") REFERENCES "Roles" ("Id") ON DELETE CASCADE,
    CONSTRAINT "FK_user_roles_Users_UserId" FOREIGN KEY ("UserId") REFERENCES "Users" ("Id") ON DELETE CASCADE
);
2026-02-15 21:18:55.243 +00:00 [INF] Executed DbCommand (17ms) [Parameters=[], CommandType='"Text"', CommandTimeout='30']
CREATE TABLE "KanbanColumns" (
    "Id" uuid NOT NULL,
    "KanbanBoardId" uuid NOT NULL,
    "Name" text NOT NULL,
    "OrderIndex" integer NOT NULL,
    "CreatedAt" timestamp with time zone NOT NULL,
    CONSTRAINT "PK_KanbanColumns" PRIMARY KEY ("Id"),
    CONSTRAINT "FK_KanbanColumns_KanbanBoards_KanbanBoardId" FOREIGN KEY ("KanbanBoardId") REFERENCES "KanbanBoards" ("Id") ON DELETE CASCADE
);
2026-02-15 21:18:55.264 +00:00 [INF] Executed DbCommand (20ms) [Parameters=[], CommandType='"Text"', CommandTimeout='30']
CREATE TABLE "TestCases" (
    "Id" uuid NOT NULL,
    "TestSuiteId" uuid NOT NULL,
    "Title" text NOT NULL,
    "Description" text,
    "Preconditions" text,
    "ExpectedResult" text NOT NULL,
    "PriorityId" integer NOT NULL,
    "IsActive" boolean NOT NULL,
    "CreatedAt" timestamp with time zone NOT NULL,
    "UpdatedAt" timestamp with time zone,
    CONSTRAINT "PK_TestCases" PRIMARY KEY ("Id"),
    CONSTRAINT "FK_TestCases_TestCasePriorities_PriorityId" FOREIGN KEY ("PriorityId") REFERENCES "TestCasePriorities" ("Id") ON DELETE CASCADE,
    CONSTRAINT "FK_TestCases_TestSuites_TestSuiteId" FOREIGN KEY ("TestSuiteId") REFERENCES "TestSuites" ("Id") ON DELETE CASCADE
);
2026-02-15 21:18:55.286 +00:00 [INF] Executed DbCommand (21ms) [Parameters=[], CommandType='"Text"', CommandTimeout='30']
CREATE TABLE "KanbanTasks" (
    "Id" uuid NOT NULL,
    "KanbanColumnId" uuid NOT NULL,
    "Title" text NOT NULL,
    "Description" text,
    "AssigneeId" uuid,
    "TestCaseId" uuid,
    "PriorityId" integer NOT NULL,
    "DueDate" timestamp with time zone,
    "OrderIndex" integer NOT NULL,
    "CreatedAt" timestamp with time zone NOT NULL,
    "UpdatedAt" timestamp with time zone,
    CONSTRAINT "PK_KanbanTasks" PRIMARY KEY ("Id"),
    CONSTRAINT "FK_KanbanTasks_KanbanColumns_KanbanColumnId" FOREIGN KEY ("KanbanColumnId") REFERENCES "KanbanColumns" ("Id") ON DELETE CASCADE,
    CONSTRAINT "FK_KanbanTasks_TaskPriorities_PriorityId" FOREIGN KEY ("PriorityId") REFERENCES "TaskPriorities" ("Id") ON DELETE CASCADE,
    CONSTRAINT "FK_KanbanTasks_TestCases_TestCaseId" FOREIGN KEY ("TestCaseId") REFERENCES "TestCases" ("Id"),
    CONSTRAINT "FK_KanbanTasks_Users_AssigneeId" FOREIGN KEY ("AssigneeId") REFERENCES "Users" ("Id")
);
2026-02-15 21:18:55.307 +00:00 [INF] Executed DbCommand (19ms) [Parameters=[], CommandType='"Text"', CommandTimeout='30']
CREATE TABLE test_executions (
    id uuid NOT NULL,
    test_case_id uuid NOT NULL,
    tester_id uuid NOT NULL,
    status_id integer NOT NULL,
    notes character varying(2000),
    execution_date timestamp with time zone NOT NULL DEFAULT (NOW()),
    completed_at timestamp with time zone,
    CONSTRAINT "PK_test_executions" PRIMARY KEY (id),
    CONSTRAINT "FK_test_executions_TestCases_test_case_id" FOREIGN KEY (test_case_id) REFERENCES "TestCases" ("Id") ON DELETE CASCADE,
    CONSTRAINT "FK_test_executions_Users_tester_id" FOREIGN KEY (tester_id) REFERENCES "Users" ("Id") ON DELETE RESTRICT,
    CONSTRAINT "FK_test_executions_execution_statuses_status_id" FOREIGN KEY (status_id) REFERENCES execution_statuses (id) ON DELETE RESTRICT
);
2026-02-15 21:18:55.323 +00:00 [INF] Executed DbCommand (16ms) [Parameters=[], CommandType='"Text"', CommandTimeout='30']
CREATE TABLE "TestSteps" (
    "Id" uuid NOT NULL,
    "TestCaseId" uuid NOT NULL,
    "StepOrder" integer NOT NULL,
    "Action" text NOT NULL,
    "ExpectedResult" text NOT NULL,
    CONSTRAINT "PK_TestSteps" PRIMARY KEY ("Id"),
    CONSTRAINT "FK_TestSteps_TestCases_TestCaseId" FOREIGN KEY ("TestCaseId") REFERENCES "TestCases" ("Id") ON DELETE CASCADE
);
2026-02-15 21:18:55.341 +00:00 [INF] Executed DbCommand (17ms) [Parameters=[], CommandType='"Text"', CommandTimeout='30']
CREATE TABLE "Evidences" (
    "Id" uuid NOT NULL,
    "TestExecutionId" uuid NOT NULL,
    "FileTypeId" integer NOT NULL,
    "FileName" text NOT NULL,
    "FilePath" text NOT NULL,
    "FileSize" bigint NOT NULL,
    "ContentType" text NOT NULL,
    "Description" text,
    "UploadedAt" timestamp with time zone NOT NULL,
    CONSTRAINT "PK_Evidences" PRIMARY KEY ("Id"),
    CONSTRAINT "FK_Evidences_EvidenceTypes_FileTypeId" FOREIGN KEY ("FileTypeId") REFERENCES "EvidenceTypes" ("Id") ON DELETE CASCADE,
    CONSTRAINT "FK_Evidences_test_executions_TestExecutionId" FOREIGN KEY ("TestExecutionId") REFERENCES test_executions (id) ON DELETE CASCADE
);
2026-02-15 21:18:55.360 +00:00 [INF] Executed DbCommand (19ms) [Parameters=[], CommandType='"Text"', CommandTimeout='30']
CREATE TABLE "ExecutionStepResults" (
    "Id" uuid NOT NULL,
    "TestExecutionId" uuid NOT NULL,
    "TestStepId" uuid NOT NULL,
    "StatusId" integer NOT NULL,
    "ActualResult" text,
    "Notes" text,
    "EvaluatedAt" timestamp with time zone NOT NULL,
    CONSTRAINT "PK_ExecutionStepResults" PRIMARY KEY ("Id"),
    CONSTRAINT "FK_ExecutionStepResults_StepResultStatuses_StatusId" FOREIGN KEY ("StatusId") REFERENCES "StepResultStatuses" ("Id") ON DELETE CASCADE,
    CONSTRAINT "FK_ExecutionStepResults_TestSteps_TestStepId" FOREIGN KEY ("TestStepId") REFERENCES "TestSteps" ("Id") ON DELETE CASCADE,
    CONSTRAINT "FK_ExecutionStepResults_test_executions_TestExecutionId" FOREIGN KEY ("TestExecutionId") REFERENCES test_executions (id) ON DELETE CASCADE
);
2026-02-15 21:18:55.367 +00:00 [INF] Executed DbCommand (6ms) [Parameters=[], CommandType='"Text"', CommandTimeout='30']
INSERT INTO "Permissions" ("Id", "Code", "CreatedAt", "Description", "Module")
VALUES ('41544143-4f4c-5347-5f4d-414e41474500', 'CATALOGS_MANAGE', TIMESTAMPTZ '2025-01-01T00:00:00Z', 'Administrar catálogos', 'Catalogs');
INSERT INTO "Permissions" ("Id", "Code", "CreatedAt", "Description", "Module")
VALUES ('41544143-4f4c-5347-5f56-494557000000', 'CATALOGS_VIEW', TIMESTAMPTZ '2025-01-01T00:00:00Z', 'Ver catálogos', 'Catalogs');
INSERT INTO "Permissions" ("Id", "Code", "CreatedAt", "Description", "Module")
VALUES ('424e414b-4e41-435f-5245-415445000000', 'KANBAN_CREATE', TIMESTAMPTZ '2025-01-01T00:00:00Z', 'Crear tableros/tareas', 'Kanban');
INSERT INTO "Permissions" ("Id", "Code", "CreatedAt", "Description", "Module")
VALUES ('424e414b-4e41-445f-454c-455445000000', 'KANBAN_DELETE', TIMESTAMPTZ '2025-01-01T00:00:00Z', 'Eliminar tareas', 'Kanban');
INSERT INTO "Permissions" ("Id", "Code", "CreatedAt", "Description", "Module")
VALUES ('424e414b-4e41-555f-5044-415445000000', 'KANBAN_UPDATE', TIMESTAMPTZ '2025-01-01T00:00:00Z', 'Mover tareas', 'Kanban');
INSERT INTO "Permissions" ("Id", "Code", "CreatedAt", "Description", "Module")
VALUES ('424e414b-4e41-565f-4945-570000000000', 'KANBAN_VIEW', TIMESTAMPTZ '2025-01-01T00:00:00Z', 'Ver tableros Kanban', 'Kanban');
INSERT INTO "Permissions" ("Id", "Code", "CreatedAt", "Description", "Module")
VALUES ('43455845-5455-4f49-4e53-5f4352454154', 'EXECUTIONS_CREATE', TIMESTAMPTZ '2025-01-01T00:00:00Z', 'Crear ejecuciones', 'Executions');
INSERT INTO "Permissions" ("Id", "Code", "CreatedAt", "Description", "Module")
VALUES ('43455845-5455-4f49-4e53-5f5550444154', 'EXECUTIONS_UPDATE', TIMESTAMPTZ '2025-01-01T00:00:00Z', 'Actualizar ejecuciones', 'Executions');
INSERT INTO "Permissions" ("Id", "Code", "CreatedAt", "Description", "Module")
VALUES ('43455845-5455-4f49-4e53-5f55504c4f41', 'EXECUTIONS_UPLOAD_EVIDENCE', TIMESTAMPTZ '2025-01-01T00:00:00Z', 'Subir evidencia', 'Executions');
INSERT INTO "Permissions" ("Id", "Code", "CreatedAt", "Description", "Module")
VALUES ('43455845-5455-4f49-4e53-5f5649455700', 'EXECUTIONS_VIEW', TIMESTAMPTZ '2025-01-01T00:00:00Z', 'Ver ejecuciones', 'Executions');
INSERT INTO "Permissions" ("Id", "Code", "CreatedAt", "Description", "Module")
VALUES ('454c4f52-5f53-4544-4c45-544500000000', 'ROLES_DELETE', TIMESTAMPTZ '2025-01-01T00:00:00Z', 'Eliminar roles', 'Roles');
INSERT INTO "Permissions" ("Id", "Code", "CreatedAt", "Description", "Module")
VALUES ('454c4f52-5f53-4956-4557-000000000000', 'ROLES_VIEW', TIMESTAMPTZ '2025-01-01T00:00:00Z', 'Ver roles', 'Roles');
INSERT INTO "Permissions" ("Id", "Code", "CreatedAt", "Description", "Module")
VALUES ('454c4f52-5f53-5055-4441-544500000000', 'ROLES_UPDATE', TIMESTAMPTZ '2025-01-01T00:00:00Z', 'Actualizar roles', 'Roles');
INSERT INTO "Permissions" ("Id", "Code", "CreatedAt", "Description", "Module")
VALUES ('454c4f52-5f53-5243-4541-544500000000', 'ROLES_CREATE', TIMESTAMPTZ '2025-01-01T00:00:00Z', 'Crear roles', 'Roles');
INSERT INTO "Permissions" ("Id", "Code", "CreatedAt", "Description", "Module")
VALUES ('454c4f52-5f53-5341-5349-474e5f504552', 'ROLES_ASSIGN_PERMISSIONS', TIMESTAMPTZ '2025-01-01T00:00:00Z', 'Asignar permisos a roles', 'Roles');
INSERT INTO "Permissions" ("Id", "Code", "CreatedAt", "Description", "Module")
VALUES ('48534144-4f42-5241-445f-564945570000', 'DASHBOARD_VIEW', TIMESTAMPTZ '2025-01-01T00:00:00Z', 'Ver dashboard', 'Dashboard');
INSERT INTO "Permissions" ("Id", "Code", "CreatedAt", "Description", "Module")
VALUES ('4a4f5250-4345-5354-5f43-524541544500', 'PROJECTS_CREATE', TIMESTAMPTZ '2025-01-01T00:00:00Z', 'Crear proyectos', 'Projects');
INSERT INTO "Permissions" ("Id", "Code", "CreatedAt", "Description", "Module")
VALUES ('4a4f5250-4345-5354-5f44-454c45544500', 'PROJECTS_DELETE', TIMESTAMPTZ '2025-01-01T00:00:00Z', 'Eliminar proyectos', 'Projects');
INSERT INTO "Permissions" ("Id", "Code", "CreatedAt", "Description", "Module")
VALUES ('4a4f5250-4345-5354-5f55-504441544500', 'PROJECTS_UPDATE', TIMESTAMPTZ '2025-01-01T00:00:00Z', 'Actualizar proyectos', 'Projects');
INSERT INTO "Permissions" ("Id", "Code", "CreatedAt", "Description", "Module")
VALUES ('4a4f5250-4345-5354-5f56-494557000000', 'PROJECTS_VIEW', TIMESTAMPTZ '2025-01-01T00:00:00Z', 'Ver proyectos', 'Projects');
INSERT INTO "Permissions" ("Id", "Code", "CreatedAt", "Description", "Module")
VALUES ('52455355-5f53-4544-4c45-544500000000', 'USERS_DELETE', TIMESTAMPTZ '2025-01-01T00:00:00Z', 'Eliminar usuarios', 'Users');
INSERT INTO "Permissions" ("Id", "Code", "CreatedAt", "Description", "Module")
VALUES ('52455355-5f53-4956-4557-000000000000', 'USERS_VIEW', TIMESTAMPTZ '2025-01-01T00:00:00Z', 'Ver usuarios', 'Users');
INSERT INTO "Permissions" ("Id", "Code", "CreatedAt", "Description", "Module")
VALUES ('52455355-5f53-5055-4441-544500000000', 'USERS_UPDATE', TIMESTAMPTZ '2025-01-01T00:00:00Z', 'Actualizar usuarios', 'Users');
INSERT INTO "Permissions" ("Id", "Code", "CreatedAt", "Description", "Module")
VALUES ('52455355-5f53-5243-4541-544500000000', 'USERS_CREATE', TIMESTAMPTZ '2025-01-01T00:00:00Z', 'Crear usuarios', 'Users');
INSERT INTO "Permissions" ("Id", "Code", "CreatedAt", "Description", "Module")
VALUES ('54534554-435f-5341-4553-5f4352454154', 'TEST_CASES_CREATE', TIMESTAMPTZ '2025-01-01T00:00:00Z', 'Crear casos de prueba', 'TestCases');
INSERT INTO "Permissions" ("Id", "Code", "CreatedAt", "Description", "Module")
VALUES ('54534554-435f-5341-4553-5f44454c4554', 'TEST_CASES_DELETE', TIMESTAMPTZ '2025-01-01T00:00:00Z', 'Eliminar casos de prueba', 'TestCases');
INSERT INTO "Permissions" ("Id", "Code", "CreatedAt", "Description", "Module")
VALUES ('54534554-435f-5341-4553-5f5550444154', 'TEST_CASES_UPDATE', TIMESTAMPTZ '2025-01-01T00:00:00Z', 'Actualizar casos de prueba', 'TestCases');
INSERT INTO "Permissions" ("Id", "Code", "CreatedAt", "Description", "Module")
VALUES ('54534554-435f-5341-4553-5f5649455700', 'TEST_CASES_VIEW', TIMESTAMPTZ '2025-01-01T00:00:00Z', 'Ver casos de prueba', 'TestCases');
2026-02-15 21:18:55.369 +00:00 [INF] Executed DbCommand (1ms) [Parameters=[], CommandType='"Text"', CommandTimeout='30']
INSERT INTO execution_statuses (id, code, created_at, description, is_active, name, sort_order)
VALUES (1, 'PENDING', TIMESTAMPTZ '2026-02-14T04:12:37.143236Z', 'Ejecución creada pero no iniciada.', TRUE, 'Pendiente', 1);
INSERT INTO execution_statuses (id, code, created_at, description, is_active, name, sort_order)
VALUES (2, 'IN_PROGRESS', TIMESTAMPTZ '2026-02-14T04:12:37.143238Z', 'Ejecución en curso.', TRUE, 'En Progreso', 2);
INSERT INTO execution_statuses (id, code, created_at, description, is_active, name, sort_order)
VALUES (3, 'PASSED', TIMESTAMPTZ '2026-02-14T04:12:37.143238Z', 'Todos los pasos exitosos.', TRUE, 'Aprobado', 3);
INSERT INTO execution_statuses (id, code, created_at, description, is_active, name, sort_order)
VALUES (4, 'FAILED', TIMESTAMPTZ '2026-02-14T04:12:37.143238Z', 'Al menos un paso falló.', TRUE, 'Fallido', 4);
INSERT INTO execution_statuses (id, code, created_at, description, is_active, name, sort_order)
VALUES (5, 'BLOCKED', TIMESTAMPTZ '2026-02-14T04:12:37.143239Z', 'Impedimento externo.', TRUE, 'Bloqueado', 5);
INSERT INTO execution_statuses (id, code, created_at, description, is_active, name, sort_order)
VALUES (6, 'SKIPPED', TIMESTAMPTZ '2026-02-14T04:12:37.143239Z', 'Omitido intencionalmente.', TRUE, 'Omitido', 6);
2026-02-15 21:18:55.379 +00:00 [INF] Executed DbCommand (8ms) [Parameters=[], CommandType='"Text"', CommandTimeout='30']
CREATE INDEX "IX_Evidences_FileTypeId" ON "Evidences" ("FileTypeId");
2026-02-15 21:18:55.388 +00:00 [INF] Executed DbCommand (8ms) [Parameters=[], CommandType='"Text"', CommandTimeout='30']
CREATE INDEX "IX_Evidences_TestExecutionId" ON "Evidences" ("TestExecutionId");
2026-02-15 21:18:55.398 +00:00 [INF] Executed DbCommand (9ms) [Parameters=[], CommandType='"Text"', CommandTimeout='30']
CREATE UNIQUE INDEX "IX_execution_statuses_code" ON execution_statuses (code);
2026-02-15 21:18:55.407 +00:00 [INF] Executed DbCommand (9ms) [Parameters=[], CommandType='"Text"', CommandTimeout='30']
CREATE INDEX "IX_ExecutionStepResults_StatusId" ON "ExecutionStepResults" ("StatusId");
2026-02-15 21:18:55.421 +00:00 [INF] Executed DbCommand (13ms) [Parameters=[], CommandType='"Text"', CommandTimeout='30']
CREATE INDEX "IX_ExecutionStepResults_TestExecutionId" ON "ExecutionStepResults" ("TestExecutionId");
2026-02-15 21:18:55.430 +00:00 [INF] Executed DbCommand (8ms) [Parameters=[], CommandType='"Text"', CommandTimeout='30']
CREATE INDEX "IX_ExecutionStepResults_TestStepId" ON "ExecutionStepResults" ("TestStepId");
2026-02-15 21:18:55.441 +00:00 [INF] Executed DbCommand (10ms) [Parameters=[], CommandType='"Text"', CommandTimeout='30']
CREATE INDEX "IX_KanbanBoards_ProjectId" ON "KanbanBoards" ("ProjectId");
2026-02-15 21:18:55.457 +00:00 [INF] Executed DbCommand (15ms) [Parameters=[], CommandType='"Text"', CommandTimeout='30']
CREATE INDEX "IX_KanbanColumns_KanbanBoardId" ON "KanbanColumns" ("KanbanBoardId");
2026-02-15 21:18:55.468 +00:00 [INF] Executed DbCommand (10ms) [Parameters=[], CommandType='"Text"', CommandTimeout='30']
CREATE INDEX "IX_KanbanTasks_AssigneeId" ON "KanbanTasks" ("AssigneeId");
2026-02-15 21:18:55.480 +00:00 [INF] Executed DbCommand (10ms) [Parameters=[], CommandType='"Text"', CommandTimeout='30']
CREATE INDEX "IX_KanbanTasks_KanbanColumnId" ON "KanbanTasks" ("KanbanColumnId");
2026-02-15 21:18:55.491 +00:00 [INF] Executed DbCommand (10ms) [Parameters=[], CommandType='"Text"', CommandTimeout='30']
CREATE INDEX "IX_KanbanTasks_PriorityId" ON "KanbanTasks" ("PriorityId");
2026-02-15 21:18:55.502 +00:00 [INF] Executed DbCommand (10ms) [Parameters=[], CommandType='"Text"', CommandTimeout='30']
CREATE INDEX "IX_KanbanTasks_TestCaseId" ON "KanbanTasks" ("TestCaseId");
2026-02-15 21:18:55.513 +00:00 [INF] Executed DbCommand (10ms) [Parameters=[], CommandType='"Text"', CommandTimeout='30']
CREATE INDEX "IX_role_permissions_PermissionId" ON role_permissions ("PermissionId");
2026-02-15 21:18:55.524 +00:00 [INF] Executed DbCommand (8ms) [Parameters=[], CommandType='"Text"', CommandTimeout='30']
CREATE INDEX "IX_test_executions_status_id" ON test_executions (status_id);
2026-02-15 21:18:55.532 +00:00 [INF] Executed DbCommand (7ms) [Parameters=[], CommandType='"Text"', CommandTimeout='30']
CREATE INDEX "IX_test_executions_test_case_id" ON test_executions (test_case_id);
2026-02-15 21:18:55.540 +00:00 [INF] Executed DbCommand (7ms) [Parameters=[], CommandType='"Text"', CommandTimeout='30']
CREATE INDEX "IX_test_executions_tester_id" ON test_executions (tester_id);
2026-02-15 21:18:55.548 +00:00 [INF] Executed DbCommand (7ms) [Parameters=[], CommandType='"Text"', CommandTimeout='30']
CREATE INDEX "IX_TestCases_PriorityId" ON "TestCases" ("PriorityId");
2026-02-15 21:18:55.555 +00:00 [INF] Executed DbCommand (7ms) [Parameters=[], CommandType='"Text"', CommandTimeout='30']
CREATE INDEX "IX_TestCases_TestSuiteId" ON "TestCases" ("TestSuiteId");
2026-02-15 21:18:55.563 +00:00 [INF] Executed DbCommand (7ms) [Parameters=[], CommandType='"Text"', CommandTimeout='30']
CREATE INDEX "IX_TestSteps_TestCaseId" ON "TestSteps" ("TestCaseId");
2026-02-15 21:18:55.571 +00:00 [INF] Executed DbCommand (7ms) [Parameters=[], CommandType='"Text"', CommandTimeout='30']
CREATE INDEX "IX_TestSuites_ProjectId" ON "TestSuites" ("ProjectId");
2026-02-15 21:18:55.579 +00:00 [INF] Executed DbCommand (8ms) [Parameters=[], CommandType='"Text"', CommandTimeout='30']
CREATE INDEX "IX_user_roles_RoleId" ON user_roles ("RoleId");
2026-02-15 21:18:55.582 +00:00 [INF] Executed DbCommand (2ms) [Parameters=[], CommandType='"Text"', CommandTimeout='30']
SELECT setval(
    pg_get_serial_sequence('execution_statuses', 'id'),
    GREATEST(
        (SELECT MAX(id) FROM execution_statuses) + 1,
        nextval(pg_get_serial_sequence('execution_statuses', 'id'))),
    false);
2026-02-15 21:18:55.583 +00:00 [INF] Executed DbCommand (1ms) [Parameters=[], CommandType='"Text"', CommandTimeout='30']
INSERT INTO "__EFMigrationsHistory" ("MigrationId", "ProductVersion")
VALUES ('20260214041238_InitialCreate', '8.0.11');
2026-02-15 21:18:55.592 +00:00 [INF] Applying migration '20260215192006_AddSystemSeeding'.
2026-02-15 21:18:55.675 +00:00 [INF] Executed DbCommand (2ms) [Parameters=[], CommandType='"Text"', CommandTimeout='30']
ALTER TABLE "Evidences" DROP CONSTRAINT "FK_Evidences_EvidenceTypes_FileTypeId";
2026-02-15 21:18:55.677 +00:00 [INF] Executed DbCommand (1ms) [Parameters=[], CommandType='"Text"', CommandTimeout='30']
ALTER TABLE "ExecutionStepResults" DROP CONSTRAINT "FK_ExecutionStepResults_StepResultStatuses_StatusId";
2026-02-15 21:18:55.679 +00:00 [INF] Executed DbCommand (1ms) [Parameters=[], CommandType='"Text"', CommandTimeout='30']
ALTER TABLE "KanbanTasks" DROP CONSTRAINT "FK_KanbanTasks_TaskPriorities_PriorityId";
2026-02-15 21:18:55.680 +00:00 [INF] Executed DbCommand (1ms) [Parameters=[], CommandType='"Text"', CommandTimeout='30']
ALTER TABLE "KanbanTasks" DROP CONSTRAINT "FK_KanbanTasks_Users_AssigneeId";
2026-02-15 21:18:55.681 +00:00 [INF] Executed DbCommand (1ms) [Parameters=[], CommandType='"Text"', CommandTimeout='30']
ALTER TABLE role_permissions DROP CONSTRAINT "FK_role_permissions_Roles_RoleId";
2026-02-15 21:18:55.682 +00:00 [INF] Executed DbCommand (1ms) [Parameters=[], CommandType='"Text"', CommandTimeout='30']
ALTER TABLE test_executions DROP CONSTRAINT "FK_test_executions_Users_tester_id";
2026-02-15 21:18:55.683 +00:00 [INF] Executed DbCommand (1ms) [Parameters=[], CommandType='"Text"', CommandTimeout='30']
ALTER TABLE "TestCases" DROP CONSTRAINT "FK_TestCases_TestCasePriorities_PriorityId";
2026-02-15 21:18:55.684 +00:00 [INF] Executed DbCommand (1ms) [Parameters=[], CommandType='"Text"', CommandTimeout='30']
ALTER TABLE user_roles DROP CONSTRAINT "FK_user_roles_Roles_RoleId";
2026-02-15 21:18:55.685 +00:00 [INF] Executed DbCommand (1ms) [Parameters=[], CommandType='"Text"', CommandTimeout='30']
ALTER TABLE user_roles DROP CONSTRAINT "FK_user_roles_Users_UserId";
2026-02-15 21:18:55.686 +00:00 [INF] Executed DbCommand (1ms) [Parameters=[], CommandType='"Text"', CommandTimeout='30']
ALTER TABLE "Users" DROP CONSTRAINT "PK_Users";
2026-02-15 21:18:55.687 +00:00 [INF] Executed DbCommand (1ms) [Parameters=[], CommandType='"Text"', CommandTimeout='30']
ALTER TABLE "Roles" DROP CONSTRAINT "PK_Roles";
2026-02-15 21:18:55.687 +00:00 [INF] Executed DbCommand (1ms) [Parameters=[], CommandType='"Text"', CommandTimeout='30']
ALTER TABLE "TestCasePriorities" DROP CONSTRAINT "PK_TestCasePriorities";
2026-02-15 21:18:55.688 +00:00 [INF] Executed DbCommand (1ms) [Parameters=[], CommandType='"Text"', CommandTimeout='30']
ALTER TABLE "TaskPriorities" DROP CONSTRAINT "PK_TaskPriorities";
2026-02-15 21:18:55.689 +00:00 [INF] Executed DbCommand (0ms) [Parameters=[], CommandType='"Text"', CommandTimeout='30']
ALTER TABLE "StepResultStatuses" DROP CONSTRAINT "PK_StepResultStatuses";
2026-02-15 21:18:55.690 +00:00 [INF] Executed DbCommand (1ms) [Parameters=[], CommandType='"Text"', CommandTimeout='30']
ALTER TABLE "EvidenceTypes" DROP CONSTRAINT "PK_EvidenceTypes";
2026-02-15 21:18:55.690 +00:00 [INF] Executed DbCommand (0ms) [Parameters=[], CommandType='"Text"', CommandTimeout='30']
ALTER TABLE "Users" RENAME TO users;
2026-02-15 21:18:55.691 +00:00 [INF] Executed DbCommand (0ms) [Parameters=[], CommandType='"Text"', CommandTimeout='30']
ALTER TABLE "Roles" RENAME TO roles;
2026-02-15 21:18:55.691 +00:00 [INF] Executed DbCommand (0ms) [Parameters=[], CommandType='"Text"', CommandTimeout='30']
ALTER TABLE "TestCasePriorities" RENAME TO test_case_priorities;
2026-02-15 21:18:55.692 +00:00 [INF] Executed DbCommand (0ms) [Parameters=[], CommandType='"Text"', CommandTimeout='30']
ALTER TABLE "TaskPriorities" RENAME TO task_priorities;
2026-02-15 21:18:55.692 +00:00 [INF] Executed DbCommand (0ms) [Parameters=[], CommandType='"Text"', CommandTimeout='30']
ALTER TABLE "StepResultStatuses" RENAME TO step_result_statuses;
2026-02-15 21:18:55.693 +00:00 [INF] Executed DbCommand (0ms) [Parameters=[], CommandType='"Text"', CommandTimeout='30']
ALTER TABLE "EvidenceTypes" RENAME TO evidence_types;
2026-02-15 21:18:55.693 +00:00 [INF] Executed DbCommand (0ms) [Parameters=[], CommandType='"Text"', CommandTimeout='30']
ALTER TABLE users RENAME COLUMN "Username" TO username;
2026-02-15 21:18:55.694 +00:00 [INF] Executed DbCommand (0ms) [Parameters=[], CommandType='"Text"', CommandTimeout='30']
ALTER TABLE users RENAME COLUMN "Email" TO email;
2026-02-15 21:18:55.695 +00:00 [INF] Executed DbCommand (1ms) [Parameters=[], CommandType='"Text"', CommandTimeout='30']
ALTER TABLE users RENAME COLUMN "Id" TO id;
2026-02-15 21:18:55.695 +00:00 [INF] Executed DbCommand (0ms) [Parameters=[], CommandType='"Text"', CommandTimeout='30']
ALTER TABLE users RENAME COLUMN "UpdatedAt" TO updated_at;
2026-02-15 21:18:55.696 +00:00 [INF] Executed DbCommand (0ms) [Parameters=[], CommandType='"Text"', CommandTimeout='30']
ALTER TABLE users RENAME COLUMN "RefreshTokenExpiryTime" TO refresh_token_expiry_time;
2026-02-15 21:18:55.696 +00:00 [INF] Executed DbCommand (0ms) [Parameters=[], CommandType='"Text"', CommandTimeout='30']
ALTER TABLE users RENAME COLUMN "RefreshToken" TO refresh_token;
2026-02-15 21:18:55.697 +00:00 [INF] Executed DbCommand (0ms) [Parameters=[], CommandType='"Text"', CommandTimeout='30']
ALTER TABLE users RENAME COLUMN "PasswordHash" TO password_hash;
2026-02-15 21:18:55.697 +00:00 [INF] Executed DbCommand (0ms) [Parameters=[], CommandType='"Text"', CommandTimeout='30']
ALTER TABLE users RENAME COLUMN "IsActive" TO is_active;
2026-02-15 21:18:55.697 +00:00 [INF] Executed DbCommand (0ms) [Parameters=[], CommandType='"Text"', CommandTimeout='30']
ALTER TABLE users RENAME COLUMN "FullName" TO full_name;
2026-02-15 21:18:55.698 +00:00 [INF] Executed DbCommand (0ms) [Parameters=[], CommandType='"Text"', CommandTimeout='30']
ALTER TABLE users RENAME COLUMN "CreatedAt" TO created_at;
2026-02-15 21:18:55.698 +00:00 [INF] Executed DbCommand (0ms) [Parameters=[], CommandType='"Text"', CommandTimeout='30']
ALTER TABLE roles RENAME COLUMN "Name" TO name;
2026-02-15 21:18:55.699 +00:00 [INF] Executed DbCommand (0ms) [Parameters=[], CommandType='"Text"', CommandTimeout='30']
ALTER TABLE roles RENAME COLUMN "Description" TO description;
2026-02-15 21:18:55.699 +00:00 [INF] Executed DbCommand (0ms) [Parameters=[], CommandType='"Text"', CommandTimeout='30']
ALTER TABLE roles RENAME COLUMN "Id" TO id;
2026-02-15 21:18:55.699 +00:00 [INF] Executed DbCommand (0ms) [Parameters=[], CommandType='"Text"', CommandTimeout='30']
ALTER TABLE roles RENAME COLUMN "IsActive" TO is_active;
2026-02-15 21:18:55.700 +00:00 [INF] Executed DbCommand (0ms) [Parameters=[], CommandType='"Text"', CommandTimeout='30']
ALTER TABLE roles RENAME COLUMN "CreatedAt" TO created_at;
2026-02-15 21:18:55.700 +00:00 [INF] Executed DbCommand (0ms) [Parameters=[], CommandType='"Text"', CommandTimeout='30']
ALTER TABLE test_case_priorities RENAME COLUMN "Name" TO name;
2026-02-15 21:18:55.701 +00:00 [INF] Executed DbCommand (0ms) [Parameters=[], CommandType='"Text"', CommandTimeout='30']
ALTER TABLE test_case_priorities RENAME COLUMN "Description" TO description;
2026-02-15 21:18:55.701 +00:00 [INF] Executed DbCommand (0ms) [Parameters=[], CommandType='"Text"', CommandTimeout='30']
ALTER TABLE test_case_priorities RENAME COLUMN "Code" TO code;
2026-02-15 21:18:55.702 +00:00 [INF] Executed DbCommand (0ms) [Parameters=[], CommandType='"Text"', CommandTimeout='30']
ALTER TABLE test_case_priorities RENAME COLUMN "Id" TO id;
2026-02-15 21:18:55.702 +00:00 [INF] Executed DbCommand (0ms) [Parameters=[], CommandType='"Text"', CommandTimeout='30']
ALTER TABLE test_case_priorities RENAME COLUMN "SortOrder" TO sort_order;
2026-02-15 21:18:55.702 +00:00 [INF] Executed DbCommand (0ms) [Parameters=[], CommandType='"Text"', CommandTimeout='30']
ALTER TABLE test_case_priorities RENAME COLUMN "IsActive" TO is_active;
2026-02-15 21:18:55.703 +00:00 [INF] Executed DbCommand (0ms) [Parameters=[], CommandType='"Text"', CommandTimeout='30']
ALTER TABLE test_case_priorities RENAME COLUMN "CreatedAt" TO created_at;
2026-02-15 21:18:55.704 +00:00 [INF] Executed DbCommand (0ms) [Parameters=[], CommandType='"Text"', CommandTimeout='30']
ALTER TABLE task_priorities RENAME COLUMN "Name" TO name;
2026-02-15 21:18:55.704 +00:00 [INF] Executed DbCommand (0ms) [Parameters=[], CommandType='"Text"', CommandTimeout='30']
ALTER TABLE task_priorities RENAME COLUMN "Description" TO description;
2026-02-15 21:18:55.705 +00:00 [INF] Executed DbCommand (0ms) [Parameters=[], CommandType='"Text"', CommandTimeout='30']
ALTER TABLE task_priorities RENAME COLUMN "Code" TO code;
2026-02-15 21:18:55.705 +00:00 [INF] Executed DbCommand (0ms) [Parameters=[], CommandType='"Text"', CommandTimeout='30']
ALTER TABLE task_priorities RENAME COLUMN "Id" TO id;
2026-02-15 21:18:55.706 +00:00 [INF] Executed DbCommand (0ms) [Parameters=[], CommandType='"Text"', CommandTimeout='30']
ALTER TABLE task_priorities RENAME COLUMN "SortOrder" TO sort_order;
2026-02-15 21:18:55.706 +00:00 [INF] Executed DbCommand (0ms) [Parameters=[], CommandType='"Text"', CommandTimeout='30']
ALTER TABLE task_priorities RENAME COLUMN "IsActive" TO is_active;
2026-02-15 21:18:55.707 +00:00 [INF] Executed DbCommand (0ms) [Parameters=[], CommandType='"Text"', CommandTimeout='30']
ALTER TABLE task_priorities RENAME COLUMN "CreatedAt" TO created_at;
2026-02-15 21:18:55.707 +00:00 [INF] Executed DbCommand (0ms) [Parameters=[], CommandType='"Text"', CommandTimeout='30']
ALTER TABLE step_result_statuses RENAME COLUMN "Name" TO name;
2026-02-15 21:18:55.708 +00:00 [INF] Executed DbCommand (0ms) [Parameters=[], CommandType='"Text"', CommandTimeout='30']
ALTER TABLE step_result_statuses RENAME COLUMN "Description" TO description;
2026-02-15 21:18:55.708 +00:00 [INF] Executed DbCommand (0ms) [Parameters=[], CommandType='"Text"', CommandTimeout='30']
ALTER TABLE step_result_statuses RENAME COLUMN "Code" TO code;
2026-02-15 21:18:55.708 +00:00 [INF] Executed DbCommand (0ms) [Parameters=[], CommandType='"Text"', CommandTimeout='30']
ALTER TABLE step_result_statuses RENAME COLUMN "Id" TO id;
2026-02-15 21:18:55.709 +00:00 [INF] Executed DbCommand (0ms) [Parameters=[], CommandType='"Text"', CommandTimeout='30']
ALTER TABLE step_result_statuses RENAME COLUMN "SortOrder" TO sort_order;
2026-02-15 21:18:55.709 +00:00 [INF] Executed DbCommand (0ms) [Parameters=[], CommandType='"Text"', CommandTimeout='30']
ALTER TABLE step_result_statuses RENAME COLUMN "IsActive" TO is_active;
2026-02-15 21:18:55.710 +00:00 [INF] Executed DbCommand (0ms) [Parameters=[], CommandType='"Text"', CommandTimeout='30']
ALTER TABLE step_result_statuses RENAME COLUMN "CreatedAt" TO created_at;
2026-02-15 21:18:55.710 +00:00 [INF] Executed DbCommand (0ms) [Parameters=[], CommandType='"Text"', CommandTimeout='30']
ALTER TABLE evidence_types RENAME COLUMN "Name" TO name;
2026-02-15 21:18:55.711 +00:00 [INF] Executed DbCommand (0ms) [Parameters=[], CommandType='"Text"', CommandTimeout='30']
ALTER TABLE evidence_types RENAME COLUMN "Description" TO description;
2026-02-15 21:18:55.711 +00:00 [INF] Executed DbCommand (0ms) [Parameters=[], CommandType='"Text"', CommandTimeout='30']
ALTER TABLE evidence_types RENAME COLUMN "Code" TO code;
2026-02-15 21:18:55.712 +00:00 [INF] Executed DbCommand (0ms) [Parameters=[], CommandType='"Text"', CommandTimeout='30']
ALTER TABLE evidence_types RENAME COLUMN "Id" TO id;
2026-02-15 21:18:55.712 +00:00 [INF] Executed DbCommand (0ms) [Parameters=[], CommandType='"Text"', CommandTimeout='30']
ALTER TABLE evidence_types RENAME COLUMN "SortOrder" TO sort_order;
2026-02-15 21:18:55.713 +00:00 [INF] Executed DbCommand (0ms) [Parameters=[], CommandType='"Text"', CommandTimeout='30']
ALTER TABLE evidence_types RENAME COLUMN "IsActive" TO is_active;
2026-02-15 21:18:55.713 +00:00 [INF] Executed DbCommand (0ms) [Parameters=[], CommandType='"Text"', CommandTimeout='30']
ALTER TABLE evidence_types RENAME COLUMN "CreatedAt" TO created_at;
2026-02-15 21:18:55.723 +00:00 [INF] Executed DbCommand (10ms) [Parameters=[], CommandType='"Text"', CommandTimeout='30']
ALTER TABLE users ALTER COLUMN username TYPE character varying(100);
2026-02-15 21:18:55.733 +00:00 [INF] Executed DbCommand (9ms) [Parameters=[], CommandType='"Text"', CommandTimeout='30']
ALTER TABLE users ALTER COLUMN email TYPE character varying(150);
2026-02-15 21:18:55.734 +00:00 [INF] Executed DbCommand (1ms) [Parameters=[], CommandType='"Text"', CommandTimeout='30']
ALTER TABLE users ALTER COLUMN is_active SET DEFAULT TRUE;
2026-02-15 21:18:55.744 +00:00 [INF] Executed DbCommand (9ms) [Parameters=[], CommandType='"Text"', CommandTimeout='30']
ALTER TABLE users ALTER COLUMN full_name TYPE character varying(200);
2026-02-15 21:18:55.745 +00:00 [INF] Executed DbCommand (1ms) [Parameters=[], CommandType='"Text"', CommandTimeout='30']
ALTER TABLE users ALTER COLUMN created_at SET DEFAULT (NOW());
2026-02-15 21:18:55.756 +00:00 [INF] Executed DbCommand (10ms) [Parameters=[], CommandType='"Text"', CommandTimeout='30']
ALTER TABLE roles ALTER COLUMN name TYPE character varying(100);
2026-02-15 21:18:55.767 +00:00 [INF] Executed DbCommand (10ms) [Parameters=[], CommandType='"Text"', CommandTimeout='30']
ALTER TABLE roles ALTER COLUMN description TYPE character varying(500);
2026-02-15 21:18:55.768 +00:00 [INF] Executed DbCommand (1ms) [Parameters=[], CommandType='"Text"', CommandTimeout='30']
ALTER TABLE roles ALTER COLUMN is_active SET DEFAULT TRUE;
2026-02-15 21:18:55.769 +00:00 [INF] Executed DbCommand (1ms) [Parameters=[], CommandType='"Text"', CommandTimeout='30']
ALTER TABLE roles ALTER COLUMN created_at SET DEFAULT (NOW());
2026-02-15 21:18:55.785 +00:00 [INF] Executed DbCommand (15ms) [Parameters=[], CommandType='"Text"', CommandTimeout='30']
ALTER TABLE test_case_priorities ALTER COLUMN name TYPE character varying(100);
2026-02-15 21:18:55.798 +00:00 [INF] Executed DbCommand (13ms) [Parameters=[], CommandType='"Text"', CommandTimeout='30']
ALTER TABLE test_case_priorities ALTER COLUMN description TYPE character varying(500);
2026-02-15 21:18:55.811 +00:00 [INF] Executed DbCommand (12ms) [Parameters=[], CommandType='"Text"', CommandTimeout='30']
ALTER TABLE test_case_priorities ALTER COLUMN code TYPE character varying(50);
2026-02-15 21:18:55.813 +00:00 [INF] Executed DbCommand (1ms) [Parameters=[], CommandType='"Text"', CommandTimeout='30']
ALTER TABLE test_case_priorities ALTER COLUMN sort_order SET DEFAULT 0;
2026-02-15 21:18:55.814 +00:00 [INF] Executed DbCommand (1ms) [Parameters=[], CommandType='"Text"', CommandTimeout='30']
ALTER TABLE test_case_priorities ALTER COLUMN is_active SET DEFAULT TRUE;
2026-02-15 21:18:55.816 +00:00 [INF] Executed DbCommand (1ms) [Parameters=[], CommandType='"Text"', CommandTimeout='30']
ALTER TABLE test_case_priorities ALTER COLUMN created_at SET DEFAULT (NOW());
2026-02-15 21:18:55.829 +00:00 [INF] Executed DbCommand (12ms) [Parameters=[], CommandType='"Text"', CommandTimeout='30']
ALTER TABLE task_priorities ALTER COLUMN name TYPE character varying(100);
2026-02-15 21:18:55.842 +00:00 [INF] Executed DbCommand (11ms) [Parameters=[], CommandType='"Text"', CommandTimeout='30']
ALTER TABLE task_priorities ALTER COLUMN description TYPE character varying(500);
2026-02-15 21:18:55.854 +00:00 [INF] Executed DbCommand (10ms) [Parameters=[], CommandType='"Text"', CommandTimeout='30']
ALTER TABLE task_priorities ALTER COLUMN code TYPE character varying(50);
2026-02-15 21:18:55.855 +00:00 [INF] Executed DbCommand (1ms) [Parameters=[], CommandType='"Text"', CommandTimeout='30']
ALTER TABLE task_priorities ALTER COLUMN sort_order SET DEFAULT 0;
2026-02-15 21:18:55.856 +00:00 [INF] Executed DbCommand (0ms) [Parameters=[], CommandType='"Text"', CommandTimeout='30']
ALTER TABLE task_priorities ALTER COLUMN is_active SET DEFAULT TRUE;
2026-02-15 21:18:55.857 +00:00 [INF] Executed DbCommand (0ms) [Parameters=[], CommandType='"Text"', CommandTimeout='30']
ALTER TABLE task_priorities ALTER COLUMN created_at SET DEFAULT (NOW());
2026-02-15 21:18:55.873 +00:00 [INF] Executed DbCommand (16ms) [Parameters=[], CommandType='"Text"', CommandTimeout='30']
ALTER TABLE step_result_statuses ALTER COLUMN name TYPE character varying(100);
2026-02-15 21:18:55.883 +00:00 [INF] Executed DbCommand (9ms) [Parameters=[], CommandType='"Text"', CommandTimeout='30']
ALTER TABLE step_result_statuses ALTER COLUMN description TYPE character varying(500);
2026-02-15 21:18:55.892 +00:00 [INF] Executed DbCommand (9ms) [Parameters=[], CommandType='"Text"', CommandTimeout='30']
ALTER TABLE step_result_statuses ALTER COLUMN code TYPE character varying(50);
2026-02-15 21:18:55.893 +00:00 [INF] Executed DbCommand (1ms) [Parameters=[], CommandType='"Text"', CommandTimeout='30']
ALTER TABLE step_result_statuses ALTER COLUMN sort_order SET DEFAULT 0;
2026-02-15 21:18:55.894 +00:00 [INF] Executed DbCommand (0ms) [Parameters=[], CommandType='"Text"', CommandTimeout='30']
ALTER TABLE step_result_statuses ALTER COLUMN is_active SET DEFAULT TRUE;
2026-02-15 21:18:55.895 +00:00 [INF] Executed DbCommand (0ms) [Parameters=[], CommandType='"Text"', CommandTimeout='30']
ALTER TABLE step_result_statuses ALTER COLUMN created_at SET DEFAULT (NOW());
2026-02-15 21:18:55.905 +00:00 [INF] Executed DbCommand (10ms) [Parameters=[], CommandType='"Text"', CommandTimeout='30']
ALTER TABLE evidence_types ALTER COLUMN name TYPE character varying(100);
2026-02-15 21:18:55.917 +00:00 [INF] Executed DbCommand (11ms) [Parameters=[], CommandType='"Text"', CommandTimeout='30']
ALTER TABLE evidence_types ALTER COLUMN description TYPE character varying(500);
2026-02-15 21:18:55.929 +00:00 [INF] Executed DbCommand (11ms) [Parameters=[], CommandType='"Text"', CommandTimeout='30']
ALTER TABLE evidence_types ALTER COLUMN code TYPE character varying(50);
2026-02-15 21:18:55.931 +00:00 [INF] Executed DbCommand (1ms) [Parameters=[], CommandType='"Text"', CommandTimeout='30']
ALTER TABLE evidence_types ALTER COLUMN sort_order SET DEFAULT 0;
2026-02-15 21:18:55.932 +00:00 [INF] Executed DbCommand (1ms) [Parameters=[], CommandType='"Text"', CommandTimeout='30']
ALTER TABLE evidence_types ALTER COLUMN is_active SET DEFAULT TRUE;
2026-02-15 21:18:55.933 +00:00 [INF] Executed DbCommand (1ms) [Parameters=[], CommandType='"Text"', CommandTimeout='30']
ALTER TABLE evidence_types ALTER COLUMN created_at SET DEFAULT (NOW());
2026-02-15 21:18:55.942 +00:00 [INF] Executed DbCommand (8ms) [Parameters=[], CommandType='"Text"', CommandTimeout='30']
ALTER TABLE users ADD CONSTRAINT "PK_users" PRIMARY KEY (id);
2026-02-15 21:18:55.952 +00:00 [INF] Executed DbCommand (9ms) [Parameters=[], CommandType='"Text"', CommandTimeout='30']
ALTER TABLE roles ADD CONSTRAINT "PK_roles" PRIMARY KEY (id);
2026-02-15 21:18:55.963 +00:00 [INF] Executed DbCommand (10ms) [Parameters=[], CommandType='"Text"', CommandTimeout='30']
ALTER TABLE test_case_priorities ADD CONSTRAINT "PK_test_case_priorities" PRIMARY KEY (id);
2026-02-15 21:18:55.975 +00:00 [INF] Executed DbCommand (10ms) [Parameters=[], CommandType='"Text"', CommandTimeout='30']
ALTER TABLE task_priorities ADD CONSTRAINT "PK_task_priorities" PRIMARY KEY (id);
2026-02-15 21:18:55.987 +00:00 [INF] Executed DbCommand (11ms) [Parameters=[], CommandType='"Text"', CommandTimeout='30']
ALTER TABLE step_result_statuses ADD CONSTRAINT "PK_step_result_statuses" PRIMARY KEY (id);
2026-02-15 21:18:55.997 +00:00 [INF] Executed DbCommand (9ms) [Parameters=[], CommandType='"Text"', CommandTimeout='30']
ALTER TABLE evidence_types ADD CONSTRAINT "PK_evidence_types" PRIMARY KEY (id);
2026-02-15 21:18:55.998 +00:00 [INF] Executed DbCommand (1ms) [Parameters=[], CommandType='"Text"', CommandTimeout='30']
INSERT INTO evidence_types (id, code, created_at, description, is_active, name, sort_order)
VALUES (1, 'IMAGE', TIMESTAMPTZ '2026-02-15T19:20:05.647548Z', NULL, TRUE, 'Imagen', 1);
INSERT INTO evidence_types (id, code, created_at, description, is_active, name, sort_order)
VALUES (2, 'VIDEO', TIMESTAMPTZ '2026-02-15T19:20:05.647548Z', NULL, TRUE, 'Video', 2);
INSERT INTO evidence_types (id, code, created_at, description, is_active, name, sort_order)
VALUES (3, 'DOCUMENT', TIMESTAMPTZ '2026-02-15T19:20:05.647549Z', NULL, TRUE, 'Documento', 3);
INSERT INTO evidence_types (id, code, created_at, description, is_active, name, sort_order)
VALUES (4, 'LOG_FILE', TIMESTAMPTZ '2026-02-15T19:20:05.647549Z', NULL, TRUE, 'Archivo de Log', 4);
2026-02-15 21:18:56.000 +00:00 [INF] Executed DbCommand (1ms) [Parameters=[], CommandType='"Text"', CommandTimeout='30']
UPDATE execution_statuses SET created_at = TIMESTAMPTZ '2026-02-15T19:20:05.648029Z'
WHERE id = 1;
2026-02-15 21:18:56.001 +00:00 [INF] Executed DbCommand (1ms) [Parameters=[], CommandType='"Text"', CommandTimeout='30']
UPDATE execution_statuses SET created_at = TIMESTAMPTZ '2026-02-15T19:20:05.648029Z'
WHERE id = 2;
2026-02-15 21:18:56.002 +00:00 [INF] Executed DbCommand (0ms) [Parameters=[], CommandType='"Text"', CommandTimeout='30']
UPDATE execution_statuses SET created_at = TIMESTAMPTZ '2026-02-15T19:20:05.648029Z'
WHERE id = 3;
2026-02-15 21:18:56.003 +00:00 [INF] Executed DbCommand (0ms) [Parameters=[], CommandType='"Text"', CommandTimeout='30']
UPDATE execution_statuses SET created_at = TIMESTAMPTZ '2026-02-15T19:20:05.648029Z'
WHERE id = 4;
2026-02-15 21:18:56.003 +00:00 [INF] Executed DbCommand (0ms) [Parameters=[], CommandType='"Text"', CommandTimeout='30']
UPDATE execution_statuses SET created_at = TIMESTAMPTZ '2026-02-15T19:20:05.64803Z'
WHERE id = 5;
2026-02-15 21:18:56.004 +00:00 [INF] Executed DbCommand (0ms) [Parameters=[], CommandType='"Text"', CommandTimeout='30']
UPDATE execution_statuses SET created_at = TIMESTAMPTZ '2026-02-15T19:20:05.64803Z'
WHERE id = 6;
2026-02-15 21:18:56.005 +00:00 [INF] Executed DbCommand (1ms) [Parameters=[], CommandType='"Text"', CommandTimeout='30']
INSERT INTO roles (id, created_at, description, is_active, name)
VALUES ('11111111-1111-1111-1111-111111111111', TIMESTAMPTZ '2025-01-01T00:00:00Z', 'Acceso total al sistema', TRUE, 'Administrator');
INSERT INTO roles (id, created_at, description, is_active, name)
VALUES ('22222222-2222-2222-2222-222222222222', TIMESTAMPTZ '2025-01-01T00:00:00Z', 'Ejecución y gestión de pruebas', TRUE, 'Tester');
2026-02-15 21:18:56.006 +00:00 [INF] Executed DbCommand (1ms) [Parameters=[], CommandType='"Text"', CommandTimeout='30']
INSERT INTO step_result_statuses (id, code, created_at, description, is_active, name, sort_order)
VALUES (1, 'NOT_EXECUTED', TIMESTAMPTZ '2026-02-15T19:20:05.649817Z', NULL, TRUE, 'No Ejecutado', 1);
INSERT INTO step_result_statuses (id, code, created_at, description, is_active, name, sort_order)
VALUES (2, 'PASSED', TIMESTAMPTZ '2026-02-15T19:20:05.649817Z', NULL, TRUE, 'Aprobado', 2);
INSERT INTO step_result_statuses (id, code, created_at, description, is_active, name, sort_order)
VALUES (3, 'FAILED', TIMESTAMPTZ '2026-02-15T19:20:05.649817Z', NULL, TRUE, 'Fallido', 3);
INSERT INTO step_result_statuses (id, code, created_at, description, is_active, name, sort_order)
VALUES (4, 'BLOCKED', TIMESTAMPTZ '2026-02-15T19:20:05.649817Z', NULL, TRUE, 'Bloqueado', 4);
2026-02-15 21:18:56.008 +00:00 [INF] Executed DbCommand (1ms) [Parameters=[], CommandType='"Text"', CommandTimeout='30']
INSERT INTO task_priorities (id, code, created_at, description, is_active, name, sort_order)
VALUES (1, 'LOW', TIMESTAMPTZ '2026-02-15T19:20:05.650146Z', NULL, TRUE, 'Baja', 1);
INSERT INTO task_priorities (id, code, created_at, description, is_active, name, sort_order)
VALUES (2, 'MEDIUM', TIMESTAMPTZ '2026-02-15T19:20:05.650147Z', NULL, TRUE, 'Media', 2);
INSERT INTO task_priorities (id, code, created_at, description, is_active, name, sort_order)
VALUES (3, 'HIGH', TIMESTAMPTZ '2026-02-15T19:20:05.650147Z', NULL, TRUE, 'Alta', 3);
INSERT INTO task_priorities (id, code, created_at, description, is_active, name, sort_order)
VALUES (4, 'CRITICAL', TIMESTAMPTZ '2026-02-15T19:20:05.650147Z', NULL, TRUE, 'Crítica', 4);
2026-02-15 21:18:56.009 +00:00 [INF] Executed DbCommand (1ms) [Parameters=[], CommandType='"Text"', CommandTimeout='30']
INSERT INTO test_case_priorities (id, code, created_at, description, is_active, name, sort_order)
VALUES (1, 'LOW', TIMESTAMPTZ '2026-02-15T19:20:05.650537Z', NULL, TRUE, 'Baja', 1);
INSERT INTO test_case_priorities (id, code, created_at, description, is_active, name, sort_order)
VALUES (2, 'MEDIUM', TIMESTAMPTZ '2026-02-15T19:20:05.650537Z', NULL, TRUE, 'Media', 2);
INSERT INTO test_case_priorities (id, code, created_at, description, is_active, name, sort_order)
VALUES (3, 'HIGH', TIMESTAMPTZ '2026-02-15T19:20:05.650537Z', NULL, TRUE, 'Alta', 3);
INSERT INTO test_case_priorities (id, code, created_at, description, is_active, name, sort_order)
VALUES (4, 'CRITICAL', TIMESTAMPTZ '2026-02-15T19:20:05.650537Z', NULL, TRUE, 'Crítica', 4);
2026-02-15 21:18:56.010 +00:00 [INF] Executed DbCommand (1ms) [Parameters=[], CommandType='"Text"', CommandTimeout='30']
INSERT INTO users (id, created_at, email, full_name, is_active, password_hash, refresh_token, refresh_token_expiry_time, updated_at, username)
VALUES ('99999999-9999-9999-9999-999999999999', TIMESTAMPTZ '2025-01-01T00:00:00Z', 'admin@qams.local', 'Administrador Base', TRUE, '$2a$12$R9h/LIPzKuOfSRR6M9V39u.BBzBRS7O.O80X9/b9L.p51v5FzE5x.', NULL, NULL, NULL, 'admin');
2026-02-15 21:18:56.015 +00:00 [INF] Executed DbCommand (5ms) [Parameters=[], CommandType='"Text"', CommandTimeout='30']
INSERT INTO role_permissions ("PermissionId", "RoleId", "AssignedAt")
VALUES ('41544143-4f4c-5347-5f4d-414e41474500', '11111111-1111-1111-1111-111111111111', TIMESTAMPTZ '2025-01-01T00:00:00Z');
INSERT INTO role_permissions ("PermissionId", "RoleId", "AssignedAt")
VALUES ('41544143-4f4c-5347-5f56-494557000000', '11111111-1111-1111-1111-111111111111', TIMESTAMPTZ '2025-01-01T00:00:00Z');
INSERT INTO role_permissions ("PermissionId", "RoleId", "AssignedAt")
VALUES ('424e414b-4e41-435f-5245-415445000000', '11111111-1111-1111-1111-111111111111', TIMESTAMPTZ '2025-01-01T00:00:00Z');
INSERT INTO role_permissions ("PermissionId", "RoleId", "AssignedAt")
VALUES ('424e414b-4e41-445f-454c-455445000000', '11111111-1111-1111-1111-111111111111', TIMESTAMPTZ '2025-01-01T00:00:00Z');
INSERT INTO role_permissions ("PermissionId", "RoleId", "AssignedAt")
VALUES ('424e414b-4e41-555f-5044-415445000000', '11111111-1111-1111-1111-111111111111', TIMESTAMPTZ '2025-01-01T00:00:00Z');
INSERT INTO role_permissions ("PermissionId", "RoleId", "AssignedAt")
VALUES ('424e414b-4e41-565f-4945-570000000000', '11111111-1111-1111-1111-111111111111', TIMESTAMPTZ '2025-01-01T00:00:00Z');
INSERT INTO role_permissions ("PermissionId", "RoleId", "AssignedAt")
VALUES ('43455845-5455-4f49-4e53-5f4352454154', '11111111-1111-1111-1111-111111111111', TIMESTAMPTZ '2025-01-01T00:00:00Z');
INSERT INTO role_permissions ("PermissionId", "RoleId", "AssignedAt")
VALUES ('43455845-5455-4f49-4e53-5f5550444154', '11111111-1111-1111-1111-111111111111', TIMESTAMPTZ '2025-01-01T00:00:00Z');
INSERT INTO role_permissions ("PermissionId", "RoleId", "AssignedAt")
VALUES ('43455845-5455-4f49-4e53-5f55504c4f41', '11111111-1111-1111-1111-111111111111', TIMESTAMPTZ '2025-01-01T00:00:00Z');
INSERT INTO role_permissions ("PermissionId", "RoleId", "AssignedAt")
VALUES ('43455845-5455-4f49-4e53-5f5649455700', '11111111-1111-1111-1111-111111111111', TIMESTAMPTZ '2025-01-01T00:00:00Z');
INSERT INTO role_permissions ("PermissionId", "RoleId", "AssignedAt")
VALUES ('454c4f52-5f53-4544-4c45-544500000000', '11111111-1111-1111-1111-111111111111', TIMESTAMPTZ '2025-01-01T00:00:00Z');
INSERT INTO role_permissions ("PermissionId", "RoleId", "AssignedAt")
VALUES ('454c4f52-5f53-4956-4557-000000000000', '11111111-1111-1111-1111-111111111111', TIMESTAMPTZ '2025-01-01T00:00:00Z');
INSERT INTO role_permissions ("PermissionId", "RoleId", "AssignedAt")
VALUES ('454c4f52-5f53-5055-4441-544500000000', '11111111-1111-1111-1111-111111111111', TIMESTAMPTZ '2025-01-01T00:00:00Z');
INSERT INTO role_permissions ("PermissionId", "RoleId", "AssignedAt")
VALUES ('454c4f52-5f53-5243-4541-544500000000', '11111111-1111-1111-1111-111111111111', TIMESTAMPTZ '2025-01-01T00:00:00Z');
INSERT INTO role_permissions ("PermissionId", "RoleId", "AssignedAt")
VALUES ('454c4f52-5f53-5341-5349-474e5f504552', '11111111-1111-1111-1111-111111111111', TIMESTAMPTZ '2025-01-01T00:00:00Z');
INSERT INTO role_permissions ("PermissionId", "RoleId", "AssignedAt")
VALUES ('48534144-4f42-5241-445f-564945570000', '11111111-1111-1111-1111-111111111111', TIMESTAMPTZ '2025-01-01T00:00:00Z');
INSERT INTO role_permissions ("PermissionId", "RoleId", "AssignedAt")
VALUES ('4a4f5250-4345-5354-5f43-524541544500', '11111111-1111-1111-1111-111111111111', TIMESTAMPTZ '2025-01-01T00:00:00Z');
INSERT INTO role_permissions ("PermissionId", "RoleId", "AssignedAt")
VALUES ('4a4f5250-4345-5354-5f44-454c45544500', '11111111-1111-1111-1111-111111111111', TIMESTAMPTZ '2025-01-01T00:00:00Z');
INSERT INTO role_permissions ("PermissionId", "RoleId", "AssignedAt")
VALUES ('4a4f5250-4345-5354-5f55-504441544500', '11111111-1111-1111-1111-111111111111', TIMESTAMPTZ '2025-01-01T00:00:00Z');
INSERT INTO role_permissions ("PermissionId", "RoleId", "AssignedAt")
VALUES ('4a4f5250-4345-5354-5f56-494557000000', '11111111-1111-1111-1111-111111111111', TIMESTAMPTZ '2025-01-01T00:00:00Z');
INSERT INTO role_permissions ("PermissionId", "RoleId", "AssignedAt")
VALUES ('52455355-5f53-4544-4c45-544500000000', '11111111-1111-1111-1111-111111111111', TIMESTAMPTZ '2025-01-01T00:00:00Z');
INSERT INTO role_permissions ("PermissionId", "RoleId", "AssignedAt")
VALUES ('52455355-5f53-4956-4557-000000000000', '11111111-1111-1111-1111-111111111111', TIMESTAMPTZ '2025-01-01T00:00:00Z');
INSERT INTO role_permissions ("PermissionId", "RoleId", "AssignedAt")
VALUES ('52455355-5f53-5055-4441-544500000000', '11111111-1111-1111-1111-111111111111', TIMESTAMPTZ '2025-01-01T00:00:00Z');
INSERT INTO role_permissions ("PermissionId", "RoleId", "AssignedAt")
VALUES ('52455355-5f53-5243-4541-544500000000', '11111111-1111-1111-1111-111111111111', TIMESTAMPTZ '2025-01-01T00:00:00Z');
INSERT INTO role_permissions ("PermissionId", "RoleId", "AssignedAt")
VALUES ('54534554-435f-5341-4553-5f4352454154', '11111111-1111-1111-1111-111111111111', TIMESTAMPTZ '2025-01-01T00:00:00Z');
INSERT INTO role_permissions ("PermissionId", "RoleId", "AssignedAt")
VALUES ('54534554-435f-5341-4553-5f44454c4554', '11111111-1111-1111-1111-111111111111', TIMESTAMPTZ '2025-01-01T00:00:00Z');
INSERT INTO role_permissions ("PermissionId", "RoleId", "AssignedAt")
VALUES ('54534554-435f-5341-4553-5f5550444154', '11111111-1111-1111-1111-111111111111', TIMESTAMPTZ '2025-01-01T00:00:00Z');
INSERT INTO role_permissions ("PermissionId", "RoleId", "AssignedAt")
VALUES ('54534554-435f-5341-4553-5f5649455700', '11111111-1111-1111-1111-111111111111', TIMESTAMPTZ '2025-01-01T00:00:00Z');
2026-02-15 21:18:56.018 +00:00 [INF] Executed DbCommand (1ms) [Parameters=[], CommandType='"Text"', CommandTimeout='30']
INSERT INTO user_roles ("RoleId", "UserId", "AssignedAt")
VALUES ('11111111-1111-1111-1111-111111111111', '99999999-9999-9999-9999-999999999999', TIMESTAMPTZ '2025-01-01T00:00:00Z');
2026-02-15 21:18:56.026 +00:00 [INF] Executed DbCommand (8ms) [Parameters=[], CommandType='"Text"', CommandTimeout='30']
CREATE UNIQUE INDEX "IX_users_email" ON users (email);
2026-02-15 21:18:56.034 +00:00 [INF] Executed DbCommand (8ms) [Parameters=[], CommandType='"Text"', CommandTimeout='30']
CREATE UNIQUE INDEX "IX_users_username" ON users (username);
2026-02-15 21:18:56.045 +00:00 [INF] Executed DbCommand (10ms) [Parameters=[], CommandType='"Text"', CommandTimeout='30']
CREATE UNIQUE INDEX "IX_roles_name" ON roles (name);
2026-02-15 21:18:56.055 +00:00 [INF] Executed DbCommand (9ms) [Parameters=[], CommandType='"Text"', CommandTimeout='30']
CREATE UNIQUE INDEX "IX_test_case_priorities_code" ON test_case_priorities (code);
2026-02-15 21:18:56.066 +00:00 [INF] Executed DbCommand (10ms) [Parameters=[], CommandType='"Text"', CommandTimeout='30']
CREATE UNIQUE INDEX "IX_task_priorities_code" ON task_priorities (code);
2026-02-15 21:18:56.080 +00:00 [INF] Executed DbCommand (13ms) [Parameters=[], CommandType='"Text"', CommandTimeout='30']
CREATE UNIQUE INDEX "IX_step_result_statuses_code" ON step_result_statuses (code);
2026-02-15 21:18:56.090 +00:00 [INF] Executed DbCommand (10ms) [Parameters=[], CommandType='"Text"', CommandTimeout='30']
CREATE UNIQUE INDEX "IX_evidence_types_code" ON evidence_types (code);
2026-02-15 21:18:56.095 +00:00 [INF] Executed DbCommand (4ms) [Parameters=[], CommandType='"Text"', CommandTimeout='30']
ALTER TABLE "Evidences" ADD CONSTRAINT "FK_Evidences_evidence_types_FileTypeId" FOREIGN KEY ("FileTypeId") REFERENCES evidence_types (id) ON DELETE CASCADE;
2026-02-15 21:18:56.099 +00:00 [INF] Executed DbCommand (3ms) [Parameters=[], CommandType='"Text"', CommandTimeout='30']
ALTER TABLE "ExecutionStepResults" ADD CONSTRAINT "FK_ExecutionStepResults_step_result_statuses_StatusId" FOREIGN KEY ("StatusId") REFERENCES step_result_statuses (id) ON DELETE CASCADE;
2026-02-15 21:18:56.104 +00:00 [INF] Executed DbCommand (5ms) [Parameters=[], CommandType='"Text"', CommandTimeout='30']
ALTER TABLE "KanbanTasks" ADD CONSTRAINT "FK_KanbanTasks_task_priorities_PriorityId" FOREIGN KEY ("PriorityId") REFERENCES task_priorities (id) ON DELETE CASCADE;
2026-02-15 21:18:56.114 +00:00 [INF] Executed DbCommand (2ms) [Parameters=[], CommandType='"Text"', CommandTimeout='30']
ALTER TABLE "KanbanTasks" ADD CONSTRAINT "FK_KanbanTasks_users_AssigneeId" FOREIGN KEY ("AssigneeId") REFERENCES users (id);
2026-02-15 21:18:56.117 +00:00 [INF] Executed DbCommand (2ms) [Parameters=[], CommandType='"Text"', CommandTimeout='30']
ALTER TABLE role_permissions ADD CONSTRAINT "FK_role_permissions_roles_RoleId" FOREIGN KEY ("RoleId") REFERENCES roles (id) ON DELETE CASCADE;
2026-02-15 21:18:56.118 +00:00 [INF] Executed DbCommand (2ms) [Parameters=[], CommandType='"Text"', CommandTimeout='30']
ALTER TABLE test_executions ADD CONSTRAINT "FK_test_executions_users_tester_id" FOREIGN KEY (tester_id) REFERENCES users (id) ON DELETE RESTRICT;
2026-02-15 21:18:56.120 +00:00 [INF] Executed DbCommand (2ms) [Parameters=[], CommandType='"Text"', CommandTimeout='30']
ALTER TABLE "TestCases" ADD CONSTRAINT "FK_TestCases_test_case_priorities_PriorityId" FOREIGN KEY ("PriorityId") REFERENCES test_case_priorities (id) ON DELETE CASCADE;
2026-02-15 21:18:56.123 +00:00 [INF] Executed DbCommand (1ms) [Parameters=[], CommandType='"Text"', CommandTimeout='30']
ALTER TABLE user_roles ADD CONSTRAINT "FK_user_roles_roles_RoleId" FOREIGN KEY ("RoleId") REFERENCES roles (id) ON DELETE CASCADE;
2026-02-15 21:18:56.124 +00:00 [INF] Executed DbCommand (1ms) [Parameters=[], CommandType='"Text"', CommandTimeout='30']
ALTER TABLE user_roles ADD CONSTRAINT "FK_user_roles_users_UserId" FOREIGN KEY ("UserId") REFERENCES users (id) ON DELETE CASCADE;
2026-02-15 21:18:56.126 +00:00 [INF] Executed DbCommand (1ms) [Parameters=[], CommandType='"Text"', CommandTimeout='30']
SELECT setval(
    pg_get_serial_sequence('evidence_types', 'id'),
    GREATEST(
        (SELECT MAX(id) FROM evidence_types) + 1,
        nextval(pg_get_serial_sequence('evidence_types', 'id'))),
    false);
SELECT setval(
    pg_get_serial_sequence('step_result_statuses', 'id'),
    GREATEST(
        (SELECT MAX(id) FROM step_result_statuses) + 1,
        nextval(pg_get_serial_sequence('step_result_statuses', 'id'))),
    false);
SELECT setval(
    pg_get_serial_sequence('task_priorities', 'id'),
    GREATEST(
        (SELECT MAX(id) FROM task_priorities) + 1,
        nextval(pg_get_serial_sequence('task_priorities', 'id'))),
    false);
SELECT setval(
    pg_get_serial_sequence('test_case_priorities', 'id'),
    GREATEST(
        (SELECT MAX(id) FROM test_case_priorities) + 1,
        nextval(pg_get_serial_sequence('test_case_priorities', 'id'))),
    false);
2026-02-15 21:18:56.127 +00:00 [INF] Executed DbCommand (0ms) [Parameters=[], CommandType='"Text"', CommandTimeout='30']
INSERT INTO "__EFMigrationsHistory" ("MigrationId", "ProductVersion")
VALUES ('20260215192006_AddSystemSeeding', '8.0.11');
2026-02-15 21:18:56.134 +00:00 [INF] Applying migration '20260215203955_StandardizeNaming'.
2026-02-15 21:18:56.156 +00:00 [INF] Executed DbCommand (1ms) [Parameters=[], CommandType='"Text"', CommandTimeout='30']
ALTER TABLE role_permissions DROP CONSTRAINT "FK_role_permissions_Permissions_PermissionId";
2026-02-15 21:18:56.158 +00:00 [INF] Executed DbCommand (1ms) [Parameters=[], CommandType='"Text"', CommandTimeout='30']
ALTER TABLE role_permissions DROP CONSTRAINT "FK_role_permissions_roles_RoleId";
2026-02-15 21:18:56.159 +00:00 [INF] Executed DbCommand (1ms) [Parameters=[], CommandType='"Text"', CommandTimeout='30']
ALTER TABLE user_roles DROP CONSTRAINT "FK_user_roles_roles_RoleId";
2026-02-15 21:18:56.160 +00:00 [INF] Executed DbCommand (1ms) [Parameters=[], CommandType='"Text"', CommandTimeout='30']
ALTER TABLE user_roles DROP CONSTRAINT "FK_user_roles_users_UserId";
2026-02-15 21:18:56.161 +00:00 [INF] Executed DbCommand (0ms) [Parameters=[], CommandType='"Text"', CommandTimeout='30']
ALTER TABLE "Permissions" DROP CONSTRAINT "PK_Permissions";
2026-02-15 21:18:56.161 +00:00 [INF] Executed DbCommand (0ms) [Parameters=[], CommandType='"Text"', CommandTimeout='30']
ALTER TABLE "Permissions" RENAME TO permissions;
2026-02-15 21:18:56.162 +00:00 [INF] Executed DbCommand (0ms) [Parameters=[], CommandType='"Text"', CommandTimeout='30']
ALTER TABLE user_roles RENAME COLUMN "AssignedAt" TO assigned_at;
2026-02-15 21:18:56.162 +00:00 [INF] Executed DbCommand (0ms) [Parameters=[], CommandType='"Text"', CommandTimeout='30']
ALTER TABLE user_roles RENAME COLUMN "RoleId" TO role_id;
2026-02-15 21:18:56.162 +00:00 [INF] Executed DbCommand (0ms) [Parameters=[], CommandType='"Text"', CommandTimeout='30']
ALTER TABLE user_roles RENAME COLUMN "UserId" TO user_id;
2026-02-15 21:18:56.163 +00:00 [INF] Executed DbCommand (0ms) [Parameters=[], CommandType='"Text"', CommandTimeout='30']
ALTER INDEX "IX_user_roles_RoleId" RENAME TO "IX_user_roles_role_id";
2026-02-15 21:18:56.163 +00:00 [INF] Executed DbCommand (0ms) [Parameters=[], CommandType='"Text"', CommandTimeout='30']
ALTER TABLE role_permissions RENAME COLUMN "AssignedAt" TO assigned_at;
2026-02-15 21:18:56.164 +00:00 [INF] Executed DbCommand (0ms) [Parameters=[], CommandType='"Text"', CommandTimeout='30']
ALTER TABLE role_permissions RENAME COLUMN "PermissionId" TO permission_id;
2026-02-15 21:18:56.165 +00:00 [INF] Executed DbCommand (0ms) [Parameters=[], CommandType='"Text"', CommandTimeout='30']
ALTER TABLE role_permissions RENAME COLUMN "RoleId" TO role_id;
2026-02-15 21:18:56.166 +00:00 [INF] Executed DbCommand (0ms) [Parameters=[], CommandType='"Text"', CommandTimeout='30']
ALTER INDEX "IX_role_permissions_PermissionId" RENAME TO "IX_role_permissions_permission_id";
2026-02-15 21:18:56.167 +00:00 [INF] Executed DbCommand (0ms) [Parameters=[], CommandType='"Text"', CommandTimeout='30']
ALTER TABLE permissions RENAME COLUMN "Module" TO module;
2026-02-15 21:18:56.167 +00:00 [INF] Executed DbCommand (0ms) [Parameters=[], CommandType='"Text"', CommandTimeout='30']
ALTER TABLE permissions RENAME COLUMN "Description" TO description;
2026-02-15 21:18:56.168 +00:00 [INF] Executed DbCommand (0ms) [Parameters=[], CommandType='"Text"', CommandTimeout='30']
ALTER TABLE permissions RENAME COLUMN "Code" TO code;
2026-02-15 21:18:56.168 +00:00 [INF] Executed DbCommand (0ms) [Parameters=[], CommandType='"Text"', CommandTimeout='30']
ALTER TABLE permissions RENAME COLUMN "Id" TO id;
2026-02-15 21:18:56.169 +00:00 [INF] Executed DbCommand (0ms) [Parameters=[], CommandType='"Text"', CommandTimeout='30']
ALTER TABLE permissions RENAME COLUMN "CreatedAt" TO created_at;
2026-02-15 21:18:56.178 +00:00 [INF] Executed DbCommand (9ms) [Parameters=[], CommandType='"Text"', CommandTimeout='30']
ALTER TABLE permissions ALTER COLUMN module TYPE character varying(100);
2026-02-15 21:18:56.187 +00:00 [INF] Executed DbCommand (9ms) [Parameters=[], CommandType='"Text"', CommandTimeout='30']
ALTER TABLE permissions ALTER COLUMN description TYPE character varying(500);
2026-02-15 21:18:56.198 +00:00 [INF] Executed DbCommand (10ms) [Parameters=[], CommandType='"Text"', CommandTimeout='30']
ALTER TABLE permissions ALTER COLUMN code TYPE character varying(100);
2026-02-15 21:18:56.199 +00:00 [INF] Executed DbCommand (1ms) [Parameters=[], CommandType='"Text"', CommandTimeout='30']
ALTER TABLE permissions ALTER COLUMN created_at SET DEFAULT (NOW());
2026-02-15 21:18:56.208 +00:00 [INF] Executed DbCommand (8ms) [Parameters=[], CommandType='"Text"', CommandTimeout='30']
ALTER TABLE permissions ADD CONSTRAINT "PK_permissions" PRIMARY KEY (id);
2026-02-15 21:18:56.210 +00:00 [INF] Executed DbCommand (1ms) [Parameters=[], CommandType='"Text"', CommandTimeout='30']
UPDATE evidence_types SET created_at = TIMESTAMPTZ '2026-02-15T20:39:53.949743Z'
WHERE id = 1;
2026-02-15 21:18:56.211 +00:00 [INF] Executed DbCommand (0ms) [Parameters=[], CommandType='"Text"', CommandTimeout='30']
UPDATE evidence_types SET created_at = TIMESTAMPTZ '2026-02-15T20:39:53.949743Z'
WHERE id = 2;
2026-02-15 21:18:56.212 +00:00 [INF] Executed DbCommand (0ms) [Parameters=[], CommandType='"Text"', CommandTimeout='30']
UPDATE evidence_types SET created_at = TIMESTAMPTZ '2026-02-15T20:39:53.949744Z'
WHERE id = 3;
2026-02-15 21:18:56.212 +00:00 [INF] Executed DbCommand (0ms) [Parameters=[], CommandType='"Text"', CommandTimeout='30']
UPDATE evidence_types SET created_at = TIMESTAMPTZ '2026-02-15T20:39:53.949744Z'
WHERE id = 4;
2026-02-15 21:18:56.213 +00:00 [INF] Executed DbCommand (0ms) [Parameters=[], CommandType='"Text"', CommandTimeout='30']
UPDATE execution_statuses SET created_at = TIMESTAMPTZ '2026-02-15T20:39:53.950681Z'
WHERE id = 1;
2026-02-15 21:18:56.214 +00:00 [INF] Executed DbCommand (0ms) [Parameters=[], CommandType='"Text"', CommandTimeout='30']
UPDATE execution_statuses SET created_at = TIMESTAMPTZ '2026-02-15T20:39:53.950682Z'
WHERE id = 2;
2026-02-15 21:18:56.215 +00:00 [INF] Executed DbCommand (0ms) [Parameters=[], CommandType='"Text"', CommandTimeout='30']
UPDATE execution_statuses SET created_at = TIMESTAMPTZ '2026-02-15T20:39:53.950682Z'
WHERE id = 3;
2026-02-15 21:18:56.215 +00:00 [INF] Executed DbCommand (0ms) [Parameters=[], CommandType='"Text"', CommandTimeout='30']
UPDATE execution_statuses SET created_at = TIMESTAMPTZ '2026-02-15T20:39:53.950683Z'
WHERE id = 4;
2026-02-15 21:18:56.216 +00:00 [INF] Executed DbCommand (0ms) [Parameters=[], CommandType='"Text"', CommandTimeout='30']
UPDATE execution_statuses SET created_at = TIMESTAMPTZ '2026-02-15T20:39:53.950683Z'
WHERE id = 5;
2026-02-15 21:18:56.217 +00:00 [INF] Executed DbCommand (0ms) [Parameters=[], CommandType='"Text"', CommandTimeout='30']
UPDATE execution_statuses SET created_at = TIMESTAMPTZ '2026-02-15T20:39:53.950683Z'
WHERE id = 6;
2026-02-15 21:18:56.218 +00:00 [INF] Executed DbCommand (1ms) [Parameters=[], CommandType='"Text"', CommandTimeout='30']
UPDATE step_result_statuses SET created_at = TIMESTAMPTZ '2026-02-15T20:39:53.954525Z'
WHERE id = 1;
2026-02-15 21:18:56.218 +00:00 [INF] Executed DbCommand (0ms) [Parameters=[], CommandType='"Text"', CommandTimeout='30']
UPDATE step_result_statuses SET created_at = TIMESTAMPTZ '2026-02-15T20:39:53.954525Z'
WHERE id = 2;
2026-02-15 21:18:56.219 +00:00 [INF] Executed DbCommand (0ms) [Parameters=[], CommandType='"Text"', CommandTimeout='30']
UPDATE step_result_statuses SET created_at = TIMESTAMPTZ '2026-02-15T20:39:53.954526Z'
WHERE id = 3;
2026-02-15 21:18:56.220 +00:00 [INF] Executed DbCommand (0ms) [Parameters=[], CommandType='"Text"', CommandTimeout='30']
UPDATE step_result_statuses SET created_at = TIMESTAMPTZ '2026-02-15T20:39:53.954526Z'
WHERE id = 4;
2026-02-15 21:18:56.220 +00:00 [INF] Executed DbCommand (1ms) [Parameters=[], CommandType='"Text"', CommandTimeout='30']
UPDATE task_priorities SET created_at = TIMESTAMPTZ '2026-02-15T20:39:53.955243Z'
WHERE id = 1;
2026-02-15 21:18:56.221 +00:00 [INF] Executed DbCommand (0ms) [Parameters=[], CommandType='"Text"', CommandTimeout='30']
UPDATE task_priorities SET created_at = TIMESTAMPTZ '2026-02-15T20:39:53.955244Z'
WHERE id = 2;
2026-02-15 21:18:56.222 +00:00 [INF] Executed DbCommand (0ms) [Parameters=[], CommandType='"Text"', CommandTimeout='30']
UPDATE task_priorities SET created_at = TIMESTAMPTZ '2026-02-15T20:39:53.955244Z'
WHERE id = 3;
2026-02-15 21:18:56.222 +00:00 [INF] Executed DbCommand (0ms) [Parameters=[], CommandType='"Text"', CommandTimeout='30']
UPDATE task_priorities SET created_at = TIMESTAMPTZ '2026-02-15T20:39:53.955244Z'
WHERE id = 4;
2026-02-15 21:18:56.223 +00:00 [INF] Executed DbCommand (1ms) [Parameters=[], CommandType='"Text"', CommandTimeout='30']
UPDATE test_case_priorities SET created_at = TIMESTAMPTZ '2026-02-15T20:39:53.955926Z'
WHERE id = 1;
2026-02-15 21:18:56.223 +00:00 [INF] Executed DbCommand (0ms) [Parameters=[], CommandType='"Text"', CommandTimeout='30']
UPDATE test_case_priorities SET created_at = TIMESTAMPTZ '2026-02-15T20:39:53.955926Z'
WHERE id = 2;
2026-02-15 21:18:56.224 +00:00 [INF] Executed DbCommand (0ms) [Parameters=[], CommandType='"Text"', CommandTimeout='30']
UPDATE test_case_priorities SET created_at = TIMESTAMPTZ '2026-02-15T20:39:53.955927Z'
WHERE id = 3;
2026-02-15 21:18:56.224 +00:00 [INF] Executed DbCommand (0ms) [Parameters=[], CommandType='"Text"', CommandTimeout='30']
UPDATE test_case_priorities SET created_at = TIMESTAMPTZ '2026-02-15T20:39:53.955927Z'
WHERE id = 4;
2026-02-15 21:18:56.225 +00:00 [INF] Executed DbCommand (1ms) [Parameters=[], CommandType='"Text"', CommandTimeout='30']
ALTER TABLE role_permissions ADD CONSTRAINT "FK_role_permissions_permissions_permission_id" FOREIGN KEY (permission_id) REFERENCES permissions (id) ON DELETE CASCADE;
2026-02-15 21:18:56.227 +00:00 [INF] Executed DbCommand (1ms) [Parameters=[], CommandType='"Text"', CommandTimeout='30']
ALTER TABLE role_permissions ADD CONSTRAINT "FK_role_permissions_roles_role_id" FOREIGN KEY (role_id) REFERENCES roles (id) ON DELETE CASCADE;
2026-02-15 21:18:56.228 +00:00 [INF] Executed DbCommand (1ms) [Parameters=[], CommandType='"Text"', CommandTimeout='30']
ALTER TABLE user_roles ADD CONSTRAINT "FK_user_roles_roles_role_id" FOREIGN KEY (role_id) REFERENCES roles (id) ON DELETE CASCADE;
2026-02-15 21:18:56.229 +00:00 [INF] Executed DbCommand (1ms) [Parameters=[], CommandType='"Text"', CommandTimeout='30']
ALTER TABLE user_roles ADD CONSTRAINT "FK_user_roles_users_user_id" FOREIGN KEY (user_id) REFERENCES users (id) ON DELETE CASCADE;
2026-02-15 21:18:56.230 +00:00 [INF] Executed DbCommand (0ms) [Parameters=[], CommandType='"Text"', CommandTimeout='30']
INSERT INTO "__EFMigrationsHistory" ("MigrationId", "ProductVersion")
VALUES ('20260215203955_StandardizeNaming', '8.0.11');
2026-02-15 21:18:56.238 +00:00 [INF] Database migrations applied.
2026-02-15 21:18:56.245 +00:00 [INF] Executed DbCommand (1ms) [Parameters=[], CommandType='"Text"', CommandTimeout='30']
SELECT EXISTS (
    SELECT 1 FROM pg_catalog.pg_class c
    JOIN pg_catalog.pg_namespace n ON n.oid=c.relnamespace
    WHERE n.nspname='public' AND
          c.relname='__EFMigrationsHistory'
)
2026-02-15 21:18:56.246 +00:00 [INF] Executed DbCommand (1ms) [Parameters=[], CommandType='"Text"', CommandTimeout='30']
SELECT "MigrationId", "ProductVersion"
FROM "__EFMigrationsHistory"
ORDER BY "MigrationId";
2026-02-15 21:18:56.324 +00:00 [INF] QAMS API iniciada en Docker.
2026-02-15 21:18:56.335 +00:00 [WRN] Storing keys in a directory '/root/.aspnet/DataProtection-Keys' that may not be persisted outside of the container. Protected data will be unavailable when container is destroyed. For more information go to https://aka.ms/aspnet/dataprotectionwarning
2026-02-15 21:18:56.335 +00:00 [INF] User profile is available. Using '/root/.aspnet/DataProtection-Keys' as key repository; keys will not be encrypted at rest.
2026-02-15 21:18:56.347 +00:00 [INF] Creating key {d9ca97a0-8e0d-43d8-835d-9fd24ecd6772} with creation date 2026-02-15 21:18:56Z, activation date 2026-02-15 21:18:56Z, and expiration date 2026-05-16 21:18:56Z.
2026-02-15 21:18:56.353 +00:00 [WRN] No XML encryptor configured. Key {d9ca97a0-8e0d-43d8-835d-9fd24ecd6772} may be persisted to storage in unencrypted form.
2026-02-15 21:18:56.361 +00:00 [INF] Writing data to file '/root/.aspnet/DataProtection-Keys/key-d9ca97a0-8e0d-43d8-835d-9fd24ecd6772.xml'.
2026-02-15 21:18:56.371 +00:00 [WRN] Overriding HTTP_PORTS '8080' and HTTPS_PORTS ''. Binding to values defined by URLS instead 'http://+:8080'.
2026-02-15 21:18:56.392 +00:00 [WRN] The WebRootPath was not found: /app/wwwroot. Static files may be unavailable.
2026-02-15 21:18:56.414 +00:00 [INF] Now listening on: http://[::]:8080
2026-02-15 21:18:56.414 +00:00 [INF] Application started. Press Ctrl+C to shut down.
2026-02-15 21:18:56.415 +00:00 [INF] Hosting environment: Docker
2026-02-15 21:18:56.415 +00:00 [INF] Content root path: /app
2026-02-15 21:19:06.649 +00:00 [INF] Request starting HTTP/1.1 POST http://localhost:5000/api/auth/login - application/json 61
2026-02-15 21:19:06.725 +00:00 [INF] Executing endpoint 'QAMS.Api.Controllers.AuthController.Login (QAMS.Api)'
2026-02-15 21:19:06.740 +00:00 [INF] Route matched with {action = "Login", controller = "Auth"}. Executing controller action with signature System.Threading.Tasks.Task`1[Microsoft.AspNetCore.Mvc.IActionResult] Login(QAMS.Application.DTOs.Auth.LoginRequestDto) on controller QAMS.Api.Controllers.AuthController (QAMS.Api).
2026-02-15 21:19:06.790 +00:00 [INF] POST /api/auth/login - Usuario: admin
2026-02-15 21:19:06.793 +00:00 [INF] Intento de login: 'admin'.
2026-02-15 21:19:07.105 +00:00 [INF] Executed DbCommand (14ms) [Parameters=[@__username_0='?'], CommandType='"Text"', CommandTimeout='30']
SELECT u.id, u.created_at, u.email, u.full_name, u.is_active, u.password_hash, u.refresh_token, u.refresh_token_expiry_time, u.updated_at, u.username
FROM users AS u
WHERE u.username = @__username_0
ORDER BY u.id
LIMIT 1
2026-02-15 21:19:07.180 +00:00 [INF] Executed DbCommand (2ms) [Parameters=[@__username_0='?'], CommandType='"Text"', CommandTimeout='30']
SELECT t0.user_id, t0.role_id, t0.assigned_at, t0.id, t0.created_at, t0.description, t0.is_active, t0.name, t.id
FROM (
    SELECT u.id
    FROM users AS u
    WHERE u.username = @__username_0
    LIMIT 1
) AS t
INNER JOIN (
    SELECT u0.user_id, u0.role_id, u0.assigned_at, r.id, r.created_at, r.description, r.is_active, r.name
    FROM user_roles AS u0
    INNER JOIN roles AS r ON u0.role_id = r.id
) AS t0 ON t.id = t0.user_id
ORDER BY t.id, t0.user_id, t0.role_id, t0.id
2026-02-15 21:19:07.226 +00:00 [INF] Executed DbCommand (3ms) [Parameters=[@__username_0='?'], CommandType='"Text"', CommandTimeout='30']
SELECT t1.role_id, t1.permission_id, t1.assigned_at, t1.id, t1.code, t1.created_at, t1.description, t1.module, t.id, t0.user_id, t0.role_id, t0.id
FROM (
    SELECT u.id
    FROM users AS u
    WHERE u.username = @__username_0
    LIMIT 1
) AS t
INNER JOIN (
    SELECT u0.user_id, u0.role_id, r.id
    FROM user_roles AS u0
    INNER JOIN roles AS r ON u0.role_id = r.id
) AS t0 ON t.id = t0.user_id
INNER JOIN (
    SELECT r0.role_id, r0.permission_id, r0.assigned_at, p.id, p.code, p.created_at, p.description, p.module
    FROM role_permissions AS r0
    INNER JOIN permissions AS p ON r0.permission_id = p.id
) AS t1 ON t0.id = t1.role_id
ORDER BY t.id, t0.user_id, t0.role_id, t0.id
2026-02-15 21:19:07.896 +00:00 [WRN] Contraseña incorrecta para 'admin'.
2026-02-15 21:19:07.901 +00:00 [INF] Executed action QAMS.Api.Controllers.AuthController.Login (QAMS.Api) in 1157.8776ms
2026-02-15 21:19:07.904 +00:00 [INF] Executed endpoint 'QAMS.Api.Controllers.AuthController.Login (QAMS.Api)'
2026-02-15 21:19:07.906 +00:00 [WRN] Error de dominio: Credenciales inválidas.
QAMS.Domain.Exceptions.DomainException: Credenciales inválidas.
   at QAMS.Application.Services.AuthService.LoginAsync(LoginRequestDto request) in /src/src/QAMS.Application/Services/AuthService.cs:line 48
   at QAMS.Api.Controllers.AuthController.Login(LoginRequestDto request) in /src/src/QAMS.Api/Controllers/AuthController.cs:line 29
   at Microsoft.AspNetCore.Mvc.Infrastructure.ActionMethodExecutor.TaskOfIActionResultExecutor.Execute(ActionContext actionContext, IActionResultTypeMapper mapper, ObjectMethodExecutor executor, Object controller, Object[] arguments)
   at Microsoft.AspNetCore.Mvc.Infrastructure.ControllerActionInvoker.<InvokeActionMethodAsync>g__Awaited|12_0(ControllerActionInvoker invoker, ValueTask`1 actionResultValueTask)
   at Microsoft.AspNetCore.Mvc.Infrastructure.ControllerActionInvoker.<InvokeNextActionFilterAsync>g__Awaited|10_0(ControllerActionInvoker invoker, Task lastTask, State next, Scope scope, Object state, Boolean isCompleted)
   at Microsoft.AspNetCore.Mvc.Infrastructure.ControllerActionInvoker.Rethrow(ActionExecutedContextSealed context)
   at Microsoft.AspNetCore.Mvc.Infrastructure.ControllerActionInvoker.Next(State& next, Scope& scope, Object& state, Boolean& isCompleted)
   at Microsoft.AspNetCore.Mvc.Infrastructure.ControllerActionInvoker.<InvokeInnerFilterAsync>g__Awaited|13_0(ControllerActionInvoker invoker, Task lastTask, State next, Scope scope, Object state, Boolean isCompleted)
   at Microsoft.AspNetCore.Mvc.Infrastructure.ResourceInvoker.<InvokeFilterPipelineAsync>g__Awaited|20_0(ResourceInvoker invoker, Task lastTask, State next, Scope scope, Object state, Boolean isCompleted)
   at Microsoft.AspNetCore.Mvc.Infrastructure.ResourceInvoker.<InvokeAsync>g__Logged|17_1(ResourceInvoker invoker)
   at Microsoft.AspNetCore.Mvc.Infrastructure.ResourceInvoker.<InvokeAsync>g__Logged|17_1(ResourceInvoker invoker)
   at Microsoft.AspNetCore.Routing.EndpointMiddleware.<Invoke>g__AwaitRequestTask|7_0(Endpoint endpoint, Task requestTask, ILogger logger)
   at Microsoft.AspNetCore.Authorization.AuthorizationMiddleware.Invoke(HttpContext context)
   at Microsoft.AspNetCore.Authentication.AuthenticationMiddleware.Invoke(HttpContext context)
   at Swashbuckle.AspNetCore.SwaggerUI.SwaggerUIMiddleware.Invoke(HttpContext httpContext)
   at Swashbuckle.AspNetCore.Swagger.SwaggerMiddleware.Invoke(HttpContext httpContext, ISwaggerProvider swaggerProvider)
   at QAMS.Api.Middleware.ExceptionHandlingMiddleware.InvokeAsync(HttpContext context) in /src/src/QAMS.Api/Middleware/ExceptionHandlingMiddleware.cs:line 27
2026-02-15 21:19:07.947 +00:00 [INF] Request finished HTTP/1.1 POST http://localhost:5000/api/auth/login - 400 null application/json 1299.2571ms
2026-02-15 21:19:24.172 +00:00 [INF] Request starting HTTP/1.1 POST http://localhost:5000/api/auth/login - application/json 61
2026-02-15 21:19:24.178 +00:00 [INF] Executing endpoint 'QAMS.Api.Controllers.AuthController.Login (QAMS.Api)'
2026-02-15 21:19:24.179 +00:00 [INF] Route matched with {action = "Login", controller = "Auth"}. Executing controller action with signature System.Threading.Tasks.Task`1[Microsoft.AspNetCore.Mvc.IActionResult] Login(QAMS.Application.DTOs.Auth.LoginRequestDto) on controller QAMS.Api.Controllers.AuthController (QAMS.Api).
2026-02-15 21:19:24.220 +00:00 [INF] POST /api/auth/login - Usuario: admin
2026-02-15 21:19:24.221 +00:00 [INF] Intento de login: 'admin'.
2026-02-15 21:19:24.229 +00:00 [INF] Executed DbCommand (1ms) [Parameters=[@__username_0='?'], CommandType='"Text"', CommandTimeout='30']
SELECT u.id, u.created_at, u.email, u.full_name, u.is_active, u.password_hash, u.refresh_token, u.refresh_token_expiry_time, u.updated_at, u.username
FROM users AS u
WHERE u.username = @__username_0
ORDER BY u.id
LIMIT 1
2026-02-15 21:19:24.231 +00:00 [INF] Executed DbCommand (1ms) [Parameters=[@__username_0='?'], CommandType='"Text"', CommandTimeout='30']
SELECT t0.user_id, t0.role_id, t0.assigned_at, t0.id, t0.created_at, t0.description, t0.is_active, t0.name, t.id
FROM (
    SELECT u.id
    FROM users AS u
    WHERE u.username = @__username_0
    LIMIT 1
) AS t
INNER JOIN (
    SELECT u0.user_id, u0.role_id, u0.assigned_at, r.id, r.created_at, r.description, r.is_active, r.name
    FROM user_roles AS u0
    INNER JOIN roles AS r ON u0.role_id = r.id
) AS t0 ON t.id = t0.user_id
ORDER BY t.id, t0.user_id, t0.role_id, t0.id
2026-02-15 21:19:24.234 +00:00 [INF] Executed DbCommand (1ms) [Parameters=[@__username_0='?'], CommandType='"Text"', CommandTimeout='30']
SELECT t1.role_id, t1.permission_id, t1.assigned_at, t1.id, t1.code, t1.created_at, t1.description, t1.module, t.id, t0.user_id, t0.role_id, t0.id
FROM (
    SELECT u.id
    FROM users AS u
    WHERE u.username = @__username_0
    LIMIT 1
) AS t
INNER JOIN (
    SELECT u0.user_id, u0.role_id, r.id
    FROM user_roles AS u0
    INNER JOIN roles AS r ON u0.role_id = r.id
) AS t0 ON t.id = t0.user_id
INNER JOIN (
    SELECT r0.role_id, r0.permission_id, r0.assigned_at, p.id, p.code, p.created_at, p.description, p.module
    FROM role_permissions AS r0
    INNER JOIN permissions AS p ON r0.permission_id = p.id
) AS t1 ON t0.id = t1.role_id
ORDER BY t.id, t0.user_id, t0.role_id, t0.id
2026-02-15 21:19:24.641 +00:00 [WRN] Contraseña incorrecta para 'admin'.
2026-02-15 21:19:24.643 +00:00 [INF] Executed action QAMS.Api.Controllers.AuthController.Login (QAMS.Api) in 463.4394ms
2026-02-15 21:19:24.644 +00:00 [INF] Executed endpoint 'QAMS.Api.Controllers.AuthController.Login (QAMS.Api)'
2026-02-15 21:19:24.644 +00:00 [WRN] Error de dominio: Credenciales inválidas.
QAMS.Domain.Exceptions.DomainException: Credenciales inválidas.
   at QAMS.Application.Services.AuthService.LoginAsync(LoginRequestDto request) in /src/src/QAMS.Application/Services/AuthService.cs:line 48
   at QAMS.Api.Controllers.AuthController.Login(LoginRequestDto request) in /src/src/QAMS.Api/Controllers/AuthController.cs:line 29
   at Microsoft.AspNetCore.Mvc.Infrastructure.ActionMethodExecutor.TaskOfIActionResultExecutor.Execute(ActionContext actionContext, IActionResultTypeMapper mapper, ObjectMethodExecutor executor, Object controller, Object[] arguments)
   at Microsoft.AspNetCore.Mvc.Infrastructure.ControllerActionInvoker.<InvokeActionMethodAsync>g__Awaited|12_0(ControllerActionInvoker invoker, ValueTask`1 actionResultValueTask)
   at Microsoft.AspNetCore.Mvc.Infrastructure.ControllerActionInvoker.<InvokeNextActionFilterAsync>g__Awaited|10_0(ControllerActionInvoker invoker, Task lastTask, State next, Scope scope, Object state, Boolean isCompleted)
   at Microsoft.AspNetCore.Mvc.Infrastructure.ControllerActionInvoker.Rethrow(ActionExecutedContextSealed context)
   at Microsoft.AspNetCore.Mvc.Infrastructure.ControllerActionInvoker.Next(State& next, Scope& scope, Object& state, Boolean& isCompleted)
   at Microsoft.AspNetCore.Mvc.Infrastructure.ControllerActionInvoker.<InvokeInnerFilterAsync>g__Awaited|13_0(ControllerActionInvoker invoker, Task lastTask, State next, Scope scope, Object state, Boolean isCompleted)
   at Microsoft.AspNetCore.Mvc.Infrastructure.ResourceInvoker.<InvokeFilterPipelineAsync>g__Awaited|20_0(ResourceInvoker invoker, Task lastTask, State next, Scope scope, Object state, Boolean isCompleted)
   at Microsoft.AspNetCore.Mvc.Infrastructure.ResourceInvoker.<InvokeAsync>g__Logged|17_1(ResourceInvoker invoker)
   at Microsoft.AspNetCore.Mvc.Infrastructure.ResourceInvoker.<InvokeAsync>g__Logged|17_1(ResourceInvoker invoker)
   at Microsoft.AspNetCore.Routing.EndpointMiddleware.<Invoke>g__AwaitRequestTask|7_0(Endpoint endpoint, Task requestTask, ILogger logger)
   at Microsoft.AspNetCore.Authorization.AuthorizationMiddleware.Invoke(HttpContext context)
   at Microsoft.AspNetCore.Authentication.AuthenticationMiddleware.Invoke(HttpContext context)
   at Swashbuckle.AspNetCore.SwaggerUI.SwaggerUIMiddleware.Invoke(HttpContext httpContext)
   at Swashbuckle.AspNetCore.Swagger.SwaggerMiddleware.Invoke(HttpContext httpContext, ISwaggerProvider swaggerProvider)
   at QAMS.Api.Middleware.ExceptionHandlingMiddleware.InvokeAsync(HttpContext context) in /src/src/QAMS.Api/Middleware/ExceptionHandlingMiddleware.cs:line 27
2026-02-15 21:19:24.647 +00:00 [INF] Request finished HTTP/1.1 POST http://localhost:5000/api/auth/login - 400 null application/json 474.5153ms
2026-02-15 21:19:59.208 +00:00 [INF] Request starting HTTP/1.1 POST http://localhost:5000/api/auth/register - application/json 133
2026-02-15 21:19:59.211 +00:00 [INF] Executing endpoint 'QAMS.Api.Controllers.AuthController.Register (QAMS.Api)'
2026-02-15 21:19:59.218 +00:00 [INF] Route matched with {action = "Register", controller = "Auth"}. Executing controller action with signature System.Threading.Tasks.Task`1[Microsoft.AspNetCore.Mvc.IActionResult] Register(QAMS.Application.DTOs.Auth.RegisterRequestDto) on controller QAMS.Api.Controllers.AuthController (QAMS.Api).
2026-02-15 21:19:59.227 +00:00 [INF] POST /api/auth/register - Usuario: tempuser2
2026-02-15 21:19:59.228 +00:00 [INF] Registro: 'tempuser2'.
2026-02-15 21:19:59.240 +00:00 [INF] Executed DbCommand (1ms) [Parameters=[@__username_0='?'], CommandType='"Text"', CommandTimeout='30']
SELECT u.id, u.created_at, u.email, u.full_name, u.is_active, u.password_hash, u.refresh_token, u.refresh_token_expiry_time, u.updated_at, u.username
FROM users AS u
WHERE u.username = @__username_0
LIMIT 1
2026-02-15 21:19:59.247 +00:00 [INF] Executed DbCommand (1ms) [Parameters=[@__email_0='?'], CommandType='"Text"', CommandTimeout='30']
SELECT u.id, u.created_at, u.email, u.full_name, u.is_active, u.password_hash, u.refresh_token, u.refresh_token_expiry_time, u.updated_at, u.username
FROM users AS u
WHERE u.email = @__email_0
LIMIT 1
2026-02-15 21:19:59.539 +00:00 [INF] Executed DbCommand (8ms) [Parameters=[@p0='?' (DbType = Guid), @p1='?' (DbType = DateTime), @p2='?', @p3='?', @p4='?', @p5='?', @p6='?' (DbType = DateTime), @p7='?' (DbType = DateTime), @p8='?'], CommandType='"Text"', CommandTimeout='30']
INSERT INTO users (id, created_at, email, full_name, password_hash, refresh_token, refresh_token_expiry_time, updated_at, username)
VALUES (@p0, @p1, @p2, @p3, @p4, @p5, @p6, @p7, @p8)
RETURNING is_active;
2026-02-15 21:19:59.553 +00:00 [INF] 1 cambios persistidos.
2026-02-15 21:19:59.554 +00:00 [INF] Usuario registrado: 'tempuser2' ("00d60742-b7fe-4999-a5e3-918009e8b629").
2026-02-15 21:19:59.555 +00:00 [INF] Intento de login: 'tempuser2'.
2026-02-15 21:19:59.556 +00:00 [INF] Executed DbCommand (1ms) [Parameters=[@__username_0='?'], CommandType='"Text"', CommandTimeout='30']
SELECT u.id, u.created_at, u.email, u.full_name, u.is_active, u.password_hash, u.refresh_token, u.refresh_token_expiry_time, u.updated_at, u.username
FROM users AS u
WHERE u.username = @__username_0
ORDER BY u.id
LIMIT 1
2026-02-15 21:19:59.557 +00:00 [INF] Executed DbCommand (1ms) [Parameters=[@__username_0='?'], CommandType='"Text"', CommandTimeout='30']
SELECT t0.user_id, t0.role_id, t0.assigned_at, t0.id, t0.created_at, t0.description, t0.is_active, t0.name, t.id
FROM (
    SELECT u.id
    FROM users AS u
    WHERE u.username = @__username_0
    LIMIT 1
) AS t
INNER JOIN (
    SELECT u0.user_id, u0.role_id, u0.assigned_at, r.id, r.created_at, r.description, r.is_active, r.name
    FROM user_roles AS u0
    INNER JOIN roles AS r ON u0.role_id = r.id
) AS t0 ON t.id = t0.user_id
ORDER BY t.id, t0.user_id, t0.role_id, t0.id
2026-02-15 21:19:59.792 +00:00 [INF] Obteniendo permisos del usuario '"00d60742-b7fe-4999-a5e3-918009e8b629"'.
2026-02-15 21:19:59.806 +00:00 [INF] Executed DbCommand (1ms) [Parameters=[@__userId_0='?' (DbType = Guid)], CommandType='"Text"', CommandTimeout='30']
SELECT DISTINCT p.code
FROM user_roles AS u
INNER JOIN roles AS r ON u.role_id = r.id
INNER JOIN role_permissions AS r0 ON r.id = r0.role_id
INNER JOIN permissions AS p ON r0.permission_id = p.id
WHERE u.user_id = @__userId_0
2026-02-15 21:19:59.808 +00:00 [INF] Usuario '"00d60742-b7fe-4999-a5e3-918009e8b629"' tiene 0 permisos.
2026-02-15 21:19:59.830 +00:00 [INF] Executed DbCommand (4ms) [Parameters=[@p9='?' (DbType = Guid), @p0='?' (DbType = DateTime), @p1='?', @p2='?', @p3='?' (DbType = Boolean), @p4='?', @p5='?', @p6='?' (DbType = DateTime), @p7='?' (DbType = DateTime), @p8='?'], CommandType='"Text"', CommandTimeout='30']
UPDATE users SET created_at = @p0, email = @p1, full_name = @p2, is_active = @p3, password_hash = @p4, refresh_token = @p5, refresh_token_expiry_time = @p6, updated_at = @p7, username = @p8
WHERE id = @p9;
2026-02-15 21:19:59.832 +00:00 [INF] 1 cambios persistidos.
2026-02-15 21:19:59.833 +00:00 [INF] Login exitoso: 'tempuser2', 0 permisos.
2026-02-15 21:19:59.836 +00:00 [INF] Executing CreatedResult, writing value of type 'QAMS.Application.DTOs.Auth.LoginResponseDto'.
2026-02-15 21:19:59.849 +00:00 [INF] Executed action QAMS.Api.Controllers.AuthController.Register (QAMS.Api) in 630.2135ms
2026-02-15 21:19:59.850 +00:00 [INF] Executed endpoint 'QAMS.Api.Controllers.AuthController.Register (QAMS.Api)'
2026-02-15 21:19:59.850 +00:00 [INF] Request finished HTTP/1.1 POST http://localhost:5000/api/auth/register - 201 null application/json; charset=utf-8 642.3255ms
2026-02-15 21:20:17.511 +00:00 [INF] Request starting HTTP/1.1 POST http://localhost:5000/api/auth/login - application/json 65
2026-02-15 21:20:17.512 +00:00 [INF] Executing endpoint 'QAMS.Api.Controllers.AuthController.Login (QAMS.Api)'
2026-02-15 21:20:17.513 +00:00 [INF] Route matched with {action = "Login", controller = "Auth"}. Executing controller action with signature System.Threading.Tasks.Task`1[Microsoft.AspNetCore.Mvc.IActionResult] Login(QAMS.Application.DTOs.Auth.LoginRequestDto) on controller QAMS.Api.Controllers.AuthController (QAMS.Api).
2026-02-15 21:20:17.516 +00:00 [INF] POST /api/auth/login - Usuario: tempuser2
2026-02-15 21:20:17.516 +00:00 [INF] Intento de login: 'tempuser2'.
2026-02-15 21:20:17.519 +00:00 [INF] Executed DbCommand (1ms) [Parameters=[@__username_0='?'], CommandType='"Text"', CommandTimeout='30']
SELECT u.id, u.created_at, u.email, u.full_name, u.is_active, u.password_hash, u.refresh_token, u.refresh_token_expiry_time, u.updated_at, u.username
FROM users AS u
WHERE u.username = @__username_0
ORDER BY u.id
LIMIT 1
2026-02-15 21:20:17.521 +00:00 [INF] Executed DbCommand (1ms) [Parameters=[@__username_0='?'], CommandType='"Text"', CommandTimeout='30']
SELECT t0.user_id, t0.role_id, t0.assigned_at, t0.id, t0.created_at, t0.description, t0.is_active, t0.name, t.id
FROM (
    SELECT u.id
    FROM users AS u
    WHERE u.username = @__username_0
    LIMIT 1
) AS t
INNER JOIN (
    SELECT u0.user_id, u0.role_id, u0.assigned_at, r.id, r.created_at, r.description, r.is_active, r.name
    FROM user_roles AS u0
    INNER JOIN roles AS r ON u0.role_id = r.id
) AS t0 ON t.id = t0.user_id
ORDER BY t.id, t0.user_id, t0.role_id, t0.id
2026-02-15 21:20:17.768 +00:00 [INF] Obteniendo permisos del usuario '"00d60742-b7fe-4999-a5e3-918009e8b629"'.
2026-02-15 21:20:17.771 +00:00 [INF] Executed DbCommand (2ms) [Parameters=[@__userId_0='?' (DbType = Guid)], CommandType='"Text"', CommandTimeout='30']
SELECT DISTINCT p.code
FROM user_roles AS u
INNER JOIN roles AS r ON u.role_id = r.id
INNER JOIN role_permissions AS r0 ON r.id = r0.role_id
INNER JOIN permissions AS p ON r0.permission_id = p.id
WHERE u.user_id = @__userId_0
2026-02-15 21:20:17.774 +00:00 [INF] Usuario '"00d60742-b7fe-4999-a5e3-918009e8b629"' tiene 0 permisos.
2026-02-15 21:20:17.783 +00:00 [INF] Executed DbCommand (4ms) [Parameters=[@p9='?' (DbType = Guid), @p0='?' (DbType = DateTime), @p1='?', @p2='?', @p3='?' (DbType = Boolean), @p4='?', @p5='?', @p6='?' (DbType = DateTime), @p7='?' (DbType = DateTime), @p8='?'], CommandType='"Text"', CommandTimeout='30']
UPDATE users SET created_at = @p0, email = @p1, full_name = @p2, is_active = @p3, password_hash = @p4, refresh_token = @p5, refresh_token_expiry_time = @p6, updated_at = @p7, username = @p8
WHERE id = @p9;
2026-02-15 21:20:17.785 +00:00 [INF] 1 cambios persistidos.
2026-02-15 21:20:17.786 +00:00 [INF] Login exitoso: 'tempuser2', 0 permisos.
2026-02-15 21:20:17.787 +00:00 [INF] Executing OkObjectResult, writing value of type 'QAMS.Application.DTOs.Auth.LoginResponseDto'.
2026-02-15 21:20:17.788 +00:00 [INF] Executed action QAMS.Api.Controllers.AuthController.Login (QAMS.Api) in 274.2962ms
2026-02-15 21:20:17.788 +00:00 [INF] Executed endpoint 'QAMS.Api.Controllers.AuthController.Login (QAMS.Api)'
2026-02-15 21:20:17.789 +00:00 [INF] Request finished HTTP/1.1 POST http://localhost:5000/api/auth/login - 200 null application/json; charset=utf-8 277.87ms
2026-02-15 21:21:16.433 +00:00 [INF] Request starting HTTP/1.1 POST http://localhost:5000/api/auth/login - application/json 61
2026-02-15 21:21:16.435 +00:00 [INF] Executing endpoint 'QAMS.Api.Controllers.AuthController.Login (QAMS.Api)'
2026-02-15 21:21:16.437 +00:00 [INF] Route matched with {action = "Login", controller = "Auth"}. Executing controller action with signature System.Threading.Tasks.Task`1[Microsoft.AspNetCore.Mvc.IActionResult] Login(QAMS.Application.DTOs.Auth.LoginRequestDto) on controller QAMS.Api.Controllers.AuthController (QAMS.Api).
2026-02-15 21:21:16.441 +00:00 [INF] POST /api/auth/login - Usuario: admin
2026-02-15 21:21:16.443 +00:00 [INF] Intento de login: 'admin'.
2026-02-15 21:21:16.450 +00:00 [INF] Executed DbCommand (3ms) [Parameters=[@__username_0='?'], CommandType='"Text"', CommandTimeout='30']
SELECT u.id, u.created_at, u.email, u.full_name, u.is_active, u.password_hash, u.refresh_token, u.refresh_token_expiry_time, u.updated_at, u.username
FROM users AS u
WHERE u.username = @__username_0
ORDER BY u.id
LIMIT 1
2026-02-15 21:21:16.455 +00:00 [INF] Executed DbCommand (2ms) [Parameters=[@__username_0='?'], CommandType='"Text"', CommandTimeout='30']
SELECT t0.user_id, t0.role_id, t0.assigned_at, t0.id, t0.created_at, t0.description, t0.is_active, t0.name, t.id
FROM (
    SELECT u.id
    FROM users AS u
    WHERE u.username = @__username_0
    LIMIT 1
) AS t
INNER JOIN (
    SELECT u0.user_id, u0.role_id, u0.assigned_at, r.id, r.created_at, r.description, r.is_active, r.name
    FROM user_roles AS u0
    INNER JOIN roles AS r ON u0.role_id = r.id
) AS t0 ON t.id = t0.user_id
ORDER BY t.id, t0.user_id, t0.role_id, t0.id
2026-02-15 21:21:16.462 +00:00 [INF] Executed DbCommand (3ms) [Parameters=[@__username_0='?'], CommandType='"Text"', CommandTimeout='30']
SELECT t1.role_id, t1.permission_id, t1.assigned_at, t1.id, t1.code, t1.created_at, t1.description, t1.module, t.id, t0.user_id, t0.role_id, t0.id
FROM (
    SELECT u.id
    FROM users AS u
    WHERE u.username = @__username_0
    LIMIT 1
) AS t
INNER JOIN (
    SELECT u0.user_id, u0.role_id, r.id
    FROM user_roles AS u0
    INNER JOIN roles AS r ON u0.role_id = r.id
) AS t0 ON t.id = t0.user_id
INNER JOIN (
    SELECT r0.role_id, r0.permission_id, r0.assigned_at, p.id, p.code, p.created_at, p.description, p.module
    FROM role_permissions AS r0
    INNER JOIN permissions AS p ON r0.permission_id = p.id
) AS t1 ON t0.id = t1.role_id
ORDER BY t.id, t0.user_id, t0.role_id, t0.id
2026-02-15 21:21:16.699 +00:00 [WRN] Contraseña incorrecta para 'admin'.
2026-02-15 21:21:16.702 +00:00 [INF] Executed action QAMS.Api.Controllers.AuthController.Login (QAMS.Api) in 263.4386ms
2026-02-15 21:21:16.702 +00:00 [INF] Executed endpoint 'QAMS.Api.Controllers.AuthController.Login (QAMS.Api)'
2026-02-15 21:21:16.703 +00:00 [WRN] Error de dominio: Credenciales inválidas.
QAMS.Domain.Exceptions.DomainException: Credenciales inválidas.
   at QAMS.Application.Services.AuthService.LoginAsync(LoginRequestDto request) in /src/src/QAMS.Application/Services/AuthService.cs:line 48
   at QAMS.Api.Controllers.AuthController.Login(LoginRequestDto request) in /src/src/QAMS.Api/Controllers/AuthController.cs:line 29
   at Microsoft.AspNetCore.Mvc.Infrastructure.ActionMethodExecutor.TaskOfIActionResultExecutor.Execute(ActionContext actionContext, IActionResultTypeMapper mapper, ObjectMethodExecutor executor, Object controller, Object[] arguments)
   at Microsoft.AspNetCore.Mvc.Infrastructure.ControllerActionInvoker.<InvokeActionMethodAsync>g__Awaited|12_0(ControllerActionInvoker invoker, ValueTask`1 actionResultValueTask)
   at Microsoft.AspNetCore.Mvc.Infrastructure.ControllerActionInvoker.<InvokeNextActionFilterAsync>g__Awaited|10_0(ControllerActionInvoker invoker, Task lastTask, State next, Scope scope, Object state, Boolean isCompleted)
   at Microsoft.AspNetCore.Mvc.Infrastructure.ControllerActionInvoker.Rethrow(ActionExecutedContextSealed context)
   at Microsoft.AspNetCore.Mvc.Infrastructure.ControllerActionInvoker.Next(State& next, Scope& scope, Object& state, Boolean& isCompleted)
   at Microsoft.AspNetCore.Mvc.Infrastructure.ControllerActionInvoker.<InvokeInnerFilterAsync>g__Awaited|13_0(ControllerActionInvoker invoker, Task lastTask, State next, Scope scope, Object state, Boolean isCompleted)
   at Microsoft.AspNetCore.Mvc.Infrastructure.ResourceInvoker.<InvokeFilterPipelineAsync>g__Awaited|20_0(ResourceInvoker invoker, Task lastTask, State next, Scope scope, Object state, Boolean isCompleted)
   at Microsoft.AspNetCore.Mvc.Infrastructure.ResourceInvoker.<InvokeAsync>g__Logged|17_1(ResourceInvoker invoker)
   at Microsoft.AspNetCore.Mvc.Infrastructure.ResourceInvoker.<InvokeAsync>g__Logged|17_1(ResourceInvoker invoker)
   at Microsoft.AspNetCore.Routing.EndpointMiddleware.<Invoke>g__AwaitRequestTask|7_0(Endpoint endpoint, Task requestTask, ILogger logger)
   at Microsoft.AspNetCore.Authorization.AuthorizationMiddleware.Invoke(HttpContext context)
   at Microsoft.AspNetCore.Authentication.AuthenticationMiddleware.Invoke(HttpContext context)
   at Swashbuckle.AspNetCore.SwaggerUI.SwaggerUIMiddleware.Invoke(HttpContext httpContext)
   at Swashbuckle.AspNetCore.Swagger.SwaggerMiddleware.Invoke(HttpContext httpContext, ISwaggerProvider swaggerProvider)
   at QAMS.Api.Middleware.ExceptionHandlingMiddleware.InvokeAsync(HttpContext context) in /src/src/QAMS.Api/Middleware/ExceptionHandlingMiddleware.cs:line 27
2026-02-15 21:21:16.706 +00:00 [INF] Request finished HTTP/1.1 POST http://localhost:5000/api/auth/login - 400 null application/json 272.5249ms
2026-02-15 22:15:30.835 +00:00 [INF] Request starting HTTP/1.1 POST http://localhost:5000/api/Auth/login - application/json 52
2026-02-15 22:15:30.986 +00:00 [INF] CORS policy execution failed.
2026-02-15 22:15:30.994 +00:00 [INF] Request origin http://localhost:5000 does not have permission to access the resource.
2026-02-15 22:15:31.032 +00:00 [INF] Executing endpoint 'QAMS.Api.Controllers.AuthController.Login (QAMS.Api)'
2026-02-15 22:15:31.054 +00:00 [INF] Route matched with {action = "Login", controller = "Auth"}. Executing controller action with signature System.Threading.Tasks.Task`1[Microsoft.AspNetCore.Mvc.IActionResult] Login(QAMS.Application.DTOs.Auth.LoginRequestDto) on controller QAMS.Api.Controllers.AuthController (QAMS.Api).
2026-02-15 22:15:31.243 +00:00 [INF] POST /api/auth/login - Usuario: admin
2026-02-15 22:15:31.246 +00:00 [INF] Intento de login: 'admin'.
2026-02-15 22:15:31.577 +00:00 [INF] Executed DbCommand (17ms) [Parameters=[@__username_0='?'], CommandType='"Text"', CommandTimeout='30']
SELECT u.id, u.created_at, u.email, u.full_name, u.is_active, u.password_hash, u.refresh_token, u.refresh_token_expiry_time, u.updated_at, u.username
FROM users AS u
WHERE u.username = @__username_0
ORDER BY u.id
LIMIT 1
2026-02-15 22:15:31.641 +00:00 [INF] Executed DbCommand (10ms) [Parameters=[@__username_0='?'], CommandType='"Text"', CommandTimeout='30']
SELECT t0.user_id, t0.role_id, t0.assigned_at, t0.id, t0.created_at, t0.description, t0.is_active, t0.name, t.id
FROM (
    SELECT u.id
    FROM users AS u
    WHERE u.username = @__username_0
    LIMIT 1
) AS t
INNER JOIN (
    SELECT u0.user_id, u0.role_id, u0.assigned_at, r.id, r.created_at, r.description, r.is_active, r.name
    FROM user_roles AS u0
    INNER JOIN roles AS r ON u0.role_id = r.id
) AS t0 ON t.id = t0.user_id
ORDER BY t.id, t0.user_id, t0.role_id, t0.id
2026-02-15 22:15:31.694 +00:00 [INF] Executed DbCommand (30ms) [Parameters=[@__username_0='?'], CommandType='"Text"', CommandTimeout='30']
SELECT t1.role_id, t1.permission_id, t1.assigned_at, t1.id, t1.code, t1.created_at, t1.description, t1.module, t.id, t0.user_id, t0.role_id, t0.id
FROM (
    SELECT u.id
    FROM users AS u
    WHERE u.username = @__username_0
    LIMIT 1
) AS t
INNER JOIN (
    SELECT u0.user_id, u0.role_id, r.id
    FROM user_roles AS u0
    INNER JOIN roles AS r ON u0.role_id = r.id
) AS t0 ON t.id = t0.user_id
INNER JOIN (
    SELECT r0.role_id, r0.permission_id, r0.assigned_at, p.id, p.code, p.created_at, p.description, p.module
    FROM role_permissions AS r0
    INNER JOIN permissions AS p ON r0.permission_id = p.id
) AS t1 ON t0.id = t1.role_id
ORDER BY t.id, t0.user_id, t0.role_id, t0.id
2026-02-15 22:15:31.992 +00:00 [WRN] Contraseña incorrecta para 'admin'.
2026-02-15 22:15:32.006 +00:00 [INF] Executed action QAMS.Api.Controllers.AuthController.Login (QAMS.Api) in 950.8539ms
2026-02-15 22:15:32.009 +00:00 [INF] Executed endpoint 'QAMS.Api.Controllers.AuthController.Login (QAMS.Api)'
2026-02-15 22:15:32.020 +00:00 [WRN] Error de dominio: Credenciales inválidas.
QAMS.Domain.Exceptions.DomainException: Credenciales inválidas.
   at QAMS.Application.Services.AuthService.LoginAsync(LoginRequestDto request) in /src/src/QAMS.Application/Services/AuthService.cs:line 48
   at QAMS.Api.Controllers.AuthController.Login(LoginRequestDto request) in /src/src/QAMS.Api/Controllers/AuthController.cs:line 29
   at Microsoft.AspNetCore.Mvc.Infrastructure.ActionMethodExecutor.TaskOfIActionResultExecutor.Execute(ActionContext actionContext, IActionResultTypeMapper mapper, ObjectMethodExecutor executor, Object controller, Object[] arguments)
   at Microsoft.AspNetCore.Mvc.Infrastructure.ControllerActionInvoker.<InvokeActionMethodAsync>g__Awaited|12_0(ControllerActionInvoker invoker, ValueTask`1 actionResultValueTask)
   at Microsoft.AspNetCore.Mvc.Infrastructure.ControllerActionInvoker.<InvokeNextActionFilterAsync>g__Awaited|10_0(ControllerActionInvoker invoker, Task lastTask, State next, Scope scope, Object state, Boolean isCompleted)
   at Microsoft.AspNetCore.Mvc.Infrastructure.ControllerActionInvoker.Rethrow(ActionExecutedContextSealed context)
   at Microsoft.AspNetCore.Mvc.Infrastructure.ControllerActionInvoker.Next(State& next, Scope& scope, Object& state, Boolean& isCompleted)
   at Microsoft.AspNetCore.Mvc.Infrastructure.ControllerActionInvoker.<InvokeInnerFilterAsync>g__Awaited|13_0(ControllerActionInvoker invoker, Task lastTask, State next, Scope scope, Object state, Boolean isCompleted)
   at Microsoft.AspNetCore.Mvc.Infrastructure.ResourceInvoker.<InvokeFilterPipelineAsync>g__Awaited|20_0(ResourceInvoker invoker, Task lastTask, State next, Scope scope, Object state, Boolean isCompleted)
   at Microsoft.AspNetCore.Mvc.Infrastructure.ResourceInvoker.<InvokeAsync>g__Logged|17_1(ResourceInvoker invoker)
   at Microsoft.AspNetCore.Mvc.Infrastructure.ResourceInvoker.<InvokeAsync>g__Logged|17_1(ResourceInvoker invoker)
   at Microsoft.AspNetCore.Routing.EndpointMiddleware.<Invoke>g__AwaitRequestTask|7_0(Endpoint endpoint, Task requestTask, ILogger logger)
   at Microsoft.AspNetCore.Authorization.AuthorizationMiddleware.Invoke(HttpContext context)
   at Microsoft.AspNetCore.Authentication.AuthenticationMiddleware.Invoke(HttpContext context)
   at Swashbuckle.AspNetCore.SwaggerUI.SwaggerUIMiddleware.Invoke(HttpContext httpContext)
   at Swashbuckle.AspNetCore.Swagger.SwaggerMiddleware.Invoke(HttpContext httpContext, ISwaggerProvider swaggerProvider)
   at QAMS.Api.Middleware.ExceptionHandlingMiddleware.InvokeAsync(HttpContext context) in /src/src/QAMS.Api/Middleware/ExceptionHandlingMiddleware.cs:line 27
2026-02-15 22:15:32.091 +00:00 [INF] Request finished HTTP/1.1 POST http://localhost:5000/api/Auth/login - 400 null application/json 1265.2415ms
2026-02-15 22:15:50.309 +00:00 [INF] Request starting HTTP/1.1 POST http://localhost:5000/api/Auth/login - application/json 52
2026-02-15 22:15:50.311 +00:00 [INF] CORS policy execution failed.
2026-02-15 22:15:50.311 +00:00 [INF] Request origin http://localhost:5000 does not have permission to access the resource.
2026-02-15 22:15:50.313 +00:00 [INF] Executing endpoint 'QAMS.Api.Controllers.AuthController.Login (QAMS.Api)'
2026-02-15 22:15:50.315 +00:00 [INF] Route matched with {action = "Login", controller = "Auth"}. Executing controller action with signature System.Threading.Tasks.Task`1[Microsoft.AspNetCore.Mvc.IActionResult] Login(QAMS.Application.DTOs.Auth.LoginRequestDto) on controller QAMS.Api.Controllers.AuthController (QAMS.Api).
2026-02-15 22:15:50.321 +00:00 [INF] POST /api/auth/login - Usuario: admin
2026-02-15 22:15:50.323 +00:00 [INF] Intento de login: 'admin'.
2026-02-15 22:15:50.334 +00:00 [INF] Executed DbCommand (4ms) [Parameters=[@__username_0='?'], CommandType='"Text"', CommandTimeout='30']
SELECT u.id, u.created_at, u.email, u.full_name, u.is_active, u.password_hash, u.refresh_token, u.refresh_token_expiry_time, u.updated_at, u.username
FROM users AS u
WHERE u.username = @__username_0
ORDER BY u.id
LIMIT 1
2026-02-15 22:15:50.352 +00:00 [INF] Executed DbCommand (6ms) [Parameters=[@__username_0='?'], CommandType='"Text"', CommandTimeout='30']
SELECT t0.user_id, t0.role_id, t0.assigned_at, t0.id, t0.created_at, t0.description, t0.is_active, t0.name, t.id
FROM (
    SELECT u.id
    FROM users AS u
    WHERE u.username = @__username_0
    LIMIT 1
) AS t
INNER JOIN (
    SELECT u0.user_id, u0.role_id, u0.assigned_at, r.id, r.created_at, r.description, r.is_active, r.name
    FROM user_roles AS u0
    INNER JOIN roles AS r ON u0.role_id = r.id
) AS t0 ON t.id = t0.user_id
ORDER BY t.id, t0.user_id, t0.role_id, t0.id
2026-02-15 22:15:50.361 +00:00 [INF] Executed DbCommand (5ms) [Parameters=[@__username_0='?'], CommandType='"Text"', CommandTimeout='30']
SELECT t1.role_id, t1.permission_id, t1.assigned_at, t1.id, t1.code, t1.created_at, t1.description, t1.module, t.id, t0.user_id, t0.role_id, t0.id
FROM (
    SELECT u.id
    FROM users AS u
    WHERE u.username = @__username_0
    LIMIT 1
) AS t
INNER JOIN (
    SELECT u0.user_id, u0.role_id, r.id
    FROM user_roles AS u0
    INNER JOIN roles AS r ON u0.role_id = r.id
) AS t0 ON t.id = t0.user_id
INNER JOIN (
    SELECT r0.role_id, r0.permission_id, r0.assigned_at, p.id, p.code, p.created_at, p.description, p.module
    FROM role_permissions AS r0
    INNER JOIN permissions AS p ON r0.permission_id = p.id
) AS t1 ON t0.id = t1.role_id
ORDER BY t.id, t0.user_id, t0.role_id, t0.id
2026-02-15 22:15:50.635 +00:00 [WRN] Contraseña incorrecta para 'admin'.
2026-02-15 22:15:50.636 +00:00 [INF] Executed action QAMS.Api.Controllers.AuthController.Login (QAMS.Api) in 320.4483ms
2026-02-15 22:15:50.637 +00:00 [INF] Executed endpoint 'QAMS.Api.Controllers.AuthController.Login (QAMS.Api)'
2026-02-15 22:15:50.640 +00:00 [WRN] Error de dominio: Credenciales inválidas.
QAMS.Domain.Exceptions.DomainException: Credenciales inválidas.
   at QAMS.Application.Services.AuthService.LoginAsync(LoginRequestDto request) in /src/src/QAMS.Application/Services/AuthService.cs:line 48
   at QAMS.Api.Controllers.AuthController.Login(LoginRequestDto request) in /src/src/QAMS.Api/Controllers/AuthController.cs:line 29
   at Microsoft.AspNetCore.Mvc.Infrastructure.ActionMethodExecutor.TaskOfIActionResultExecutor.Execute(ActionContext actionContext, IActionResultTypeMapper mapper, ObjectMethodExecutor executor, Object controller, Object[] arguments)
   at Microsoft.AspNetCore.Mvc.Infrastructure.ControllerActionInvoker.<InvokeActionMethodAsync>g__Awaited|12_0(ControllerActionInvoker invoker, ValueTask`1 actionResultValueTask)
   at Microsoft.AspNetCore.Mvc.Infrastructure.ControllerActionInvoker.<InvokeNextActionFilterAsync>g__Awaited|10_0(ControllerActionInvoker invoker, Task lastTask, State next, Scope scope, Object state, Boolean isCompleted)
   at Microsoft.AspNetCore.Mvc.Infrastructure.ControllerActionInvoker.Rethrow(ActionExecutedContextSealed context)
   at Microsoft.AspNetCore.Mvc.Infrastructure.ControllerActionInvoker.Next(State& next, Scope& scope, Object& state, Boolean& isCompleted)
   at Microsoft.AspNetCore.Mvc.Infrastructure.ControllerActionInvoker.<InvokeInnerFilterAsync>g__Awaited|13_0(ControllerActionInvoker invoker, Task lastTask, State next, Scope scope, Object state, Boolean isCompleted)
   at Microsoft.AspNetCore.Mvc.Infrastructure.ResourceInvoker.<InvokeFilterPipelineAsync>g__Awaited|20_0(ResourceInvoker invoker, Task lastTask, State next, Scope scope, Object state, Boolean isCompleted)
   at Microsoft.AspNetCore.Mvc.Infrastructure.ResourceInvoker.<InvokeAsync>g__Logged|17_1(ResourceInvoker invoker)
   at Microsoft.AspNetCore.Mvc.Infrastructure.ResourceInvoker.<InvokeAsync>g__Logged|17_1(ResourceInvoker invoker)
   at Microsoft.AspNetCore.Routing.EndpointMiddleware.<Invoke>g__AwaitRequestTask|7_0(Endpoint endpoint, Task requestTask, ILogger logger)
   at Microsoft.AspNetCore.Authorization.AuthorizationMiddleware.Invoke(HttpContext context)
   at Microsoft.AspNetCore.Authentication.AuthenticationMiddleware.Invoke(HttpContext context)
   at Swashbuckle.AspNetCore.SwaggerUI.SwaggerUIMiddleware.Invoke(HttpContext httpContext)
   at Swashbuckle.AspNetCore.Swagger.SwaggerMiddleware.Invoke(HttpContext httpContext, ISwaggerProvider swaggerProvider)
   at QAMS.Api.Middleware.ExceptionHandlingMiddleware.InvokeAsync(HttpContext context) in /src/src/QAMS.Api/Middleware/ExceptionHandlingMiddleware.cs:line 27
2026-02-15 22:15:50.644 +00:00 [INF] Request finished HTTP/1.1 POST http://localhost:5000/api/Auth/login - 400 null application/json 334.5592ms
2026-02-15 22:16:30.907 +00:00 [INF] Request starting HTTP/1.1 GET http://localhost:5000/swagger/index.html - null null
2026-02-15 22:16:31.092 +00:00 [INF] Request finished HTTP/1.1 GET http://localhost:5000/swagger/index.html - 200 null text/html;charset=utf-8 185.6391ms
2026-02-15 22:16:31.612 +00:00 [INF] Request starting HTTP/1.1 GET http://localhost:5000/swagger/v1/swagger.json - null null
2026-02-15 22:16:31.976 +00:00 [INF] Request finished HTTP/1.1 GET http://localhost:5000/swagger/v1/swagger.json - 200 null application/json;charset=utf-8 363.7611ms
2026-02-15 22:16:52.999 +00:00 [INF] Request starting HTTP/1.1 POST http://localhost:5000/api/Auth/login - application/json 52
2026-02-15 22:16:53.001 +00:00 [INF] CORS policy execution failed.
2026-02-15 22:16:53.003 +00:00 [INF] Request origin http://localhost:5000 does not have permission to access the resource.
2026-02-15 22:16:53.007 +00:00 [INF] Executing endpoint 'QAMS.Api.Controllers.AuthController.Login (QAMS.Api)'
2026-02-15 22:16:53.008 +00:00 [INF] Route matched with {action = "Login", controller = "Auth"}. Executing controller action with signature System.Threading.Tasks.Task`1[Microsoft.AspNetCore.Mvc.IActionResult] Login(QAMS.Application.DTOs.Auth.LoginRequestDto) on controller QAMS.Api.Controllers.AuthController (QAMS.Api).
2026-02-15 22:16:53.019 +00:00 [INF] POST /api/auth/login - Usuario: admin
2026-02-15 22:16:53.020 +00:00 [INF] Intento de login: 'admin'.
2026-02-15 22:16:53.029 +00:00 [INF] Executed DbCommand (3ms) [Parameters=[@__username_0='?'], CommandType='"Text"', CommandTimeout='30']
SELECT u.id, u.created_at, u.email, u.full_name, u.is_active, u.password_hash, u.refresh_token, u.refresh_token_expiry_time, u.updated_at, u.username
FROM users AS u
WHERE u.username = @__username_0
ORDER BY u.id
LIMIT 1
2026-02-15 22:16:53.035 +00:00 [INF] Executed DbCommand (2ms) [Parameters=[@__username_0='?'], CommandType='"Text"', CommandTimeout='30']
SELECT t0.user_id, t0.role_id, t0.assigned_at, t0.id, t0.created_at, t0.description, t0.is_active, t0.name, t.id
FROM (
    SELECT u.id
    FROM users AS u
    WHERE u.username = @__username_0
    LIMIT 1
) AS t
INNER JOIN (
    SELECT u0.user_id, u0.role_id, u0.assigned_at, r.id, r.created_at, r.description, r.is_active, r.name
    FROM user_roles AS u0
    INNER JOIN roles AS r ON u0.role_id = r.id
) AS t0 ON t.id = t0.user_id
ORDER BY t.id, t0.user_id, t0.role_id, t0.id
2026-02-15 22:16:53.039 +00:00 [INF] Executed DbCommand (2ms) [Parameters=[@__username_0='?'], CommandType='"Text"', CommandTimeout='30']
SELECT t1.role_id, t1.permission_id, t1.assigned_at, t1.id, t1.code, t1.created_at, t1.description, t1.module, t.id, t0.user_id, t0.role_id, t0.id
FROM (
    SELECT u.id
    FROM users AS u
    WHERE u.username = @__username_0
    LIMIT 1
) AS t
INNER JOIN (
    SELECT u0.user_id, u0.role_id, r.id
    FROM user_roles AS u0
    INNER JOIN roles AS r ON u0.role_id = r.id
) AS t0 ON t.id = t0.user_id
INNER JOIN (
    SELECT r0.role_id, r0.permission_id, r0.assigned_at, p.id, p.code, p.created_at, p.description, p.module
    FROM role_permissions AS r0
    INNER JOIN permissions AS p ON r0.permission_id = p.id
) AS t1 ON t0.id = t1.role_id
ORDER BY t.id, t0.user_id, t0.role_id, t0.id
2026-02-15 22:16:53.299 +00:00 [WRN] Contraseña incorrecta para 'admin'.
2026-02-15 22:16:53.300 +00:00 [INF] Executed action QAMS.Api.Controllers.AuthController.Login (QAMS.Api) in 289.676ms
2026-02-15 22:16:53.301 +00:00 [INF] Executed endpoint 'QAMS.Api.Controllers.AuthController.Login (QAMS.Api)'
2026-02-15 22:16:53.303 +00:00 [WRN] Error de dominio: Credenciales inválidas.
QAMS.Domain.Exceptions.DomainException: Credenciales inválidas.
   at QAMS.Application.Services.AuthService.LoginAsync(LoginRequestDto request) in /src/src/QAMS.Application/Services/AuthService.cs:line 48
   at QAMS.Api.Controllers.AuthController.Login(LoginRequestDto request) in /src/src/QAMS.Api/Controllers/AuthController.cs:line 29
   at Microsoft.AspNetCore.Mvc.Infrastructure.ActionMethodExecutor.TaskOfIActionResultExecutor.Execute(ActionContext actionContext, IActionResultTypeMapper mapper, ObjectMethodExecutor executor, Object controller, Object[] arguments)
   at Microsoft.AspNetCore.Mvc.Infrastructure.ControllerActionInvoker.<InvokeActionMethodAsync>g__Awaited|12_0(ControllerActionInvoker invoker, ValueTask`1 actionResultValueTask)
   at Microsoft.AspNetCore.Mvc.Infrastructure.ControllerActionInvoker.<InvokeNextActionFilterAsync>g__Awaited|10_0(ControllerActionInvoker invoker, Task lastTask, State next, Scope scope, Object state, Boolean isCompleted)
   at Microsoft.AspNetCore.Mvc.Infrastructure.ControllerActionInvoker.Rethrow(ActionExecutedContextSealed context)
   at Microsoft.AspNetCore.Mvc.Infrastructure.ControllerActionInvoker.Next(State& next, Scope& scope, Object& state, Boolean& isCompleted)
   at Microsoft.AspNetCore.Mvc.Infrastructure.ControllerActionInvoker.<InvokeInnerFilterAsync>g__Awaited|13_0(ControllerActionInvoker invoker, Task lastTask, State next, Scope scope, Object state, Boolean isCompleted)
   at Microsoft.AspNetCore.Mvc.Infrastructure.ResourceInvoker.<InvokeFilterPipelineAsync>g__Awaited|20_0(ResourceInvoker invoker, Task lastTask, State next, Scope scope, Object state, Boolean isCompleted)
   at Microsoft.AspNetCore.Mvc.Infrastructure.ResourceInvoker.<InvokeAsync>g__Logged|17_1(ResourceInvoker invoker)
   at Microsoft.AspNetCore.Mvc.Infrastructure.ResourceInvoker.<InvokeAsync>g__Logged|17_1(ResourceInvoker invoker)
   at Microsoft.AspNetCore.Routing.EndpointMiddleware.<Invoke>g__AwaitRequestTask|7_0(Endpoint endpoint, Task requestTask, ILogger logger)
   at Microsoft.AspNetCore.Authorization.AuthorizationMiddleware.Invoke(HttpContext context)
   at Microsoft.AspNetCore.Authentication.AuthenticationMiddleware.Invoke(HttpContext context)
   at Swashbuckle.AspNetCore.SwaggerUI.SwaggerUIMiddleware.Invoke(HttpContext httpContext)
   at Swashbuckle.AspNetCore.Swagger.SwaggerMiddleware.Invoke(HttpContext httpContext, ISwaggerProvider swaggerProvider)
   at QAMS.Api.Middleware.ExceptionHandlingMiddleware.InvokeAsync(HttpContext context) in /src/src/QAMS.Api/Middleware/ExceptionHandlingMiddleware.cs:line 27
2026-02-15 22:16:53.313 +00:00 [INF] Request finished HTTP/1.1 POST http://localhost:5000/api/Auth/login - 400 null application/json 314.8098ms
2026-02-15 22:42:36.747 +00:00 [INF] Request starting HTTP/1.1 GET http://localhost:5000/swagger/index.html - null null
2026-02-15 22:42:36.946 +00:00 [INF] Request finished HTTP/1.1 GET http://localhost:5000/swagger/index.html - 200 null text/html;charset=utf-8 206.4679ms
2026-02-15 22:42:37.736 +00:00 [INF] Request starting HTTP/1.1 GET http://localhost:5000/swagger/v1/swagger.json - null null
2026-02-15 22:42:38.421 +00:00 [INF] Request finished HTTP/1.1 GET http://localhost:5000/swagger/v1/swagger.json - 200 null application/json;charset=utf-8 681.4468ms
2026-02-15 22:43:12.283 +00:00 [INF] Request starting HTTP/1.1 POST http://localhost:5000/api/Auth/login - application/json 52
2026-02-15 22:43:12.303 +00:00 [INF] CORS policy execution failed.
2026-02-15 22:43:12.312 +00:00 [INF] Request origin http://localhost:5000 does not have permission to access the resource.
2026-02-15 22:43:12.331 +00:00 [INF] Executing endpoint 'QAMS.Api.Controllers.AuthController.Login (QAMS.Api)'
2026-02-15 22:43:12.352 +00:00 [INF] Route matched with {action = "Login", controller = "Auth"}. Executing controller action with signature System.Threading.Tasks.Task`1[Microsoft.AspNetCore.Mvc.IActionResult] Login(QAMS.Application.DTOs.Auth.LoginRequestDto) on controller QAMS.Api.Controllers.AuthController (QAMS.Api).
2026-02-15 22:43:12.465 +00:00 [INF] POST /api/auth/login - Usuario: admin
2026-02-15 22:43:12.477 +00:00 [INF] Intento de login: 'admin'.
2026-02-15 22:43:12.681 +00:00 [INF] Executed DbCommand (55ms) [Parameters=[@__username_0='?'], CommandType='"Text"', CommandTimeout='30']
SELECT u.id, u.created_at, u.email, u.full_name, u.is_active, u.password_hash, u.refresh_token, u.refresh_token_expiry_time, u.updated_at, u.username
FROM users AS u
WHERE u.username = @__username_0
ORDER BY u.id
LIMIT 1
2026-02-15 22:43:12.712 +00:00 [INF] Executed DbCommand (11ms) [Parameters=[@__username_0='?'], CommandType='"Text"', CommandTimeout='30']
SELECT t0.user_id, t0.role_id, t0.assigned_at, t0.id, t0.created_at, t0.description, t0.is_active, t0.name, t.id
FROM (
    SELECT u.id
    FROM users AS u
    WHERE u.username = @__username_0
    LIMIT 1
) AS t
INNER JOIN (
    SELECT u0.user_id, u0.role_id, u0.assigned_at, r.id, r.created_at, r.description, r.is_active, r.name
    FROM user_roles AS u0
    INNER JOIN roles AS r ON u0.role_id = r.id
) AS t0 ON t.id = t0.user_id
ORDER BY t.id, t0.user_id, t0.role_id, t0.id
2026-02-15 22:43:12.728 +00:00 [INF] Executed DbCommand (6ms) [Parameters=[@__username_0='?'], CommandType='"Text"', CommandTimeout='30']
SELECT t1.role_id, t1.permission_id, t1.assigned_at, t1.id, t1.code, t1.created_at, t1.description, t1.module, t.id, t0.user_id, t0.role_id, t0.id
FROM (
    SELECT u.id
    FROM users AS u
    WHERE u.username = @__username_0
    LIMIT 1
) AS t
INNER JOIN (
    SELECT u0.user_id, u0.role_id, r.id
    FROM user_roles AS u0
    INNER JOIN roles AS r ON u0.role_id = r.id
) AS t0 ON t.id = t0.user_id
INNER JOIN (
    SELECT r0.role_id, r0.permission_id, r0.assigned_at, p.id, p.code, p.created_at, p.description, p.module
    FROM role_permissions AS r0
    INNER JOIN permissions AS p ON r0.permission_id = p.id
) AS t1 ON t0.id = t1.role_id
ORDER BY t.id, t0.user_id, t0.role_id, t0.id
2026-02-15 22:43:12.744 +00:00 [INF] Executed action QAMS.Api.Controllers.AuthController.Login (QAMS.Api) in 384.6139ms
2026-02-15 22:43:12.746 +00:00 [INF] Executed endpoint 'QAMS.Api.Controllers.AuthController.Login (QAMS.Api)'
2026-02-15 22:43:12.752 +00:00 [ERR] Error interno no controlado.
BCrypt.Net.SaltParseException: Invalid salt version
   at BCrypt.Net.BCrypt.HashPassword(String inputKey, String salt, Boolean enhancedEntropy, HashType hashType)
   at BCrypt.Net.BCrypt.Verify(String text, String hash, Boolean enhancedEntropy, HashType hashType)
   at QAMS.Infrastructure.Security.PasswordHasher.VerifyPassword(String password, String passwordHash) in /src/src/QAMS.Infrastructure/Security/PasswordHasher.cs:line 18
   at QAMS.Application.Services.AuthService.LoginAsync(LoginRequestDto request) in /src/src/QAMS.Application/Services/AuthService.cs:line 45
   at QAMS.Api.Controllers.AuthController.Login(LoginRequestDto request) in /src/src/QAMS.Api/Controllers/AuthController.cs:line 29
   at Microsoft.AspNetCore.Mvc.Infrastructure.ActionMethodExecutor.TaskOfIActionResultExecutor.Execute(ActionContext actionContext, IActionResultTypeMapper mapper, ObjectMethodExecutor executor, Object controller, Object[] arguments)
   at Microsoft.AspNetCore.Mvc.Infrastructure.ControllerActionInvoker.<InvokeActionMethodAsync>g__Awaited|12_0(ControllerActionInvoker invoker, ValueTask`1 actionResultValueTask)
   at Microsoft.AspNetCore.Mvc.Infrastructure.ControllerActionInvoker.<InvokeNextActionFilterAsync>g__Awaited|10_0(ControllerActionInvoker invoker, Task lastTask, State next, Scope scope, Object state, Boolean isCompleted)
   at Microsoft.AspNetCore.Mvc.Infrastructure.ControllerActionInvoker.Rethrow(ActionExecutedContextSealed context)
   at Microsoft.AspNetCore.Mvc.Infrastructure.ControllerActionInvoker.Next(State& next, Scope& scope, Object& state, Boolean& isCompleted)
   at Microsoft.AspNetCore.Mvc.Infrastructure.ControllerActionInvoker.<InvokeInnerFilterAsync>g__Awaited|13_0(ControllerActionInvoker invoker, Task lastTask, State next, Scope scope, Object state, Boolean isCompleted)
   at Microsoft.AspNetCore.Mvc.Infrastructure.ResourceInvoker.<InvokeFilterPipelineAsync>g__Awaited|20_0(ResourceInvoker invoker, Task lastTask, State next, Scope scope, Object state, Boolean isCompleted)
   at Microsoft.AspNetCore.Mvc.Infrastructure.ResourceInvoker.<InvokeAsync>g__Logged|17_1(ResourceInvoker invoker)
   at Microsoft.AspNetCore.Mvc.Infrastructure.ResourceInvoker.<InvokeAsync>g__Logged|17_1(ResourceInvoker invoker)
   at Microsoft.AspNetCore.Routing.EndpointMiddleware.<Invoke>g__AwaitRequestTask|7_0(Endpoint endpoint, Task requestTask, ILogger logger)
   at Microsoft.AspNetCore.Authorization.AuthorizationMiddleware.Invoke(HttpContext context)
   at Microsoft.AspNetCore.Authentication.AuthenticationMiddleware.Invoke(HttpContext context)
   at Swashbuckle.AspNetCore.SwaggerUI.SwaggerUIMiddleware.Invoke(HttpContext httpContext)
   at Swashbuckle.AspNetCore.Swagger.SwaggerMiddleware.Invoke(HttpContext httpContext, ISwaggerProvider swaggerProvider)
   at QAMS.Api.Middleware.ExceptionHandlingMiddleware.InvokeAsync(HttpContext context) in /src/src/QAMS.Api/Middleware/ExceptionHandlingMiddleware.cs:line 27
2026-02-15 22:43:12.790 +00:00 [INF] Request finished HTTP/1.1 POST http://localhost:5000/api/Auth/login - 500 null application/json 505.3235ms
2026-02-15 22:43:23.683 +00:00 [INF] Request starting HTTP/1.1 POST http://localhost:5000/api/Auth/login - application/json 52
2026-02-15 22:43:23.685 +00:00 [INF] CORS policy execution failed.
2026-02-15 22:43:23.686 +00:00 [INF] Request origin http://localhost:5000 does not have permission to access the resource.
2026-02-15 22:43:23.688 +00:00 [INF] Executing endpoint 'QAMS.Api.Controllers.AuthController.Login (QAMS.Api)'
2026-02-15 22:43:23.690 +00:00 [INF] Route matched with {action = "Login", controller = "Auth"}. Executing controller action with signature System.Threading.Tasks.Task`1[Microsoft.AspNetCore.Mvc.IActionResult] Login(QAMS.Application.DTOs.Auth.LoginRequestDto) on controller QAMS.Api.Controllers.AuthController (QAMS.Api).
2026-02-15 22:43:23.695 +00:00 [INF] POST /api/auth/login - Usuario: admin
2026-02-15 22:43:23.696 +00:00 [INF] Intento de login: 'admin'.
2026-02-15 22:43:23.707 +00:00 [INF] Executed DbCommand (6ms) [Parameters=[@__username_0='?'], CommandType='"Text"', CommandTimeout='30']
SELECT u.id, u.created_at, u.email, u.full_name, u.is_active, u.password_hash, u.refresh_token, u.refresh_token_expiry_time, u.updated_at, u.username
FROM users AS u
WHERE u.username = @__username_0
ORDER BY u.id
LIMIT 1
2026-02-15 22:43:23.711 +00:00 [INF] Executed DbCommand (2ms) [Parameters=[@__username_0='?'], CommandType='"Text"', CommandTimeout='30']
SELECT t0.user_id, t0.role_id, t0.assigned_at, t0.id, t0.created_at, t0.description, t0.is_active, t0.name, t.id
FROM (
    SELECT u.id
    FROM users AS u
    WHERE u.username = @__username_0
    LIMIT 1
) AS t
INNER JOIN (
    SELECT u0.user_id, u0.role_id, u0.assigned_at, r.id, r.created_at, r.description, r.is_active, r.name
    FROM user_roles AS u0
    INNER JOIN roles AS r ON u0.role_id = r.id
) AS t0 ON t.id = t0.user_id
ORDER BY t.id, t0.user_id, t0.role_id, t0.id
2026-02-15 22:43:23.718 +00:00 [INF] Executed DbCommand (3ms) [Parameters=[@__username_0='?'], CommandType='"Text"', CommandTimeout='30']
SELECT t1.role_id, t1.permission_id, t1.assigned_at, t1.id, t1.code, t1.created_at, t1.description, t1.module, t.id, t0.user_id, t0.role_id, t0.id
FROM (
    SELECT u.id
    FROM users AS u
    WHERE u.username = @__username_0
    LIMIT 1
) AS t
INNER JOIN (
    SELECT u0.user_id, u0.role_id, r.id
    FROM user_roles AS u0
    INNER JOIN roles AS r ON u0.role_id = r.id
) AS t0 ON t.id = t0.user_id
INNER JOIN (
    SELECT r0.role_id, r0.permission_id, r0.assigned_at, p.id, p.code, p.created_at, p.description, p.module
    FROM role_permissions AS r0
    INNER JOIN permissions AS p ON r0.permission_id = p.id
) AS t1 ON t0.id = t1.role_id
ORDER BY t.id, t0.user_id, t0.role_id, t0.id
2026-02-15 22:43:23.724 +00:00 [INF] Executed action QAMS.Api.Controllers.AuthController.Login (QAMS.Api) in 33.0459ms
2026-02-15 22:43:23.726 +00:00 [INF] Executed endpoint 'QAMS.Api.Controllers.AuthController.Login (QAMS.Api)'
2026-02-15 22:43:23.728 +00:00 [ERR] Error interno no controlado.
BCrypt.Net.SaltParseException: Invalid salt version
   at BCrypt.Net.BCrypt.HashPassword(String inputKey, String salt, Boolean enhancedEntropy, HashType hashType)
   at BCrypt.Net.BCrypt.Verify(String text, String hash, Boolean enhancedEntropy, HashType hashType)
   at QAMS.Infrastructure.Security.PasswordHasher.VerifyPassword(String password, String passwordHash) in /src/src/QAMS.Infrastructure/Security/PasswordHasher.cs:line 18
   at QAMS.Application.Services.AuthService.LoginAsync(LoginRequestDto request) in /src/src/QAMS.Application/Services/AuthService.cs:line 45
   at QAMS.Api.Controllers.AuthController.Login(LoginRequestDto request) in /src/src/QAMS.Api/Controllers/AuthController.cs:line 29
   at Microsoft.AspNetCore.Mvc.Infrastructure.ActionMethodExecutor.TaskOfIActionResultExecutor.Execute(ActionContext actionContext, IActionResultTypeMapper mapper, ObjectMethodExecutor executor, Object controller, Object[] arguments)
   at Microsoft.AspNetCore.Mvc.Infrastructure.ControllerActionInvoker.<InvokeActionMethodAsync>g__Awaited|12_0(ControllerActionInvoker invoker, ValueTask`1 actionResultValueTask)
   at Microsoft.AspNetCore.Mvc.Infrastructure.ControllerActionInvoker.<InvokeNextActionFilterAsync>g__Awaited|10_0(ControllerActionInvoker invoker, Task lastTask, State next, Scope scope, Object state, Boolean isCompleted)
   at Microsoft.AspNetCore.Mvc.Infrastructure.ControllerActionInvoker.Rethrow(ActionExecutedContextSealed context)
   at Microsoft.AspNetCore.Mvc.Infrastructure.ControllerActionInvoker.Next(State& next, Scope& scope, Object& state, Boolean& isCompleted)
   at Microsoft.AspNetCore.Mvc.Infrastructure.ControllerActionInvoker.<InvokeInnerFilterAsync>g__Awaited|13_0(ControllerActionInvoker invoker, Task lastTask, State next, Scope scope, Object state, Boolean isCompleted)
   at Microsoft.AspNetCore.Mvc.Infrastructure.ResourceInvoker.<InvokeFilterPipelineAsync>g__Awaited|20_0(ResourceInvoker invoker, Task lastTask, State next, Scope scope, Object state, Boolean isCompleted)
   at Microsoft.AspNetCore.Mvc.Infrastructure.ResourceInvoker.<InvokeAsync>g__Logged|17_1(ResourceInvoker invoker)
   at Microsoft.AspNetCore.Mvc.Infrastructure.ResourceInvoker.<InvokeAsync>g__Logged|17_1(ResourceInvoker invoker)
   at Microsoft.AspNetCore.Routing.EndpointMiddleware.<Invoke>g__AwaitRequestTask|7_0(Endpoint endpoint, Task requestTask, ILogger logger)
   at Microsoft.AspNetCore.Authorization.AuthorizationMiddleware.Invoke(HttpContext context)
   at Microsoft.AspNetCore.Authentication.AuthenticationMiddleware.Invoke(HttpContext context)
   at Swashbuckle.AspNetCore.SwaggerUI.SwaggerUIMiddleware.Invoke(HttpContext httpContext)
   at Swashbuckle.AspNetCore.Swagger.SwaggerMiddleware.Invoke(HttpContext httpContext, ISwaggerProvider swaggerProvider)
   at QAMS.Api.Middleware.ExceptionHandlingMiddleware.InvokeAsync(HttpContext context) in /src/src/QAMS.Api/Middleware/ExceptionHandlingMiddleware.cs:line 27
2026-02-15 22:43:23.735 +00:00 [INF] Request finished HTTP/1.1 POST http://localhost:5000/api/Auth/login - 500 null application/json 51.8204ms
2026-02-15 22:44:13.734 +00:00 [INF] Request starting HTTP/1.1 POST http://localhost:5000/api/Auth/login - application/json 52
2026-02-15 22:44:13.735 +00:00 [INF] CORS policy execution failed.
2026-02-15 22:44:13.736 +00:00 [INF] Request origin http://localhost:5000 does not have permission to access the resource.
2026-02-15 22:44:13.737 +00:00 [INF] Executing endpoint 'QAMS.Api.Controllers.AuthController.Login (QAMS.Api)'
2026-02-15 22:44:13.738 +00:00 [INF] Route matched with {action = "Login", controller = "Auth"}. Executing controller action with signature System.Threading.Tasks.Task`1[Microsoft.AspNetCore.Mvc.IActionResult] Login(QAMS.Application.DTOs.Auth.LoginRequestDto) on controller QAMS.Api.Controllers.AuthController (QAMS.Api).
2026-02-15 22:44:13.741 +00:00 [INF] POST /api/auth/login - Usuario: admin
2026-02-15 22:44:13.742 +00:00 [INF] Intento de login: 'admin'.
2026-02-15 22:44:13.753 +00:00 [INF] Executed DbCommand (3ms) [Parameters=[@__username_0='?'], CommandType='"Text"', CommandTimeout='30']
SELECT u.id, u.created_at, u.email, u.full_name, u.is_active, u.password_hash, u.refresh_token, u.refresh_token_expiry_time, u.updated_at, u.username
FROM users AS u
WHERE u.username = @__username_0
ORDER BY u.id
LIMIT 1
2026-02-15 22:44:13.755 +00:00 [INF] Executed DbCommand (1ms) [Parameters=[@__username_0='?'], CommandType='"Text"', CommandTimeout='30']
SELECT t0.user_id, t0.role_id, t0.assigned_at, t0.id, t0.created_at, t0.description, t0.is_active, t0.name, t.id
FROM (
    SELECT u.id
    FROM users AS u
    WHERE u.username = @__username_0
    LIMIT 1
) AS t
INNER JOIN (
    SELECT u0.user_id, u0.role_id, u0.assigned_at, r.id, r.created_at, r.description, r.is_active, r.name
    FROM user_roles AS u0
    INNER JOIN roles AS r ON u0.role_id = r.id
) AS t0 ON t.id = t0.user_id
ORDER BY t.id, t0.user_id, t0.role_id, t0.id
2026-02-15 22:44:13.757 +00:00 [INF] Executed DbCommand (1ms) [Parameters=[@__username_0='?'], CommandType='"Text"', CommandTimeout='30']
SELECT t1.role_id, t1.permission_id, t1.assigned_at, t1.id, t1.code, t1.created_at, t1.description, t1.module, t.id, t0.user_id, t0.role_id, t0.id
FROM (
    SELECT u.id
    FROM users AS u
    WHERE u.username = @__username_0
    LIMIT 1
) AS t
INNER JOIN (
    SELECT u0.user_id, u0.role_id, r.id
    FROM user_roles AS u0
    INNER JOIN roles AS r ON u0.role_id = r.id
) AS t0 ON t.id = t0.user_id
INNER JOIN (
    SELECT r0.role_id, r0.permission_id, r0.assigned_at, p.id, p.code, p.created_at, p.description, p.module
    FROM role_permissions AS r0
    INNER JOIN permissions AS p ON r0.permission_id = p.id
) AS t1 ON t0.id = t1.role_id
ORDER BY t.id, t0.user_id, t0.role_id, t0.id
2026-02-15 22:44:13.761 +00:00 [INF] Executed action QAMS.Api.Controllers.AuthController.Login (QAMS.Api) in 22.6902ms
2026-02-15 22:44:13.761 +00:00 [INF] Executed endpoint 'QAMS.Api.Controllers.AuthController.Login (QAMS.Api)'
2026-02-15 22:44:13.762 +00:00 [ERR] Error interno no controlado.
BCrypt.Net.SaltParseException: Invalid salt version
   at BCrypt.Net.BCrypt.HashPassword(String inputKey, String salt, Boolean enhancedEntropy, HashType hashType)
   at BCrypt.Net.BCrypt.Verify(String text, String hash, Boolean enhancedEntropy, HashType hashType)
   at QAMS.Infrastructure.Security.PasswordHasher.VerifyPassword(String password, String passwordHash) in /src/src/QAMS.Infrastructure/Security/PasswordHasher.cs:line 18
   at QAMS.Application.Services.AuthService.LoginAsync(LoginRequestDto request) in /src/src/QAMS.Application/Services/AuthService.cs:line 45
   at QAMS.Api.Controllers.AuthController.Login(LoginRequestDto request) in /src/src/QAMS.Api/Controllers/AuthController.cs:line 29
   at Microsoft.AspNetCore.Mvc.Infrastructure.ActionMethodExecutor.TaskOfIActionResultExecutor.Execute(ActionContext actionContext, IActionResultTypeMapper mapper, ObjectMethodExecutor executor, Object controller, Object[] arguments)
   at Microsoft.AspNetCore.Mvc.Infrastructure.ControllerActionInvoker.<InvokeActionMethodAsync>g__Awaited|12_0(ControllerActionInvoker invoker, ValueTask`1 actionResultValueTask)
   at Microsoft.AspNetCore.Mvc.Infrastructure.ControllerActionInvoker.<InvokeNextActionFilterAsync>g__Awaited|10_0(ControllerActionInvoker invoker, Task lastTask, State next, Scope scope, Object state, Boolean isCompleted)
   at Microsoft.AspNetCore.Mvc.Infrastructure.ControllerActionInvoker.Rethrow(ActionExecutedContextSealed context)
   at Microsoft.AspNetCore.Mvc.Infrastructure.ControllerActionInvoker.Next(State& next, Scope& scope, Object& state, Boolean& isCompleted)
   at Microsoft.AspNetCore.Mvc.Infrastructure.ControllerActionInvoker.<InvokeInnerFilterAsync>g__Awaited|13_0(ControllerActionInvoker invoker, Task lastTask, State next, Scope scope, Object state, Boolean isCompleted)
   at Microsoft.AspNetCore.Mvc.Infrastructure.ResourceInvoker.<InvokeFilterPipelineAsync>g__Awaited|20_0(ResourceInvoker invoker, Task lastTask, State next, Scope scope, Object state, Boolean isCompleted)
   at Microsoft.AspNetCore.Mvc.Infrastructure.ResourceInvoker.<InvokeAsync>g__Logged|17_1(ResourceInvoker invoker)
   at Microsoft.AspNetCore.Mvc.Infrastructure.ResourceInvoker.<InvokeAsync>g__Logged|17_1(ResourceInvoker invoker)
   at Microsoft.AspNetCore.Routing.EndpointMiddleware.<Invoke>g__AwaitRequestTask|7_0(Endpoint endpoint, Task requestTask, ILogger logger)
   at Microsoft.AspNetCore.Authorization.AuthorizationMiddleware.Invoke(HttpContext context)
   at Microsoft.AspNetCore.Authentication.AuthenticationMiddleware.Invoke(HttpContext context)
   at Swashbuckle.AspNetCore.SwaggerUI.SwaggerUIMiddleware.Invoke(HttpContext httpContext)
   at Swashbuckle.AspNetCore.Swagger.SwaggerMiddleware.Invoke(HttpContext httpContext, ISwaggerProvider swaggerProvider)
   at QAMS.Api.Middleware.ExceptionHandlingMiddleware.InvokeAsync(HttpContext context) in /src/src/QAMS.Api/Middleware/ExceptionHandlingMiddleware.cs:line 27
2026-02-15 22:44:13.765 +00:00 [INF] Request finished HTTP/1.1 POST http://localhost:5000/api/Auth/login - 500 null application/json 31.3671ms
2026-02-15 22:45:47.699 +00:00 [INF] Application is shutting down...
2026-02-15 22:45:53.591 +00:00 [INF] Executed DbCommand (47ms) [Parameters=[], CommandType='"Text"', CommandTimeout='30']
SELECT EXISTS (
    SELECT 1 FROM pg_catalog.pg_class c
    JOIN pg_catalog.pg_namespace n ON n.oid=c.relnamespace
    WHERE n.nspname='public' AND
          c.relname='__EFMigrationsHistory'
)
2026-02-15 22:45:53.671 +00:00 [INF] Executed DbCommand (3ms) [Parameters=[], CommandType='"Text"', CommandTimeout='30']
SELECT "MigrationId", "ProductVersion"
FROM "__EFMigrationsHistory"
ORDER BY "MigrationId";
2026-02-15 22:45:53.687 +00:00 [INF] Executed DbCommand (1ms) [Parameters=[], CommandType='"Text"', CommandTimeout='30']
SELECT EXISTS (
    SELECT 1 FROM pg_catalog.pg_class c
    JOIN pg_catalog.pg_namespace n ON n.oid=c.relnamespace
    WHERE n.nspname='public' AND
          c.relname='__EFMigrationsHistory'
)
2026-02-15 22:45:53.706 +00:00 [INF] Executed DbCommand (1ms) [Parameters=[], CommandType='"Text"', CommandTimeout='30']
SELECT EXISTS (
    SELECT 1 FROM pg_catalog.pg_class c
    JOIN pg_catalog.pg_namespace n ON n.oid=c.relnamespace
    WHERE n.nspname='public' AND
          c.relname='__EFMigrationsHistory'
)
2026-02-15 22:45:53.712 +00:00 [INF] Executed DbCommand (1ms) [Parameters=[], CommandType='"Text"', CommandTimeout='30']
SELECT "MigrationId", "ProductVersion"
FROM "__EFMigrationsHistory"
ORDER BY "MigrationId";
2026-02-15 22:45:53.724 +00:00 [INF] No migrations were applied. The database is already up to date.
2026-02-15 22:45:53.726 +00:00 [INF] Database migrations applied.
2026-02-15 22:45:53.734 +00:00 [INF] Executed DbCommand (1ms) [Parameters=[], CommandType='"Text"', CommandTimeout='30']
SELECT EXISTS (
    SELECT 1 FROM pg_catalog.pg_class c
    JOIN pg_catalog.pg_namespace n ON n.oid=c.relnamespace
    WHERE n.nspname='public' AND
          c.relname='__EFMigrationsHistory'
)
2026-02-15 22:45:53.736 +00:00 [INF] Executed DbCommand (1ms) [Parameters=[], CommandType='"Text"', CommandTimeout='30']
SELECT "MigrationId", "ProductVersion"
FROM "__EFMigrationsHistory"
ORDER BY "MigrationId";
2026-02-15 22:45:53.868 +00:00 [INF] QAMS API iniciada en Docker.
2026-02-15 22:45:53.889 +00:00 [WRN] Storing keys in a directory '/root/.aspnet/DataProtection-Keys' that may not be persisted outside of the container. Protected data will be unavailable when container is destroyed. For more information go to https://aka.ms/aspnet/dataprotectionwarning
2026-02-15 22:45:53.890 +00:00 [INF] User profile is available. Using '/root/.aspnet/DataProtection-Keys' as key repository; keys will not be encrypted at rest.
2026-02-15 22:45:53.908 +00:00 [INF] Creating key {b9a6b1c8-0e3a-455f-a115-9cfa83c52dcf} with creation date 2026-02-15 22:45:53Z, activation date 2026-02-15 22:45:53Z, and expiration date 2026-05-16 22:45:53Z.
2026-02-15 22:45:53.947 +00:00 [WRN] No XML encryptor configured. Key {b9a6b1c8-0e3a-455f-a115-9cfa83c52dcf} may be persisted to storage in unencrypted form.
2026-02-15 22:45:53.969 +00:00 [INF] Writing data to file '/root/.aspnet/DataProtection-Keys/key-b9a6b1c8-0e3a-455f-a115-9cfa83c52dcf.xml'.
2026-02-15 22:45:53.994 +00:00 [WRN] Overriding HTTP_PORTS '8080' and HTTPS_PORTS ''. Binding to values defined by URLS instead 'http://+:8080'.
2026-02-15 22:45:54.030 +00:00 [WRN] The WebRootPath was not found: /app/wwwroot. Static files may be unavailable.
2026-02-15 22:45:54.064 +00:00 [INF] Now listening on: http://[::]:8080
2026-02-15 22:45:54.065 +00:00 [INF] Application started. Press Ctrl+C to shut down.
2026-02-15 22:45:54.065 +00:00 [INF] Hosting environment: Docker
2026-02-15 22:45:54.066 +00:00 [INF] Content root path: /app
2026-02-15 22:46:25.570 +00:00 [INF] Request starting HTTP/1.1 GET http://localhost:5000/swagger - null null
2026-02-15 22:46:25.615 +00:00 [INF] Request finished HTTP/1.1 GET http://localhost:5000/swagger - 301 0 null 47.0666ms
2026-02-15 22:46:25.621 +00:00 [INF] Request starting HTTP/1.1 GET http://localhost:5000/swagger/index.html - null null
2026-02-15 22:46:25.708 +00:00 [INF] Request finished HTTP/1.1 GET http://localhost:5000/swagger/index.html - 200 null text/html;charset=utf-8 86.9897ms
2026-02-15 22:47:45.633 +00:00 [INF] Request starting HTTP/1.1 GET http://localhost:5000/swagger/index.html - null null
2026-02-15 22:47:45.637 +00:00 [INF] Request finished HTTP/1.1 GET http://localhost:5000/swagger/index.html - 200 null text/html;charset=utf-8 4.5287ms
2026-02-15 22:47:46.229 +00:00 [INF] Request starting HTTP/1.1 GET http://localhost:5000/swagger/v1/swagger.json - null null
2026-02-15 22:47:46.486 +00:00 [INF] Request finished HTTP/1.1 GET http://localhost:5000/swagger/v1/swagger.json - 200 null application/json;charset=utf-8 257.0302ms
2026-02-15 22:48:15.217 +00:00 [INF] Request starting HTTP/1.1 POST http://localhost:5000/api/Auth/login - application/json 56
2026-02-15 22:48:15.229 +00:00 [INF] CORS policy execution failed.
2026-02-15 22:48:15.230 +00:00 [INF] Request origin http://localhost:5000 does not have permission to access the resource.
2026-02-15 22:48:15.303 +00:00 [INF] Executing endpoint 'QAMS.Api.Controllers.AuthController.Login (QAMS.Api)'
2026-02-15 22:48:15.325 +00:00 [INF] Route matched with {action = "Login", controller = "Auth"}. Executing controller action with signature System.Threading.Tasks.Task`1[Microsoft.AspNetCore.Mvc.IActionResult] Login(QAMS.Application.DTOs.Auth.LoginRequestDto) on controller QAMS.Api.Controllers.AuthController (QAMS.Api).
2026-02-15 22:48:15.375 +00:00 [INF] POST /api/auth/login - Usuario: admin
2026-02-15 22:48:15.378 +00:00 [INF] Intento de login: 'admin'.
2026-02-15 22:48:15.707 +00:00 [INF] Executed DbCommand (17ms) [Parameters=[@__username_0='?'], CommandType='"Text"', CommandTimeout='30']
SELECT u.id, u.created_at, u.email, u.full_name, u.is_active, u.password_hash, u.refresh_token, u.refresh_token_expiry_time, u.updated_at, u.username
FROM users AS u
WHERE u.username = @__username_0
ORDER BY u.id
LIMIT 1
2026-02-15 22:48:15.791 +00:00 [INF] Executed DbCommand (12ms) [Parameters=[@__username_0='?'], CommandType='"Text"', CommandTimeout='30']
SELECT t0.user_id, t0.role_id, t0.assigned_at, t0.id, t0.created_at, t0.description, t0.is_active, t0.name, t.id
FROM (
    SELECT u.id
    FROM users AS u
    WHERE u.username = @__username_0
    LIMIT 1
) AS t
INNER JOIN (
    SELECT u0.user_id, u0.role_id, u0.assigned_at, r.id, r.created_at, r.description, r.is_active, r.name
    FROM user_roles AS u0
    INNER JOIN roles AS r ON u0.role_id = r.id
) AS t0 ON t.id = t0.user_id
ORDER BY t.id, t0.user_id, t0.role_id, t0.id
2026-02-15 22:48:15.841 +00:00 [INF] Executed DbCommand (4ms) [Parameters=[@__username_0='?'], CommandType='"Text"', CommandTimeout='30']
SELECT t1.role_id, t1.permission_id, t1.assigned_at, t1.id, t1.code, t1.created_at, t1.description, t1.module, t.id, t0.user_id, t0.role_id, t0.id
FROM (
    SELECT u.id
    FROM users AS u
    WHERE u.username = @__username_0
    LIMIT 1
) AS t
INNER JOIN (
    SELECT u0.user_id, u0.role_id, r.id
    FROM user_roles AS u0
    INNER JOIN roles AS r ON u0.role_id = r.id
) AS t0 ON t.id = t0.user_id
INNER JOIN (
    SELECT r0.role_id, r0.permission_id, r0.assigned_at, p.id, p.code, p.created_at, p.description, p.module
    FROM role_permissions AS r0
    INNER JOIN permissions AS p ON r0.permission_id = p.id
) AS t1 ON t0.id = t1.role_id
ORDER BY t.id, t0.user_id, t0.role_id, t0.id
2026-02-15 22:48:15.894 +00:00 [INF] Executed action QAMS.Api.Controllers.AuthController.Login (QAMS.Api) in 564.8684ms
2026-02-15 22:48:15.895 +00:00 [INF] Executed endpoint 'QAMS.Api.Controllers.AuthController.Login (QAMS.Api)'
2026-02-15 22:48:15.897 +00:00 [ERR] Error interno no controlado.
BCrypt.Net.SaltParseException: Invalid salt version
   at BCrypt.Net.BCrypt.HashPassword(String inputKey, String salt, Boolean enhancedEntropy, HashType hashType)
   at BCrypt.Net.BCrypt.Verify(String text, String hash, Boolean enhancedEntropy, HashType hashType)
   at QAMS.Infrastructure.Security.PasswordHasher.VerifyPassword(String password, String passwordHash) in /src/src/QAMS.Infrastructure/Security/PasswordHasher.cs:line 18
   at QAMS.Application.Services.AuthService.LoginAsync(LoginRequestDto request) in /src/src/QAMS.Application/Services/AuthService.cs:line 45
   at QAMS.Api.Controllers.AuthController.Login(LoginRequestDto request) in /src/src/QAMS.Api/Controllers/AuthController.cs:line 29
   at Microsoft.AspNetCore.Mvc.Infrastructure.ActionMethodExecutor.TaskOfIActionResultExecutor.Execute(ActionContext actionContext, IActionResultTypeMapper mapper, ObjectMethodExecutor executor, Object controller, Object[] arguments)
   at Microsoft.AspNetCore.Mvc.Infrastructure.ControllerActionInvoker.<InvokeActionMethodAsync>g__Awaited|12_0(ControllerActionInvoker invoker, ValueTask`1 actionResultValueTask)
   at Microsoft.AspNetCore.Mvc.Infrastructure.ControllerActionInvoker.<InvokeNextActionFilterAsync>g__Awaited|10_0(ControllerActionInvoker invoker, Task lastTask, State next, Scope scope, Object state, Boolean isCompleted)
   at Microsoft.AspNetCore.Mvc.Infrastructure.ControllerActionInvoker.Rethrow(ActionExecutedContextSealed context)
   at Microsoft.AspNetCore.Mvc.Infrastructure.ControllerActionInvoker.Next(State& next, Scope& scope, Object& state, Boolean& isCompleted)
   at Microsoft.AspNetCore.Mvc.Infrastructure.ControllerActionInvoker.<InvokeInnerFilterAsync>g__Awaited|13_0(ControllerActionInvoker invoker, Task lastTask, State next, Scope scope, Object state, Boolean isCompleted)
   at Microsoft.AspNetCore.Mvc.Infrastructure.ResourceInvoker.<InvokeFilterPipelineAsync>g__Awaited|20_0(ResourceInvoker invoker, Task lastTask, State next, Scope scope, Object state, Boolean isCompleted)
   at Microsoft.AspNetCore.Mvc.Infrastructure.ResourceInvoker.<InvokeAsync>g__Logged|17_1(ResourceInvoker invoker)
   at Microsoft.AspNetCore.Mvc.Infrastructure.ResourceInvoker.<InvokeAsync>g__Logged|17_1(ResourceInvoker invoker)
   at Microsoft.AspNetCore.Routing.EndpointMiddleware.<Invoke>g__AwaitRequestTask|7_0(Endpoint endpoint, Task requestTask, ILogger logger)
   at Microsoft.AspNetCore.Authorization.AuthorizationMiddleware.Invoke(HttpContext context)
   at Microsoft.AspNetCore.Authentication.AuthenticationMiddleware.Invoke(HttpContext context)
   at Swashbuckle.AspNetCore.SwaggerUI.SwaggerUIMiddleware.Invoke(HttpContext httpContext)
   at Swashbuckle.AspNetCore.Swagger.SwaggerMiddleware.Invoke(HttpContext httpContext, ISwaggerProvider swaggerProvider)
   at QAMS.Api.Middleware.ExceptionHandlingMiddleware.InvokeAsync(HttpContext context) in /src/src/QAMS.Api/Middleware/ExceptionHandlingMiddleware.cs:line 27
2026-02-15 22:48:15.962 +00:00 [INF] Request finished HTTP/1.1 POST http://localhost:5000/api/Auth/login - 500 null application/json 744.8283ms
2026-02-15 22:50:24.905 +00:00 [INF] Request starting HTTP/1.1 POST http://localhost:5000/api/Auth/login - application/json 56
2026-02-15 22:50:24.914 +00:00 [INF] CORS policy execution failed.
2026-02-15 22:50:24.915 +00:00 [INF] Request origin http://localhost:5000 does not have permission to access the resource.
2026-02-15 22:50:24.922 +00:00 [INF] Executing endpoint 'QAMS.Api.Controllers.AuthController.Login (QAMS.Api)'
2026-02-15 22:50:24.926 +00:00 [INF] Route matched with {action = "Login", controller = "Auth"}. Executing controller action with signature System.Threading.Tasks.Task`1[Microsoft.AspNetCore.Mvc.IActionResult] Login(QAMS.Application.DTOs.Auth.LoginRequestDto) on controller QAMS.Api.Controllers.AuthController (QAMS.Api).
2026-02-15 22:50:24.978 +00:00 [INF] POST /api/auth/login - Usuario: admin
2026-02-15 22:50:24.978 +00:00 [INF] Intento de login: 'admin'.
2026-02-15 22:50:24.997 +00:00 [ERR] Failed executing DbCommand (8ms) [Parameters=[@__username_0='?'], CommandType='"Text"', CommandTimeout='30']
SELECT u.id, u.created_at, u.email, u.full_name, u.is_active, u.password_hash, u.refresh_token, u.refresh_token_expiry_time, u.updated_at, u.username
FROM users AS u
WHERE u.username = @__username_0
ORDER BY u.id
LIMIT 1
2026-02-15 22:50:25.009 +00:00 [INF] A transient exception occurred during execution. The operation will be retried after 0ms.
Npgsql.PostgresException (0x80004005): 57P01: terminating connection due to administrator command
   at Npgsql.Internal.NpgsqlConnector.ReadMessageLong(Boolean async, DataRowLoadingMode dataRowLoadingMode, Boolean readingNotifications, Boolean isReadingPrependedMessage)
   at System.Runtime.CompilerServices.PoolingAsyncValueTaskMethodBuilder`1.StateMachineBox`1.System.Threading.Tasks.Sources.IValueTaskSource<TResult>.GetResult(Int16 token)
   at Npgsql.Internal.NpgsqlConnector.ReadMessageLong(Boolean async, DataRowLoadingMode dataRowLoadingMode, Boolean readingNotifications, Boolean isReadingPrependedMessage)
   at System.Runtime.CompilerServices.PoolingAsyncValueTaskMethodBuilder`1.StateMachineBox`1.System.Threading.Tasks.Sources.IValueTaskSource<TResult>.GetResult(Int16 token)
   at Npgsql.NpgsqlDataReader.NextResult(Boolean async, Boolean isConsuming, CancellationToken cancellationToken)
   at Npgsql.NpgsqlDataReader.NextResult(Boolean async, Boolean isConsuming, CancellationToken cancellationToken)
   at Npgsql.NpgsqlCommand.ExecuteReader(Boolean async, CommandBehavior behavior, CancellationToken cancellationToken)
   at Npgsql.NpgsqlCommand.ExecuteReader(Boolean async, CommandBehavior behavior, CancellationToken cancellationToken)
   at Npgsql.NpgsqlCommand.ExecuteDbDataReaderAsync(CommandBehavior behavior, CancellationToken cancellationToken)
   at Microsoft.EntityFrameworkCore.Storage.RelationalCommand.ExecuteReaderAsync(RelationalCommandParameterObject parameterObject, CancellationToken cancellationToken)
   at Microsoft.EntityFrameworkCore.Storage.RelationalCommand.ExecuteReaderAsync(RelationalCommandParameterObject parameterObject, CancellationToken cancellationToken)
   at Microsoft.EntityFrameworkCore.Query.Internal.SplitQueryingEnumerable`1.AsyncEnumerator.InitializeReaderAsync(AsyncEnumerator enumerator, CancellationToken cancellationToken)
   at Microsoft.EntityFrameworkCore.Storage.ExecutionStrategy.<>c__DisplayClass30_0`2.<<ExecuteAsync>b__0>d.MoveNext()
--- End of stack trace from previous location ---
   at Microsoft.EntityFrameworkCore.Storage.ExecutionStrategy.ExecuteImplementationAsync[TState,TResult](Func`4 operation, Func`4 verifySucceeded, TState state, CancellationToken cancellationToken)
  Exception data:
    Severity: FATAL
    SqlState: 57P01
    MessageText: terminating connection due to administrator command
    File: postgres.c
    Line: 3286
    Routine: ProcessInterrupts
Npgsql.PostgresException (0x80004005): 57P01: terminating connection due to administrator command
   at Npgsql.Internal.NpgsqlConnector.ReadMessageLong(Boolean async, DataRowLoadingMode dataRowLoadingMode, Boolean readingNotifications, Boolean isReadingPrependedMessage)
   at System.Runtime.CompilerServices.PoolingAsyncValueTaskMethodBuilder`1.StateMachineBox`1.System.Threading.Tasks.Sources.IValueTaskSource<TResult>.GetResult(Int16 token)
   at Npgsql.Internal.NpgsqlConnector.ReadMessageLong(Boolean async, DataRowLoadingMode dataRowLoadingMode, Boolean readingNotifications, Boolean isReadingPrependedMessage)
   at System.Runtime.CompilerServices.PoolingAsyncValueTaskMethodBuilder`1.StateMachineBox`1.System.Threading.Tasks.Sources.IValueTaskSource<TResult>.GetResult(Int16 token)
   at Npgsql.NpgsqlDataReader.NextResult(Boolean async, Boolean isConsuming, CancellationToken cancellationToken)
   at Npgsql.NpgsqlDataReader.NextResult(Boolean async, Boolean isConsuming, CancellationToken cancellationToken)
   at Npgsql.NpgsqlCommand.ExecuteReader(Boolean async, CommandBehavior behavior, CancellationToken cancellationToken)
   at Npgsql.NpgsqlCommand.ExecuteReader(Boolean async, CommandBehavior behavior, CancellationToken cancellationToken)
   at Npgsql.NpgsqlCommand.ExecuteDbDataReaderAsync(CommandBehavior behavior, CancellationToken cancellationToken)
   at Microsoft.EntityFrameworkCore.Storage.RelationalCommand.ExecuteReaderAsync(RelationalCommandParameterObject parameterObject, CancellationToken cancellationToken)
   at Microsoft.EntityFrameworkCore.Storage.RelationalCommand.ExecuteReaderAsync(RelationalCommandParameterObject parameterObject, CancellationToken cancellationToken)
   at Microsoft.EntityFrameworkCore.Query.Internal.SplitQueryingEnumerable`1.AsyncEnumerator.InitializeReaderAsync(AsyncEnumerator enumerator, CancellationToken cancellationToken)
   at Microsoft.EntityFrameworkCore.Storage.ExecutionStrategy.<>c__DisplayClass30_0`2.<<ExecuteAsync>b__0>d.MoveNext()
--- End of stack trace from previous location ---
   at Microsoft.EntityFrameworkCore.Storage.ExecutionStrategy.ExecuteImplementationAsync[TState,TResult](Func`4 operation, Func`4 verifySucceeded, TState state, CancellationToken cancellationToken)
  Exception data:
    Severity: FATAL
    SqlState: 57P01
    MessageText: terminating connection due to administrator command
    File: postgres.c
    Line: 3286
    Routine: ProcessInterrupts
2026-02-15 22:50:25.053 +00:00 [ERR] An error occurred using the connection to database 'qams_db' on server 'tcp://postgres:5432'.
2026-02-15 22:50:25.066 +00:00 [ERR] An exception occurred while iterating over the results of a query for context type 'QAMS.Infrastructure.Persistence.Configurations.QamsDbContext'.
Npgsql.PostgresException (0x80004005): 3D000: database "qams_db" does not exist
   at Npgsql.Internal.NpgsqlConnector.ReadMessageLong(Boolean async, DataRowLoadingMode dataRowLoadingMode, Boolean readingNotifications, Boolean isReadingPrependedMessage)
   at System.Runtime.CompilerServices.PoolingAsyncValueTaskMethodBuilder`1.StateMachineBox`1.System.Threading.Tasks.Sources.IValueTaskSource<TResult>.GetResult(Int16 token)
   at Npgsql.Internal.NpgsqlConnector.<Open>g__OpenCore|213_1(NpgsqlConnector conn, SslMode sslMode, NpgsqlTimeout timeout, Boolean async, CancellationToken cancellationToken, Boolean isFirstAttempt)
   at Npgsql.Internal.NpgsqlConnector.Open(NpgsqlTimeout timeout, Boolean async, CancellationToken cancellationToken)
   at Npgsql.PoolingDataSource.OpenNewConnector(NpgsqlConnection conn, NpgsqlTimeout timeout, Boolean async, CancellationToken cancellationToken)
   at Npgsql.PoolingDataSource.<Get>g__RentAsync|33_0(NpgsqlConnection conn, NpgsqlTimeout timeout, Boolean async, CancellationToken cancellationToken)
   at Npgsql.NpgsqlConnection.<Open>g__OpenAsync|42_0(Boolean async, CancellationToken cancellationToken)
   at Microsoft.EntityFrameworkCore.Storage.RelationalConnection.OpenInternalAsync(Boolean errorsExpected, CancellationToken cancellationToken)
   at Microsoft.EntityFrameworkCore.Storage.RelationalConnection.OpenInternalAsync(Boolean errorsExpected, CancellationToken cancellationToken)
   at Microsoft.EntityFrameworkCore.Storage.RelationalConnection.OpenAsync(CancellationToken cancellationToken, Boolean errorsExpected)
   at Microsoft.EntityFrameworkCore.Storage.RelationalCommand.ExecuteReaderAsync(RelationalCommandParameterObject parameterObject, CancellationToken cancellationToken)
   at Microsoft.EntityFrameworkCore.Query.Internal.SplitQueryingEnumerable`1.AsyncEnumerator.InitializeReaderAsync(AsyncEnumerator enumerator, CancellationToken cancellationToken)
   at Microsoft.EntityFrameworkCore.Storage.ExecutionStrategy.<>c__DisplayClass30_0`2.<<ExecuteAsync>b__0>d.MoveNext()
--- End of stack trace from previous location ---
   at Microsoft.EntityFrameworkCore.Storage.ExecutionStrategy.ExecuteImplementationAsync[TState,TResult](Func`4 operation, Func`4 verifySucceeded, TState state, CancellationToken cancellationToken)
   at Microsoft.EntityFrameworkCore.Storage.ExecutionStrategy.ExecuteImplementationAsync[TState,TResult](Func`4 operation, Func`4 verifySucceeded, TState state, CancellationToken cancellationToken)
   at Microsoft.EntityFrameworkCore.Storage.ExecutionStrategy.ExecuteAsync[TState,TResult](TState state, Func`4 operation, Func`4 verifySucceeded, CancellationToken cancellationToken)
   at Microsoft.EntityFrameworkCore.Query.Internal.SplitQueryingEnumerable`1.AsyncEnumerator.MoveNextAsync()
  Exception data:
    Severity: FATAL
    SqlState: 3D000
    MessageText: database "qams_db" does not exist
    File: postinit.c
    Line: 1021
    Routine: InitPostgres
Npgsql.PostgresException (0x80004005): 3D000: database "qams_db" does not exist
   at Npgsql.Internal.NpgsqlConnector.ReadMessageLong(Boolean async, DataRowLoadingMode dataRowLoadingMode, Boolean readingNotifications, Boolean isReadingPrependedMessage)
   at System.Runtime.CompilerServices.PoolingAsyncValueTaskMethodBuilder`1.StateMachineBox`1.System.Threading.Tasks.Sources.IValueTaskSource<TResult>.GetResult(Int16 token)
   at Npgsql.Internal.NpgsqlConnector.<Open>g__OpenCore|213_1(NpgsqlConnector conn, SslMode sslMode, NpgsqlTimeout timeout, Boolean async, CancellationToken cancellationToken, Boolean isFirstAttempt)
   at Npgsql.Internal.NpgsqlConnector.Open(NpgsqlTimeout timeout, Boolean async, CancellationToken cancellationToken)
   at Npgsql.PoolingDataSource.OpenNewConnector(NpgsqlConnection conn, NpgsqlTimeout timeout, Boolean async, CancellationToken cancellationToken)
   at Npgsql.PoolingDataSource.<Get>g__RentAsync|33_0(NpgsqlConnection conn, NpgsqlTimeout timeout, Boolean async, CancellationToken cancellationToken)
   at Npgsql.NpgsqlConnection.<Open>g__OpenAsync|42_0(Boolean async, CancellationToken cancellationToken)
   at Microsoft.EntityFrameworkCore.Storage.RelationalConnection.OpenInternalAsync(Boolean errorsExpected, CancellationToken cancellationToken)
   at Microsoft.EntityFrameworkCore.Storage.RelationalConnection.OpenInternalAsync(Boolean errorsExpected, CancellationToken cancellationToken)
   at Microsoft.EntityFrameworkCore.Storage.RelationalConnection.OpenAsync(CancellationToken cancellationToken, Boolean errorsExpected)
   at Microsoft.EntityFrameworkCore.Storage.RelationalCommand.ExecuteReaderAsync(RelationalCommandParameterObject parameterObject, CancellationToken cancellationToken)
   at Microsoft.EntityFrameworkCore.Query.Internal.SplitQueryingEnumerable`1.AsyncEnumerator.InitializeReaderAsync(AsyncEnumerator enumerator, CancellationToken cancellationToken)
   at Microsoft.EntityFrameworkCore.Storage.ExecutionStrategy.<>c__DisplayClass30_0`2.<<ExecuteAsync>b__0>d.MoveNext()
--- End of stack trace from previous location ---
   at Microsoft.EntityFrameworkCore.Storage.ExecutionStrategy.ExecuteImplementationAsync[TState,TResult](Func`4 operation, Func`4 verifySucceeded, TState state, CancellationToken cancellationToken)
   at Microsoft.EntityFrameworkCore.Storage.ExecutionStrategy.ExecuteImplementationAsync[TState,TResult](Func`4 operation, Func`4 verifySucceeded, TState state, CancellationToken cancellationToken)
   at Microsoft.EntityFrameworkCore.Storage.ExecutionStrategy.ExecuteAsync[TState,TResult](TState state, Func`4 operation, Func`4 verifySucceeded, CancellationToken cancellationToken)
   at Microsoft.EntityFrameworkCore.Query.Internal.SplitQueryingEnumerable`1.AsyncEnumerator.MoveNextAsync()
  Exception data:
    Severity: FATAL
    SqlState: 3D000
    MessageText: database "qams_db" does not exist
    File: postinit.c
    Line: 1021
    Routine: InitPostgres
2026-02-15 22:50:25.073 +00:00 [INF] Executed action QAMS.Api.Controllers.AuthController.Login (QAMS.Api) in 145.9137ms
2026-02-15 22:50:25.074 +00:00 [INF] Executed endpoint 'QAMS.Api.Controllers.AuthController.Login (QAMS.Api)'
2026-02-15 22:50:25.075 +00:00 [ERR] Error interno no controlado.
Npgsql.PostgresException (0x80004005): 3D000: database "qams_db" does not exist
   at Npgsql.Internal.NpgsqlConnector.ReadMessageLong(Boolean async, DataRowLoadingMode dataRowLoadingMode, Boolean readingNotifications, Boolean isReadingPrependedMessage)
   at System.Runtime.CompilerServices.PoolingAsyncValueTaskMethodBuilder`1.StateMachineBox`1.System.Threading.Tasks.Sources.IValueTaskSource<TResult>.GetResult(Int16 token)
   at Npgsql.Internal.NpgsqlConnector.<Open>g__OpenCore|213_1(NpgsqlConnector conn, SslMode sslMode, NpgsqlTimeout timeout, Boolean async, CancellationToken cancellationToken, Boolean isFirstAttempt)
   at Npgsql.Internal.NpgsqlConnector.Open(NpgsqlTimeout timeout, Boolean async, CancellationToken cancellationToken)
   at Npgsql.PoolingDataSource.OpenNewConnector(NpgsqlConnection conn, NpgsqlTimeout timeout, Boolean async, CancellationToken cancellationToken)
   at Npgsql.PoolingDataSource.<Get>g__RentAsync|33_0(NpgsqlConnection conn, NpgsqlTimeout timeout, Boolean async, CancellationToken cancellationToken)
   at Npgsql.NpgsqlConnection.<Open>g__OpenAsync|42_0(Boolean async, CancellationToken cancellationToken)
   at Microsoft.EntityFrameworkCore.Storage.RelationalConnection.OpenInternalAsync(Boolean errorsExpected, CancellationToken cancellationToken)
   at Microsoft.EntityFrameworkCore.Storage.RelationalConnection.OpenInternalAsync(Boolean errorsExpected, CancellationToken cancellationToken)
   at Microsoft.EntityFrameworkCore.Storage.RelationalConnection.OpenAsync(CancellationToken cancellationToken, Boolean errorsExpected)
   at Microsoft.EntityFrameworkCore.Storage.RelationalCommand.ExecuteReaderAsync(RelationalCommandParameterObject parameterObject, CancellationToken cancellationToken)
   at Microsoft.EntityFrameworkCore.Query.Internal.SplitQueryingEnumerable`1.AsyncEnumerator.InitializeReaderAsync(AsyncEnumerator enumerator, CancellationToken cancellationToken)
   at Microsoft.EntityFrameworkCore.Storage.ExecutionStrategy.<>c__DisplayClass30_0`2.<<ExecuteAsync>b__0>d.MoveNext()
--- End of stack trace from previous location ---
   at Microsoft.EntityFrameworkCore.Storage.ExecutionStrategy.ExecuteImplementationAsync[TState,TResult](Func`4 operation, Func`4 verifySucceeded, TState state, CancellationToken cancellationToken)
   at Microsoft.EntityFrameworkCore.Storage.ExecutionStrategy.ExecuteImplementationAsync[TState,TResult](Func`4 operation, Func`4 verifySucceeded, TState state, CancellationToken cancellationToken)
   at Microsoft.EntityFrameworkCore.Storage.ExecutionStrategy.ExecuteAsync[TState,TResult](TState state, Func`4 operation, Func`4 verifySucceeded, CancellationToken cancellationToken)
   at Microsoft.EntityFrameworkCore.Query.Internal.SplitQueryingEnumerable`1.AsyncEnumerator.MoveNextAsync()
   at Microsoft.EntityFrameworkCore.Query.ShapedQueryCompilingExpressionVisitor.SingleOrDefaultAsync[TSource](IAsyncEnumerable`1 asyncEnumerable, CancellationToken cancellationToken)
   at Microsoft.EntityFrameworkCore.Query.ShapedQueryCompilingExpressionVisitor.SingleOrDefaultAsync[TSource](IAsyncEnumerable`1 asyncEnumerable, CancellationToken cancellationToken)
   at QAMS.Infrastructure.Repositories.UserRepository.GetWithRolesAndPermissionsAsync(String username) in /src/src/QAMS.Infrastructure/Repositories/UserRepository.cs:line 202
   at QAMS.Application.Services.AuthService.LoginAsync(LoginRequestDto request) in /src/src/QAMS.Application/Services/AuthService.cs:line 38
   at QAMS.Api.Controllers.AuthController.Login(LoginRequestDto request) in /src/src/QAMS.Api/Controllers/AuthController.cs:line 29
   at Microsoft.AspNetCore.Mvc.Infrastructure.ActionMethodExecutor.TaskOfIActionResultExecutor.Execute(ActionContext actionContext, IActionResultTypeMapper mapper, ObjectMethodExecutor executor, Object controller, Object[] arguments)
   at Microsoft.AspNetCore.Mvc.Infrastructure.ControllerActionInvoker.<InvokeActionMethodAsync>g__Awaited|12_0(ControllerActionInvoker invoker, ValueTask`1 actionResultValueTask)
   at Microsoft.AspNetCore.Mvc.Infrastructure.ControllerActionInvoker.<InvokeNextActionFilterAsync>g__Awaited|10_0(ControllerActionInvoker invoker, Task lastTask, State next, Scope scope, Object state, Boolean isCompleted)
   at Microsoft.AspNetCore.Mvc.Infrastructure.ControllerActionInvoker.Rethrow(ActionExecutedContextSealed context)
   at Microsoft.AspNetCore.Mvc.Infrastructure.ControllerActionInvoker.Next(State& next, Scope& scope, Object& state, Boolean& isCompleted)
   at Microsoft.AspNetCore.Mvc.Infrastructure.ControllerActionInvoker.<InvokeInnerFilterAsync>g__Awaited|13_0(ControllerActionInvoker invoker, Task lastTask, State next, Scope scope, Object state, Boolean isCompleted)
   at Microsoft.AspNetCore.Mvc.Infrastructure.ResourceInvoker.<InvokeFilterPipelineAsync>g__Awaited|20_0(ResourceInvoker invoker, Task lastTask, State next, Scope scope, Object state, Boolean isCompleted)
   at Microsoft.AspNetCore.Mvc.Infrastructure.ResourceInvoker.<InvokeAsync>g__Logged|17_1(ResourceInvoker invoker)
   at Microsoft.AspNetCore.Mvc.Infrastructure.ResourceInvoker.<InvokeAsync>g__Logged|17_1(ResourceInvoker invoker)
   at Microsoft.AspNetCore.Routing.EndpointMiddleware.<Invoke>g__AwaitRequestTask|7_0(Endpoint endpoint, Task requestTask, ILogger logger)
   at Microsoft.AspNetCore.Authorization.AuthorizationMiddleware.Invoke(HttpContext context)
   at Microsoft.AspNetCore.Authentication.AuthenticationMiddleware.Invoke(HttpContext context)
   at Swashbuckle.AspNetCore.SwaggerUI.SwaggerUIMiddleware.Invoke(HttpContext httpContext)
   at Swashbuckle.AspNetCore.Swagger.SwaggerMiddleware.Invoke(HttpContext httpContext, ISwaggerProvider swaggerProvider)
   at QAMS.Api.Middleware.ExceptionHandlingMiddleware.InvokeAsync(HttpContext context) in /src/src/QAMS.Api/Middleware/ExceptionHandlingMiddleware.cs:line 27
  Exception data:
    Severity: FATAL
    SqlState: 3D000
    MessageText: database "qams_db" does not exist
    File: postinit.c
    Line: 1021
    Routine: InitPostgres
2026-02-15 22:50:25.083 +00:00 [INF] Request finished HTTP/1.1 POST http://localhost:5000/api/Auth/login - 500 null application/json 178.7631ms
2026-02-15 22:51:01.336 +00:00 [INF] Request starting HTTP/1.1 GET http://localhost:5000/swagger/index.html - null null
2026-02-15 22:51:01.343 +00:00 [INF] Request finished HTTP/1.1 GET http://localhost:5000/swagger/index.html - 200 null text/html;charset=utf-8 7.323ms
2026-02-15 22:51:01.410 +00:00 [INF] Request starting HTTP/1.1 GET http://localhost:5000/swagger/swagger-ui.css - null null
2026-02-15 22:51:01.410 +00:00 [INF] Request starting HTTP/1.1 GET http://localhost:5000/swagger/swagger-ui-bundle.js - null null
2026-02-15 22:51:01.416 +00:00 [INF] Request starting HTTP/1.1 GET http://localhost:5000/swagger/swagger-ui-standalone-preset.js - null null
2026-02-15 22:51:01.467 +00:00 [INF] Sending file. Request path: '/swagger-ui.css'. Physical path: 'N/A'
2026-02-15 22:51:01.467 +00:00 [INF] Sending file. Request path: '/swagger-ui-standalone-preset.js'. Physical path: 'N/A'
2026-02-15 22:51:01.476 +00:00 [INF] Request finished HTTP/1.1 GET http://localhost:5000/swagger/swagger-ui.css - 200 144929 text/css 65.598ms
2026-02-15 22:51:01.483 +00:00 [INF] Request finished HTTP/1.1 GET http://localhost:5000/swagger/swagger-ui-standalone-preset.js - 200 312163 text/javascript 66.7269ms
2026-02-15 22:51:01.484 +00:00 [INF] Sending file. Request path: '/swagger-ui-bundle.js'. Physical path: 'N/A'
2026-02-15 22:51:01.486 +00:00 [INF] Request finished HTTP/1.1 GET http://localhost:5000/swagger/swagger-ui-bundle.js - 200 1061536 text/javascript 75.636ms
2026-02-15 22:51:01.800 +00:00 [INF] Request starting HTTP/1.1 GET http://localhost:5000/swagger/v1/swagger.json - null null
2026-02-15 22:51:01.827 +00:00 [INF] Request starting HTTP/1.1 GET http://localhost:5000/swagger/favicon-32x32.png - null null
2026-02-15 22:51:01.830 +00:00 [INF] Sending file. Request path: '/favicon-32x32.png'. Physical path: 'N/A'
2026-02-15 22:51:01.831 +00:00 [INF] Request finished HTTP/1.1 GET http://localhost:5000/swagger/favicon-32x32.png - 200 628 image/png 3.3025ms
2026-02-15 22:51:01.837 +00:00 [INF] Request finished HTTP/1.1 GET http://localhost:5000/swagger/v1/swagger.json - 200 null application/json;charset=utf-8 37.0535ms
2026-02-15 23:02:46.174 +00:00 [INF] Request starting HTTP/1.1 GET http://localhost:5000/swagger/index.html - null null
2026-02-15 23:02:46.266 +00:00 [INF] Request finished HTTP/1.1 GET http://localhost:5000/swagger/index.html - 200 null text/html;charset=utf-8 82.9317ms
2026-02-15 23:02:46.796 +00:00 [INF] Request starting HTTP/1.1 GET http://localhost:5000/swagger/v1/swagger.json - null null
2026-02-15 23:02:46.965 +00:00 [INF] Request finished HTTP/1.1 GET http://localhost:5000/swagger/v1/swagger.json - 200 null application/json;charset=utf-8 169.1098ms
2026-02-15 23:03:10.425 +00:00 [INF] Request starting HTTP/1.1 POST http://localhost:5000/api/Auth/login - application/json 56
2026-02-15 23:03:10.447 +00:00 [INF] CORS policy execution failed.
2026-02-15 23:03:10.450 +00:00 [INF] Request origin http://localhost:5000 does not have permission to access the resource.
2026-02-15 23:03:10.484 +00:00 [INF] Executing endpoint 'QAMS.Api.Controllers.AuthController.Login (QAMS.Api)'
2026-02-15 23:03:10.496 +00:00 [INF] Route matched with {action = "Login", controller = "Auth"}. Executing controller action with signature System.Threading.Tasks.Task`1[Microsoft.AspNetCore.Mvc.IActionResult] Login(QAMS.Application.DTOs.Auth.LoginRequestDto) on controller QAMS.Api.Controllers.AuthController (QAMS.Api).
2026-02-15 23:03:10.548 +00:00 [INF] POST /api/auth/login - Usuario: admin
2026-02-15 23:03:10.549 +00:00 [INF] Intento de login: 'admin'.
2026-02-15 23:03:10.654 +00:00 [ERR] An error occurred using the connection to database 'qams_db' on server 'tcp://postgres:5432'.
2026-02-15 23:03:10.678 +00:00 [ERR] An exception occurred while iterating over the results of a query for context type 'QAMS.Infrastructure.Persistence.Configurations.QamsDbContext'.
Npgsql.PostgresException (0x80004005): 3D000: database "qams_db" does not exist
   at Npgsql.Internal.NpgsqlConnector.ReadMessageLong(Boolean async, DataRowLoadingMode dataRowLoadingMode, Boolean readingNotifications, Boolean isReadingPrependedMessage)
   at System.Runtime.CompilerServices.PoolingAsyncValueTaskMethodBuilder`1.StateMachineBox`1.System.Threading.Tasks.Sources.IValueTaskSource<TResult>.GetResult(Int16 token)
   at Npgsql.Internal.NpgsqlConnector.<Open>g__OpenCore|213_1(NpgsqlConnector conn, SslMode sslMode, NpgsqlTimeout timeout, Boolean async, CancellationToken cancellationToken, Boolean isFirstAttempt)
   at Npgsql.Internal.NpgsqlConnector.Open(NpgsqlTimeout timeout, Boolean async, CancellationToken cancellationToken)
   at Npgsql.PoolingDataSource.OpenNewConnector(NpgsqlConnection conn, NpgsqlTimeout timeout, Boolean async, CancellationToken cancellationToken)
   at Npgsql.PoolingDataSource.<Get>g__RentAsync|33_0(NpgsqlConnection conn, NpgsqlTimeout timeout, Boolean async, CancellationToken cancellationToken)
   at Npgsql.NpgsqlConnection.<Open>g__OpenAsync|42_0(Boolean async, CancellationToken cancellationToken)
   at Microsoft.EntityFrameworkCore.Storage.RelationalConnection.OpenInternalAsync(Boolean errorsExpected, CancellationToken cancellationToken)
   at Microsoft.EntityFrameworkCore.Storage.RelationalConnection.OpenInternalAsync(Boolean errorsExpected, CancellationToken cancellationToken)
   at Microsoft.EntityFrameworkCore.Storage.RelationalConnection.OpenAsync(CancellationToken cancellationToken, Boolean errorsExpected)
   at Microsoft.EntityFrameworkCore.Storage.RelationalCommand.ExecuteReaderAsync(RelationalCommandParameterObject parameterObject, CancellationToken cancellationToken)
   at Microsoft.EntityFrameworkCore.Query.Internal.SplitQueryingEnumerable`1.AsyncEnumerator.InitializeReaderAsync(AsyncEnumerator enumerator, CancellationToken cancellationToken)
   at Microsoft.EntityFrameworkCore.Storage.ExecutionStrategy.<>c__DisplayClass30_0`2.<<ExecuteAsync>b__0>d.MoveNext()
--- End of stack trace from previous location ---
   at Microsoft.EntityFrameworkCore.Storage.ExecutionStrategy.ExecuteImplementationAsync[TState,TResult](Func`4 operation, Func`4 verifySucceeded, TState state, CancellationToken cancellationToken)
   at Microsoft.EntityFrameworkCore.Storage.ExecutionStrategy.ExecuteImplementationAsync[TState,TResult](Func`4 operation, Func`4 verifySucceeded, TState state, CancellationToken cancellationToken)
   at Microsoft.EntityFrameworkCore.Storage.ExecutionStrategy.ExecuteAsync[TState,TResult](TState state, Func`4 operation, Func`4 verifySucceeded, CancellationToken cancellationToken)
   at Microsoft.EntityFrameworkCore.Query.Internal.SplitQueryingEnumerable`1.AsyncEnumerator.MoveNextAsync()
  Exception data:
    Severity: FATAL
    SqlState: 3D000
    MessageText: database "qams_db" does not exist
    File: postinit.c
    Line: 1021
    Routine: InitPostgres
Npgsql.PostgresException (0x80004005): 3D000: database "qams_db" does not exist
   at Npgsql.Internal.NpgsqlConnector.ReadMessageLong(Boolean async, DataRowLoadingMode dataRowLoadingMode, Boolean readingNotifications, Boolean isReadingPrependedMessage)
   at System.Runtime.CompilerServices.PoolingAsyncValueTaskMethodBuilder`1.StateMachineBox`1.System.Threading.Tasks.Sources.IValueTaskSource<TResult>.GetResult(Int16 token)
   at Npgsql.Internal.NpgsqlConnector.<Open>g__OpenCore|213_1(NpgsqlConnector conn, SslMode sslMode, NpgsqlTimeout timeout, Boolean async, CancellationToken cancellationToken, Boolean isFirstAttempt)
   at Npgsql.Internal.NpgsqlConnector.Open(NpgsqlTimeout timeout, Boolean async, CancellationToken cancellationToken)
   at Npgsql.PoolingDataSource.OpenNewConnector(NpgsqlConnection conn, NpgsqlTimeout timeout, Boolean async, CancellationToken cancellationToken)
   at Npgsql.PoolingDataSource.<Get>g__RentAsync|33_0(NpgsqlConnection conn, NpgsqlTimeout timeout, Boolean async, CancellationToken cancellationToken)
   at Npgsql.NpgsqlConnection.<Open>g__OpenAsync|42_0(Boolean async, CancellationToken cancellationToken)
   at Microsoft.EntityFrameworkCore.Storage.RelationalConnection.OpenInternalAsync(Boolean errorsExpected, CancellationToken cancellationToken)
   at Microsoft.EntityFrameworkCore.Storage.RelationalConnection.OpenInternalAsync(Boolean errorsExpected, CancellationToken cancellationToken)
   at Microsoft.EntityFrameworkCore.Storage.RelationalConnection.OpenAsync(CancellationToken cancellationToken, Boolean errorsExpected)
   at Microsoft.EntityFrameworkCore.Storage.RelationalCommand.ExecuteReaderAsync(RelationalCommandParameterObject parameterObject, CancellationToken cancellationToken)
   at Microsoft.EntityFrameworkCore.Query.Internal.SplitQueryingEnumerable`1.AsyncEnumerator.InitializeReaderAsync(AsyncEnumerator enumerator, CancellationToken cancellationToken)
   at Microsoft.EntityFrameworkCore.Storage.ExecutionStrategy.<>c__DisplayClass30_0`2.<<ExecuteAsync>b__0>d.MoveNext()
--- End of stack trace from previous location ---
   at Microsoft.EntityFrameworkCore.Storage.ExecutionStrategy.ExecuteImplementationAsync[TState,TResult](Func`4 operation, Func`4 verifySucceeded, TState state, CancellationToken cancellationToken)
   at Microsoft.EntityFrameworkCore.Storage.ExecutionStrategy.ExecuteImplementationAsync[TState,TResult](Func`4 operation, Func`4 verifySucceeded, TState state, CancellationToken cancellationToken)
   at Microsoft.EntityFrameworkCore.Storage.ExecutionStrategy.ExecuteAsync[TState,TResult](TState state, Func`4 operation, Func`4 verifySucceeded, CancellationToken cancellationToken)
   at Microsoft.EntityFrameworkCore.Query.Internal.SplitQueryingEnumerable`1.AsyncEnumerator.MoveNextAsync()
  Exception data:
    Severity: FATAL
    SqlState: 3D000
    MessageText: database "qams_db" does not exist
    File: postinit.c
    Line: 1021
    Routine: InitPostgres
2026-02-15 23:03:10.687 +00:00 [INF] Executed action QAMS.Api.Controllers.AuthController.Login (QAMS.Api) in 188.5699ms
2026-02-15 23:03:10.689 +00:00 [INF] Executed endpoint 'QAMS.Api.Controllers.AuthController.Login (QAMS.Api)'
2026-02-15 23:03:10.692 +00:00 [ERR] Error interno no controlado.
Npgsql.PostgresException (0x80004005): 3D000: database "qams_db" does not exist
   at Npgsql.Internal.NpgsqlConnector.ReadMessageLong(Boolean async, DataRowLoadingMode dataRowLoadingMode, Boolean readingNotifications, Boolean isReadingPrependedMessage)
   at System.Runtime.CompilerServices.PoolingAsyncValueTaskMethodBuilder`1.StateMachineBox`1.System.Threading.Tasks.Sources.IValueTaskSource<TResult>.GetResult(Int16 token)
   at Npgsql.Internal.NpgsqlConnector.<Open>g__OpenCore|213_1(NpgsqlConnector conn, SslMode sslMode, NpgsqlTimeout timeout, Boolean async, CancellationToken cancellationToken, Boolean isFirstAttempt)
   at Npgsql.Internal.NpgsqlConnector.Open(NpgsqlTimeout timeout, Boolean async, CancellationToken cancellationToken)
   at Npgsql.PoolingDataSource.OpenNewConnector(NpgsqlConnection conn, NpgsqlTimeout timeout, Boolean async, CancellationToken cancellationToken)
   at Npgsql.PoolingDataSource.<Get>g__RentAsync|33_0(NpgsqlConnection conn, NpgsqlTimeout timeout, Boolean async, CancellationToken cancellationToken)
   at Npgsql.NpgsqlConnection.<Open>g__OpenAsync|42_0(Boolean async, CancellationToken cancellationToken)
   at Microsoft.EntityFrameworkCore.Storage.RelationalConnection.OpenInternalAsync(Boolean errorsExpected, CancellationToken cancellationToken)
   at Microsoft.EntityFrameworkCore.Storage.RelationalConnection.OpenInternalAsync(Boolean errorsExpected, CancellationToken cancellationToken)
   at Microsoft.EntityFrameworkCore.Storage.RelationalConnection.OpenAsync(CancellationToken cancellationToken, Boolean errorsExpected)
   at Microsoft.EntityFrameworkCore.Storage.RelationalCommand.ExecuteReaderAsync(RelationalCommandParameterObject parameterObject, CancellationToken cancellationToken)
   at Microsoft.EntityFrameworkCore.Query.Internal.SplitQueryingEnumerable`1.AsyncEnumerator.InitializeReaderAsync(AsyncEnumerator enumerator, CancellationToken cancellationToken)
   at Microsoft.EntityFrameworkCore.Storage.ExecutionStrategy.<>c__DisplayClass30_0`2.<<ExecuteAsync>b__0>d.MoveNext()
--- End of stack trace from previous location ---
   at Microsoft.EntityFrameworkCore.Storage.ExecutionStrategy.ExecuteImplementationAsync[TState,TResult](Func`4 operation, Func`4 verifySucceeded, TState state, CancellationToken cancellationToken)
   at Microsoft.EntityFrameworkCore.Storage.ExecutionStrategy.ExecuteImplementationAsync[TState,TResult](Func`4 operation, Func`4 verifySucceeded, TState state, CancellationToken cancellationToken)
   at Microsoft.EntityFrameworkCore.Storage.ExecutionStrategy.ExecuteAsync[TState,TResult](TState state, Func`4 operation, Func`4 verifySucceeded, CancellationToken cancellationToken)
   at Microsoft.EntityFrameworkCore.Query.Internal.SplitQueryingEnumerable`1.AsyncEnumerator.MoveNextAsync()
   at Microsoft.EntityFrameworkCore.Query.ShapedQueryCompilingExpressionVisitor.SingleOrDefaultAsync[TSource](IAsyncEnumerable`1 asyncEnumerable, CancellationToken cancellationToken)
   at Microsoft.EntityFrameworkCore.Query.ShapedQueryCompilingExpressionVisitor.SingleOrDefaultAsync[TSource](IAsyncEnumerable`1 asyncEnumerable, CancellationToken cancellationToken)
   at QAMS.Infrastructure.Repositories.UserRepository.GetWithRolesAndPermissionsAsync(String username) in /src/src/QAMS.Infrastructure/Repositories/UserRepository.cs:line 202
   at QAMS.Application.Services.AuthService.LoginAsync(LoginRequestDto request) in /src/src/QAMS.Application/Services/AuthService.cs:line 38
   at QAMS.Api.Controllers.AuthController.Login(LoginRequestDto request) in /src/src/QAMS.Api/Controllers/AuthController.cs:line 29
   at Microsoft.AspNetCore.Mvc.Infrastructure.ActionMethodExecutor.TaskOfIActionResultExecutor.Execute(ActionContext actionContext, IActionResultTypeMapper mapper, ObjectMethodExecutor executor, Object controller, Object[] arguments)
   at Microsoft.AspNetCore.Mvc.Infrastructure.ControllerActionInvoker.<InvokeActionMethodAsync>g__Awaited|12_0(ControllerActionInvoker invoker, ValueTask`1 actionResultValueTask)
   at Microsoft.AspNetCore.Mvc.Infrastructure.ControllerActionInvoker.<InvokeNextActionFilterAsync>g__Awaited|10_0(ControllerActionInvoker invoker, Task lastTask, State next, Scope scope, Object state, Boolean isCompleted)
   at Microsoft.AspNetCore.Mvc.Infrastructure.ControllerActionInvoker.Rethrow(ActionExecutedContextSealed context)
   at Microsoft.AspNetCore.Mvc.Infrastructure.ControllerActionInvoker.Next(State& next, Scope& scope, Object& state, Boolean& isCompleted)
   at Microsoft.AspNetCore.Mvc.Infrastructure.ControllerActionInvoker.<InvokeInnerFilterAsync>g__Awaited|13_0(ControllerActionInvoker invoker, Task lastTask, State next, Scope scope, Object state, Boolean isCompleted)
   at Microsoft.AspNetCore.Mvc.Infrastructure.ResourceInvoker.<InvokeFilterPipelineAsync>g__Awaited|20_0(ResourceInvoker invoker, Task lastTask, State next, Scope scope, Object state, Boolean isCompleted)
   at Microsoft.AspNetCore.Mvc.Infrastructure.ResourceInvoker.<InvokeAsync>g__Logged|17_1(ResourceInvoker invoker)
   at Microsoft.AspNetCore.Mvc.Infrastructure.ResourceInvoker.<InvokeAsync>g__Logged|17_1(ResourceInvoker invoker)
   at Microsoft.AspNetCore.Routing.EndpointMiddleware.<Invoke>g__AwaitRequestTask|7_0(Endpoint endpoint, Task requestTask, ILogger logger)
   at Microsoft.AspNetCore.Authorization.AuthorizationMiddleware.Invoke(HttpContext context)
   at Microsoft.AspNetCore.Authentication.AuthenticationMiddleware.Invoke(HttpContext context)
   at Swashbuckle.AspNetCore.SwaggerUI.SwaggerUIMiddleware.Invoke(HttpContext httpContext)
   at Swashbuckle.AspNetCore.Swagger.SwaggerMiddleware.Invoke(HttpContext httpContext, ISwaggerProvider swaggerProvider)
   at QAMS.Api.Middleware.ExceptionHandlingMiddleware.InvokeAsync(HttpContext context) in /src/src/QAMS.Api/Middleware/ExceptionHandlingMiddleware.cs:line 27
  Exception data:
    Severity: FATAL
    SqlState: 3D000
    MessageText: database "qams_db" does not exist
    File: postinit.c
    Line: 1021
    Routine: InitPostgres
2026-02-15 23:03:10.710 +00:00 [INF] Request finished HTTP/1.1 POST http://localhost:5000/api/Auth/login - 500 null application/json 284.4925ms
2026-02-15 23:03:15.668 +00:00 [INF] Request starting HTTP/1.1 GET http://localhost:5000/swagger/index.html - null null
2026-02-15 23:03:15.676 +00:00 [INF] Request finished HTTP/1.1 GET http://localhost:5000/swagger/index.html - 200 null text/html;charset=utf-8 8.1245ms
2026-02-15 23:03:15.867 +00:00 [INF] Request starting HTTP/1.1 GET http://localhost:5000/swagger/v1/swagger.json - null null
2026-02-15 23:03:15.898 +00:00 [INF] Request finished HTTP/1.1 GET http://localhost:5000/swagger/v1/swagger.json - 200 null application/json;charset=utf-8 30.1929ms
2026-02-15 23:03:45.496 +00:00 [INF] Request starting HTTP/1.1 POST http://localhost:5000/api/Auth/login - application/json 52
2026-02-15 23:03:45.499 +00:00 [INF] CORS policy execution failed.
2026-02-15 23:03:45.500 +00:00 [INF] Request origin http://localhost:5000 does not have permission to access the resource.
2026-02-15 23:03:45.502 +00:00 [INF] Executing endpoint 'QAMS.Api.Controllers.AuthController.Login (QAMS.Api)'
2026-02-15 23:03:45.503 +00:00 [INF] Route matched with {action = "Login", controller = "Auth"}. Executing controller action with signature System.Threading.Tasks.Task`1[Microsoft.AspNetCore.Mvc.IActionResult] Login(QAMS.Application.DTOs.Auth.LoginRequestDto) on controller QAMS.Api.Controllers.AuthController (QAMS.Api).
2026-02-15 23:03:45.507 +00:00 [INF] POST /api/auth/login - Usuario: admin
2026-02-15 23:03:45.508 +00:00 [INF] Intento de login: 'admin'.
2026-02-15 23:03:45.528 +00:00 [ERR] An error occurred using the connection to database 'qams_db' on server 'tcp://postgres:5432'.
2026-02-15 23:03:45.533 +00:00 [ERR] An exception occurred while iterating over the results of a query for context type 'QAMS.Infrastructure.Persistence.Configurations.QamsDbContext'.
Npgsql.PostgresException (0x80004005): 3D000: database "qams_db" does not exist
   at Npgsql.Internal.NpgsqlConnector.ReadMessageLong(Boolean async, DataRowLoadingMode dataRowLoadingMode, Boolean readingNotifications, Boolean isReadingPrependedMessage)
   at System.Runtime.CompilerServices.PoolingAsyncValueTaskMethodBuilder`1.StateMachineBox`1.System.Threading.Tasks.Sources.IValueTaskSource<TResult>.GetResult(Int16 token)
   at Npgsql.Internal.NpgsqlConnector.<Open>g__OpenCore|213_1(NpgsqlConnector conn, SslMode sslMode, NpgsqlTimeout timeout, Boolean async, CancellationToken cancellationToken, Boolean isFirstAttempt)
   at Npgsql.Internal.NpgsqlConnector.Open(NpgsqlTimeout timeout, Boolean async, CancellationToken cancellationToken)
   at Npgsql.PoolingDataSource.OpenNewConnector(NpgsqlConnection conn, NpgsqlTimeout timeout, Boolean async, CancellationToken cancellationToken)
   at Npgsql.PoolingDataSource.<Get>g__RentAsync|33_0(NpgsqlConnection conn, NpgsqlTimeout timeout, Boolean async, CancellationToken cancellationToken)
   at Npgsql.NpgsqlConnection.<Open>g__OpenAsync|42_0(Boolean async, CancellationToken cancellationToken)
   at Microsoft.EntityFrameworkCore.Storage.RelationalConnection.OpenInternalAsync(Boolean errorsExpected, CancellationToken cancellationToken)
   at Microsoft.EntityFrameworkCore.Storage.RelationalConnection.OpenInternalAsync(Boolean errorsExpected, CancellationToken cancellationToken)
   at Microsoft.EntityFrameworkCore.Storage.RelationalConnection.OpenAsync(CancellationToken cancellationToken, Boolean errorsExpected)
   at Microsoft.EntityFrameworkCore.Storage.RelationalCommand.ExecuteReaderAsync(RelationalCommandParameterObject parameterObject, CancellationToken cancellationToken)
   at Microsoft.EntityFrameworkCore.Query.Internal.SplitQueryingEnumerable`1.AsyncEnumerator.InitializeReaderAsync(AsyncEnumerator enumerator, CancellationToken cancellationToken)
   at Microsoft.EntityFrameworkCore.Storage.ExecutionStrategy.<>c__DisplayClass30_0`2.<<ExecuteAsync>b__0>d.MoveNext()
--- End of stack trace from previous location ---
   at Microsoft.EntityFrameworkCore.Storage.ExecutionStrategy.ExecuteImplementationAsync[TState,TResult](Func`4 operation, Func`4 verifySucceeded, TState state, CancellationToken cancellationToken)
   at Microsoft.EntityFrameworkCore.Storage.ExecutionStrategy.ExecuteImplementationAsync[TState,TResult](Func`4 operation, Func`4 verifySucceeded, TState state, CancellationToken cancellationToken)
   at Microsoft.EntityFrameworkCore.Storage.ExecutionStrategy.ExecuteAsync[TState,TResult](TState state, Func`4 operation, Func`4 verifySucceeded, CancellationToken cancellationToken)
   at Microsoft.EntityFrameworkCore.Query.Internal.SplitQueryingEnumerable`1.AsyncEnumerator.MoveNextAsync()
  Exception data:
    Severity: FATAL
    SqlState: 3D000
    MessageText: database "qams_db" does not exist
    File: postinit.c
    Line: 1021
    Routine: InitPostgres
Npgsql.PostgresException (0x80004005): 3D000: database "qams_db" does not exist
   at Npgsql.Internal.NpgsqlConnector.ReadMessageLong(Boolean async, DataRowLoadingMode dataRowLoadingMode, Boolean readingNotifications, Boolean isReadingPrependedMessage)
   at System.Runtime.CompilerServices.PoolingAsyncValueTaskMethodBuilder`1.StateMachineBox`1.System.Threading.Tasks.Sources.IValueTaskSource<TResult>.GetResult(Int16 token)
   at Npgsql.Internal.NpgsqlConnector.<Open>g__OpenCore|213_1(NpgsqlConnector conn, SslMode sslMode, NpgsqlTimeout timeout, Boolean async, CancellationToken cancellationToken, Boolean isFirstAttempt)
   at Npgsql.Internal.NpgsqlConnector.Open(NpgsqlTimeout timeout, Boolean async, CancellationToken cancellationToken)
   at Npgsql.PoolingDataSource.OpenNewConnector(NpgsqlConnection conn, NpgsqlTimeout timeout, Boolean async, CancellationToken cancellationToken)
   at Npgsql.PoolingDataSource.<Get>g__RentAsync|33_0(NpgsqlConnection conn, NpgsqlTimeout timeout, Boolean async, CancellationToken cancellationToken)
   at Npgsql.NpgsqlConnection.<Open>g__OpenAsync|42_0(Boolean async, CancellationToken cancellationToken)
   at Microsoft.EntityFrameworkCore.Storage.RelationalConnection.OpenInternalAsync(Boolean errorsExpected, CancellationToken cancellationToken)
   at Microsoft.EntityFrameworkCore.Storage.RelationalConnection.OpenInternalAsync(Boolean errorsExpected, CancellationToken cancellationToken)
   at Microsoft.EntityFrameworkCore.Storage.RelationalConnection.OpenAsync(CancellationToken cancellationToken, Boolean errorsExpected)
   at Microsoft.EntityFrameworkCore.Storage.RelationalCommand.ExecuteReaderAsync(RelationalCommandParameterObject parameterObject, CancellationToken cancellationToken)
   at Microsoft.EntityFrameworkCore.Query.Internal.SplitQueryingEnumerable`1.AsyncEnumerator.InitializeReaderAsync(AsyncEnumerator enumerator, CancellationToken cancellationToken)
   at Microsoft.EntityFrameworkCore.Storage.ExecutionStrategy.<>c__DisplayClass30_0`2.<<ExecuteAsync>b__0>d.MoveNext()
--- End of stack trace from previous location ---
   at Microsoft.EntityFrameworkCore.Storage.ExecutionStrategy.ExecuteImplementationAsync[TState,TResult](Func`4 operation, Func`4 verifySucceeded, TState state, CancellationToken cancellationToken)
   at Microsoft.EntityFrameworkCore.Storage.ExecutionStrategy.ExecuteImplementationAsync[TState,TResult](Func`4 operation, Func`4 verifySucceeded, TState state, CancellationToken cancellationToken)
   at Microsoft.EntityFrameworkCore.Storage.ExecutionStrategy.ExecuteAsync[TState,TResult](TState state, Func`4 operation, Func`4 verifySucceeded, CancellationToken cancellationToken)
   at Microsoft.EntityFrameworkCore.Query.Internal.SplitQueryingEnumerable`1.AsyncEnumerator.MoveNextAsync()
  Exception data:
    Severity: FATAL
    SqlState: 3D000
    MessageText: database "qams_db" does not exist
    File: postinit.c
    Line: 1021
    Routine: InitPostgres
2026-02-15 23:03:45.537 +00:00 [INF] Executed action QAMS.Api.Controllers.AuthController.Login (QAMS.Api) in 32.3255ms
2026-02-15 23:03:45.538 +00:00 [INF] Executed endpoint 'QAMS.Api.Controllers.AuthController.Login (QAMS.Api)'
2026-02-15 23:03:45.539 +00:00 [ERR] Error interno no controlado.
Npgsql.PostgresException (0x80004005): 3D000: database "qams_db" does not exist
   at Npgsql.Internal.NpgsqlConnector.ReadMessageLong(Boolean async, DataRowLoadingMode dataRowLoadingMode, Boolean readingNotifications, Boolean isReadingPrependedMessage)
   at System.Runtime.CompilerServices.PoolingAsyncValueTaskMethodBuilder`1.StateMachineBox`1.System.Threading.Tasks.Sources.IValueTaskSource<TResult>.GetResult(Int16 token)
   at Npgsql.Internal.NpgsqlConnector.<Open>g__OpenCore|213_1(NpgsqlConnector conn, SslMode sslMode, NpgsqlTimeout timeout, Boolean async, CancellationToken cancellationToken, Boolean isFirstAttempt)
   at Npgsql.Internal.NpgsqlConnector.Open(NpgsqlTimeout timeout, Boolean async, CancellationToken cancellationToken)
   at Npgsql.PoolingDataSource.OpenNewConnector(NpgsqlConnection conn, NpgsqlTimeout timeout, Boolean async, CancellationToken cancellationToken)
   at Npgsql.PoolingDataSource.<Get>g__RentAsync|33_0(NpgsqlConnection conn, NpgsqlTimeout timeout, Boolean async, CancellationToken cancellationToken)
   at Npgsql.NpgsqlConnection.<Open>g__OpenAsync|42_0(Boolean async, CancellationToken cancellationToken)
   at Microsoft.EntityFrameworkCore.Storage.RelationalConnection.OpenInternalAsync(Boolean errorsExpected, CancellationToken cancellationToken)
   at Microsoft.EntityFrameworkCore.Storage.RelationalConnection.OpenInternalAsync(Boolean errorsExpected, CancellationToken cancellationToken)
   at Microsoft.EntityFrameworkCore.Storage.RelationalConnection.OpenAsync(CancellationToken cancellationToken, Boolean errorsExpected)
   at Microsoft.EntityFrameworkCore.Storage.RelationalCommand.ExecuteReaderAsync(RelationalCommandParameterObject parameterObject, CancellationToken cancellationToken)
   at Microsoft.EntityFrameworkCore.Query.Internal.SplitQueryingEnumerable`1.AsyncEnumerator.InitializeReaderAsync(AsyncEnumerator enumerator, CancellationToken cancellationToken)
   at Microsoft.EntityFrameworkCore.Storage.ExecutionStrategy.<>c__DisplayClass30_0`2.<<ExecuteAsync>b__0>d.MoveNext()
--- End of stack trace from previous location ---
   at Microsoft.EntityFrameworkCore.Storage.ExecutionStrategy.ExecuteImplementationAsync[TState,TResult](Func`4 operation, Func`4 verifySucceeded, TState state, CancellationToken cancellationToken)
   at Microsoft.EntityFrameworkCore.Storage.ExecutionStrategy.ExecuteImplementationAsync[TState,TResult](Func`4 operation, Func`4 verifySucceeded, TState state, CancellationToken cancellationToken)
   at Microsoft.EntityFrameworkCore.Storage.ExecutionStrategy.ExecuteAsync[TState,TResult](TState state, Func`4 operation, Func`4 verifySucceeded, CancellationToken cancellationToken)
   at Microsoft.EntityFrameworkCore.Query.Internal.SplitQueryingEnumerable`1.AsyncEnumerator.MoveNextAsync()
   at Microsoft.EntityFrameworkCore.Query.ShapedQueryCompilingExpressionVisitor.SingleOrDefaultAsync[TSource](IAsyncEnumerable`1 asyncEnumerable, CancellationToken cancellationToken)
   at Microsoft.EntityFrameworkCore.Query.ShapedQueryCompilingExpressionVisitor.SingleOrDefaultAsync[TSource](IAsyncEnumerable`1 asyncEnumerable, CancellationToken cancellationToken)
   at QAMS.Infrastructure.Repositories.UserRepository.GetWithRolesAndPermissionsAsync(String username) in /src/src/QAMS.Infrastructure/Repositories/UserRepository.cs:line 202
   at QAMS.Application.Services.AuthService.LoginAsync(LoginRequestDto request) in /src/src/QAMS.Application/Services/AuthService.cs:line 38
   at QAMS.Api.Controllers.AuthController.Login(LoginRequestDto request) in /src/src/QAMS.Api/Controllers/AuthController.cs:line 29
   at Microsoft.AspNetCore.Mvc.Infrastructure.ActionMethodExecutor.TaskOfIActionResultExecutor.Execute(ActionContext actionContext, IActionResultTypeMapper mapper, ObjectMethodExecutor executor, Object controller, Object[] arguments)
   at Microsoft.AspNetCore.Mvc.Infrastructure.ControllerActionInvoker.<InvokeActionMethodAsync>g__Awaited|12_0(ControllerActionInvoker invoker, ValueTask`1 actionResultValueTask)
   at Microsoft.AspNetCore.Mvc.Infrastructure.ControllerActionInvoker.<InvokeNextActionFilterAsync>g__Awaited|10_0(ControllerActionInvoker invoker, Task lastTask, State next, Scope scope, Object state, Boolean isCompleted)
   at Microsoft.AspNetCore.Mvc.Infrastructure.ControllerActionInvoker.Rethrow(ActionExecutedContextSealed context)
   at Microsoft.AspNetCore.Mvc.Infrastructure.ControllerActionInvoker.Next(State& next, Scope& scope, Object& state, Boolean& isCompleted)
   at Microsoft.AspNetCore.Mvc.Infrastructure.ControllerActionInvoker.<InvokeInnerFilterAsync>g__Awaited|13_0(ControllerActionInvoker invoker, Task lastTask, State next, Scope scope, Object state, Boolean isCompleted)
   at Microsoft.AspNetCore.Mvc.Infrastructure.ResourceInvoker.<InvokeFilterPipelineAsync>g__Awaited|20_0(ResourceInvoker invoker, Task lastTask, State next, Scope scope, Object state, Boolean isCompleted)
   at Microsoft.AspNetCore.Mvc.Infrastructure.ResourceInvoker.<InvokeAsync>g__Logged|17_1(ResourceInvoker invoker)
   at Microsoft.AspNetCore.Mvc.Infrastructure.ResourceInvoker.<InvokeAsync>g__Logged|17_1(ResourceInvoker invoker)
   at Microsoft.AspNetCore.Routing.EndpointMiddleware.<Invoke>g__AwaitRequestTask|7_0(Endpoint endpoint, Task requestTask, ILogger logger)
   at Microsoft.AspNetCore.Authorization.AuthorizationMiddleware.Invoke(HttpContext context)
   at Microsoft.AspNetCore.Authentication.AuthenticationMiddleware.Invoke(HttpContext context)
   at Swashbuckle.AspNetCore.SwaggerUI.SwaggerUIMiddleware.Invoke(HttpContext httpContext)
   at Swashbuckle.AspNetCore.Swagger.SwaggerMiddleware.Invoke(HttpContext httpContext, ISwaggerProvider swaggerProvider)
   at QAMS.Api.Middleware.ExceptionHandlingMiddleware.InvokeAsync(HttpContext context) in /src/src/QAMS.Api/Middleware/ExceptionHandlingMiddleware.cs:line 27
  Exception data:
    Severity: FATAL
    SqlState: 3D000
    MessageText: database "qams_db" does not exist
    File: postinit.c
    Line: 1021
    Routine: InitPostgres
2026-02-15 23:03:45.547 +00:00 [INF] Request finished HTTP/1.1 POST http://localhost:5000/api/Auth/login - 500 null application/json 50.2934ms
2026-02-15 23:03:51.106 +00:00 [INF] Request starting HTTP/1.1 POST http://localhost:5000/api/Auth/login - application/json 52
2026-02-15 23:03:51.107 +00:00 [INF] CORS policy execution failed.
2026-02-15 23:03:51.108 +00:00 [INF] Request origin http://localhost:5000 does not have permission to access the resource.
2026-02-15 23:03:51.109 +00:00 [INF] Executing endpoint 'QAMS.Api.Controllers.AuthController.Login (QAMS.Api)'
2026-02-15 23:03:51.111 +00:00 [INF] Route matched with {action = "Login", controller = "Auth"}. Executing controller action with signature System.Threading.Tasks.Task`1[Microsoft.AspNetCore.Mvc.IActionResult] Login(QAMS.Application.DTOs.Auth.LoginRequestDto) on controller QAMS.Api.Controllers.AuthController (QAMS.Api).
2026-02-15 23:03:51.128 +00:00 [INF] POST /api/auth/login - Usuario: admin
2026-02-15 23:03:51.130 +00:00 [INF] Intento de login: 'admin'.
2026-02-15 23:03:51.156 +00:00 [ERR] An error occurred using the connection to database 'qams_db' on server 'tcp://postgres:5432'.
2026-02-15 23:03:51.160 +00:00 [ERR] An exception occurred while iterating over the results of a query for context type 'QAMS.Infrastructure.Persistence.Configurations.QamsDbContext'.
Npgsql.PostgresException (0x80004005): 3D000: database "qams_db" does not exist
   at Npgsql.Internal.NpgsqlConnector.ReadMessageLong(Boolean async, DataRowLoadingMode dataRowLoadingMode, Boolean readingNotifications, Boolean isReadingPrependedMessage)
   at System.Runtime.CompilerServices.PoolingAsyncValueTaskMethodBuilder`1.StateMachineBox`1.System.Threading.Tasks.Sources.IValueTaskSource<TResult>.GetResult(Int16 token)
   at Npgsql.Internal.NpgsqlConnector.<Open>g__OpenCore|213_1(NpgsqlConnector conn, SslMode sslMode, NpgsqlTimeout timeout, Boolean async, CancellationToken cancellationToken, Boolean isFirstAttempt)
   at Npgsql.Internal.NpgsqlConnector.Open(NpgsqlTimeout timeout, Boolean async, CancellationToken cancellationToken)
   at Npgsql.PoolingDataSource.OpenNewConnector(NpgsqlConnection conn, NpgsqlTimeout timeout, Boolean async, CancellationToken cancellationToken)
   at Npgsql.PoolingDataSource.<Get>g__RentAsync|33_0(NpgsqlConnection conn, NpgsqlTimeout timeout, Boolean async, CancellationToken cancellationToken)
   at Npgsql.NpgsqlConnection.<Open>g__OpenAsync|42_0(Boolean async, CancellationToken cancellationToken)
   at Microsoft.EntityFrameworkCore.Storage.RelationalConnection.OpenInternalAsync(Boolean errorsExpected, CancellationToken cancellationToken)
   at Microsoft.EntityFrameworkCore.Storage.RelationalConnection.OpenInternalAsync(Boolean errorsExpected, CancellationToken cancellationToken)
   at Microsoft.EntityFrameworkCore.Storage.RelationalConnection.OpenAsync(CancellationToken cancellationToken, Boolean errorsExpected)
   at Microsoft.EntityFrameworkCore.Storage.RelationalCommand.ExecuteReaderAsync(RelationalCommandParameterObject parameterObject, CancellationToken cancellationToken)
   at Microsoft.EntityFrameworkCore.Query.Internal.SplitQueryingEnumerable`1.AsyncEnumerator.InitializeReaderAsync(AsyncEnumerator enumerator, CancellationToken cancellationToken)
   at Microsoft.EntityFrameworkCore.Storage.ExecutionStrategy.<>c__DisplayClass30_0`2.<<ExecuteAsync>b__0>d.MoveNext()
--- End of stack trace from previous location ---
   at Microsoft.EntityFrameworkCore.Storage.ExecutionStrategy.ExecuteImplementationAsync[TState,TResult](Func`4 operation, Func`4 verifySucceeded, TState state, CancellationToken cancellationToken)
   at Microsoft.EntityFrameworkCore.Storage.ExecutionStrategy.ExecuteImplementationAsync[TState,TResult](Func`4 operation, Func`4 verifySucceeded, TState state, CancellationToken cancellationToken)
   at Microsoft.EntityFrameworkCore.Storage.ExecutionStrategy.ExecuteAsync[TState,TResult](TState state, Func`4 operation, Func`4 verifySucceeded, CancellationToken cancellationToken)
   at Microsoft.EntityFrameworkCore.Query.Internal.SplitQueryingEnumerable`1.AsyncEnumerator.MoveNextAsync()
  Exception data:
    Severity: FATAL
    SqlState: 3D000
    MessageText: database "qams_db" does not exist
    File: postinit.c
    Line: 1021
    Routine: InitPostgres
Npgsql.PostgresException (0x80004005): 3D000: database "qams_db" does not exist
   at Npgsql.Internal.NpgsqlConnector.ReadMessageLong(Boolean async, DataRowLoadingMode dataRowLoadingMode, Boolean readingNotifications, Boolean isReadingPrependedMessage)
   at System.Runtime.CompilerServices.PoolingAsyncValueTaskMethodBuilder`1.StateMachineBox`1.System.Threading.Tasks.Sources.IValueTaskSource<TResult>.GetResult(Int16 token)
   at Npgsql.Internal.NpgsqlConnector.<Open>g__OpenCore|213_1(NpgsqlConnector conn, SslMode sslMode, NpgsqlTimeout timeout, Boolean async, CancellationToken cancellationToken, Boolean isFirstAttempt)
   at Npgsql.Internal.NpgsqlConnector.Open(NpgsqlTimeout timeout, Boolean async, CancellationToken cancellationToken)
   at Npgsql.PoolingDataSource.OpenNewConnector(NpgsqlConnection conn, NpgsqlTimeout timeout, Boolean async, CancellationToken cancellationToken)
   at Npgsql.PoolingDataSource.<Get>g__RentAsync|33_0(NpgsqlConnection conn, NpgsqlTimeout timeout, Boolean async, CancellationToken cancellationToken)
   at Npgsql.NpgsqlConnection.<Open>g__OpenAsync|42_0(Boolean async, CancellationToken cancellationToken)
   at Microsoft.EntityFrameworkCore.Storage.RelationalConnection.OpenInternalAsync(Boolean errorsExpected, CancellationToken cancellationToken)
   at Microsoft.EntityFrameworkCore.Storage.RelationalConnection.OpenInternalAsync(Boolean errorsExpected, CancellationToken cancellationToken)
   at Microsoft.EntityFrameworkCore.Storage.RelationalConnection.OpenAsync(CancellationToken cancellationToken, Boolean errorsExpected)
   at Microsoft.EntityFrameworkCore.Storage.RelationalCommand.ExecuteReaderAsync(RelationalCommandParameterObject parameterObject, CancellationToken cancellationToken)
   at Microsoft.EntityFrameworkCore.Query.Internal.SplitQueryingEnumerable`1.AsyncEnumerator.InitializeReaderAsync(AsyncEnumerator enumerator, CancellationToken cancellationToken)
   at Microsoft.EntityFrameworkCore.Storage.ExecutionStrategy.<>c__DisplayClass30_0`2.<<ExecuteAsync>b__0>d.MoveNext()
--- End of stack trace from previous location ---
   at Microsoft.EntityFrameworkCore.Storage.ExecutionStrategy.ExecuteImplementationAsync[TState,TResult](Func`4 operation, Func`4 verifySucceeded, TState state, CancellationToken cancellationToken)
   at Microsoft.EntityFrameworkCore.Storage.ExecutionStrategy.ExecuteImplementationAsync[TState,TResult](Func`4 operation, Func`4 verifySucceeded, TState state, CancellationToken cancellationToken)
   at Microsoft.EntityFrameworkCore.Storage.ExecutionStrategy.ExecuteAsync[TState,TResult](TState state, Func`4 operation, Func`4 verifySucceeded, CancellationToken cancellationToken)
   at Microsoft.EntityFrameworkCore.Query.Internal.SplitQueryingEnumerable`1.AsyncEnumerator.MoveNextAsync()
  Exception data:
    Severity: FATAL
    SqlState: 3D000
    MessageText: database "qams_db" does not exist
    File: postinit.c
    Line: 1021
    Routine: InitPostgres
2026-02-15 23:03:51.164 +00:00 [INF] Executed action QAMS.Api.Controllers.AuthController.Login (QAMS.Api) in 39.0685ms
2026-02-15 23:03:51.165 +00:00 [INF] Executed endpoint 'QAMS.Api.Controllers.AuthController.Login (QAMS.Api)'
2026-02-15 23:03:51.165 +00:00 [ERR] Error interno no controlado.
Npgsql.PostgresException (0x80004005): 3D000: database "qams_db" does not exist
   at Npgsql.Internal.NpgsqlConnector.ReadMessageLong(Boolean async, DataRowLoadingMode dataRowLoadingMode, Boolean readingNotifications, Boolean isReadingPrependedMessage)
   at System.Runtime.CompilerServices.PoolingAsyncValueTaskMethodBuilder`1.StateMachineBox`1.System.Threading.Tasks.Sources.IValueTaskSource<TResult>.GetResult(Int16 token)
   at Npgsql.Internal.NpgsqlConnector.<Open>g__OpenCore|213_1(NpgsqlConnector conn, SslMode sslMode, NpgsqlTimeout timeout, Boolean async, CancellationToken cancellationToken, Boolean isFirstAttempt)
   at Npgsql.Internal.NpgsqlConnector.Open(NpgsqlTimeout timeout, Boolean async, CancellationToken cancellationToken)
   at Npgsql.PoolingDataSource.OpenNewConnector(NpgsqlConnection conn, NpgsqlTimeout timeout, Boolean async, CancellationToken cancellationToken)
   at Npgsql.PoolingDataSource.<Get>g__RentAsync|33_0(NpgsqlConnection conn, NpgsqlTimeout timeout, Boolean async, CancellationToken cancellationToken)
   at Npgsql.NpgsqlConnection.<Open>g__OpenAsync|42_0(Boolean async, CancellationToken cancellationToken)
   at Microsoft.EntityFrameworkCore.Storage.RelationalConnection.OpenInternalAsync(Boolean errorsExpected, CancellationToken cancellationToken)
   at Microsoft.EntityFrameworkCore.Storage.RelationalConnection.OpenInternalAsync(Boolean errorsExpected, CancellationToken cancellationToken)
   at Microsoft.EntityFrameworkCore.Storage.RelationalConnection.OpenAsync(CancellationToken cancellationToken, Boolean errorsExpected)
   at Microsoft.EntityFrameworkCore.Storage.RelationalCommand.ExecuteReaderAsync(RelationalCommandParameterObject parameterObject, CancellationToken cancellationToken)
   at Microsoft.EntityFrameworkCore.Query.Internal.SplitQueryingEnumerable`1.AsyncEnumerator.InitializeReaderAsync(AsyncEnumerator enumerator, CancellationToken cancellationToken)
   at Microsoft.EntityFrameworkCore.Storage.ExecutionStrategy.<>c__DisplayClass30_0`2.<<ExecuteAsync>b__0>d.MoveNext()
--- End of stack trace from previous location ---
   at Microsoft.EntityFrameworkCore.Storage.ExecutionStrategy.ExecuteImplementationAsync[TState,TResult](Func`4 operation, Func`4 verifySucceeded, TState state, CancellationToken cancellationToken)
   at Microsoft.EntityFrameworkCore.Storage.ExecutionStrategy.ExecuteImplementationAsync[TState,TResult](Func`4 operation, Func`4 verifySucceeded, TState state, CancellationToken cancellationToken)
   at Microsoft.EntityFrameworkCore.Storage.ExecutionStrategy.ExecuteAsync[TState,TResult](TState state, Func`4 operation, Func`4 verifySucceeded, CancellationToken cancellationToken)
   at Microsoft.EntityFrameworkCore.Query.Internal.SplitQueryingEnumerable`1.AsyncEnumerator.MoveNextAsync()
   at Microsoft.EntityFrameworkCore.Query.ShapedQueryCompilingExpressionVisitor.SingleOrDefaultAsync[TSource](IAsyncEnumerable`1 asyncEnumerable, CancellationToken cancellationToken)
   at Microsoft.EntityFrameworkCore.Query.ShapedQueryCompilingExpressionVisitor.SingleOrDefaultAsync[TSource](IAsyncEnumerable`1 asyncEnumerable, CancellationToken cancellationToken)
   at QAMS.Infrastructure.Repositories.UserRepository.GetWithRolesAndPermissionsAsync(String username) in /src/src/QAMS.Infrastructure/Repositories/UserRepository.cs:line 202
   at QAMS.Application.Services.AuthService.LoginAsync(LoginRequestDto request) in /src/src/QAMS.Application/Services/AuthService.cs:line 38
   at QAMS.Api.Controllers.AuthController.Login(LoginRequestDto request) in /src/src/QAMS.Api/Controllers/AuthController.cs:line 29
   at Microsoft.AspNetCore.Mvc.Infrastructure.ActionMethodExecutor.TaskOfIActionResultExecutor.Execute(ActionContext actionContext, IActionResultTypeMapper mapper, ObjectMethodExecutor executor, Object controller, Object[] arguments)
   at Microsoft.AspNetCore.Mvc.Infrastructure.ControllerActionInvoker.<InvokeActionMethodAsync>g__Awaited|12_0(ControllerActionInvoker invoker, ValueTask`1 actionResultValueTask)
   at Microsoft.AspNetCore.Mvc.Infrastructure.ControllerActionInvoker.<InvokeNextActionFilterAsync>g__Awaited|10_0(ControllerActionInvoker invoker, Task lastTask, State next, Scope scope, Object state, Boolean isCompleted)
   at Microsoft.AspNetCore.Mvc.Infrastructure.ControllerActionInvoker.Rethrow(ActionExecutedContextSealed context)
   at Microsoft.AspNetCore.Mvc.Infrastructure.ControllerActionInvoker.Next(State& next, Scope& scope, Object& state, Boolean& isCompleted)
   at Microsoft.AspNetCore.Mvc.Infrastructure.ControllerActionInvoker.<InvokeInnerFilterAsync>g__Awaited|13_0(ControllerActionInvoker invoker, Task lastTask, State next, Scope scope, Object state, Boolean isCompleted)
   at Microsoft.AspNetCore.Mvc.Infrastructure.ResourceInvoker.<InvokeFilterPipelineAsync>g__Awaited|20_0(ResourceInvoker invoker, Task lastTask, State next, Scope scope, Object state, Boolean isCompleted)
   at Microsoft.AspNetCore.Mvc.Infrastructure.ResourceInvoker.<InvokeAsync>g__Logged|17_1(ResourceInvoker invoker)
   at Microsoft.AspNetCore.Mvc.Infrastructure.ResourceInvoker.<InvokeAsync>g__Logged|17_1(ResourceInvoker invoker)
   at Microsoft.AspNetCore.Routing.EndpointMiddleware.<Invoke>g__AwaitRequestTask|7_0(Endpoint endpoint, Task requestTask, ILogger logger)
   at Microsoft.AspNetCore.Authorization.AuthorizationMiddleware.Invoke(HttpContext context)
   at Microsoft.AspNetCore.Authentication.AuthenticationMiddleware.Invoke(HttpContext context)
   at Swashbuckle.AspNetCore.SwaggerUI.SwaggerUIMiddleware.Invoke(HttpContext httpContext)
   at Swashbuckle.AspNetCore.Swagger.SwaggerMiddleware.Invoke(HttpContext httpContext, ISwaggerProvider swaggerProvider)
   at QAMS.Api.Middleware.ExceptionHandlingMiddleware.InvokeAsync(HttpContext context) in /src/src/QAMS.Api/Middleware/ExceptionHandlingMiddleware.cs:line 27
  Exception data:
    Severity: FATAL
    SqlState: 3D000
    MessageText: database "qams_db" does not exist
    File: postinit.c
    Line: 1021
    Routine: InitPostgres
2026-02-15 23:03:51.285 +00:00 [INF] Request finished HTTP/1.1 POST http://localhost:5000/api/Auth/login - 500 null application/json 179.0875ms
2026-02-15 23:03:58.968 +00:00 [INF] Request starting HTTP/1.1 GET http://localhost:5000/.well-known/appspecific/com.chrome.devtools.json - null null
2026-02-15 23:03:58.977 +00:00 [INF] Request finished HTTP/1.1 GET http://localhost:5000/.well-known/appspecific/com.chrome.devtools.json - 404 0 null 8.5457ms
2026-02-15 23:03:58.984 +00:00 [INF] Request reached the end of the middleware pipeline without being handled by application code. Request path: GET http://localhost:5000/.well-known/appspecific/com.chrome.devtools.json, Response status code: 404
2026-02-15 23:05:19.926 +00:00 [INF] Application is shutting down...
2026-02-15 23:05:23.952 +00:00 [INF] Executed DbCommand (39ms) [Parameters=[], CommandType='"Text"', CommandTimeout='30']
SELECT EXISTS (
    SELECT 1 FROM pg_catalog.pg_class c
    JOIN pg_catalog.pg_namespace n ON n.oid=c.relnamespace
    WHERE n.nspname='public' AND
          c.relname='__EFMigrationsHistory'
)
2026-02-15 23:05:24.109 +00:00 [INF] Executed DbCommand (2ms) [Parameters=[], CommandType='"Text"', CommandTimeout='30']
SELECT EXISTS (
    SELECT 1 FROM pg_catalog.pg_class c
    JOIN pg_catalog.pg_namespace n ON n.oid=c.relnamespace
    WHERE n.nspname='public' AND
          c.relname='__EFMigrationsHistory'
)
2026-02-15 23:05:24.215 +00:00 [INF] Executed DbCommand (30ms) [Parameters=[], CommandType='"Text"', CommandTimeout='30']
CREATE TABLE "__EFMigrationsHistory" (
    "MigrationId" character varying(150) NOT NULL,
    "ProductVersion" character varying(32) NOT NULL,
    CONSTRAINT "PK___EFMigrationsHistory" PRIMARY KEY ("MigrationId")
);
2026-02-15 23:05:24.232 +00:00 [INF] Executed DbCommand (1ms) [Parameters=[], CommandType='"Text"', CommandTimeout='30']
SELECT EXISTS (
    SELECT 1 FROM pg_catalog.pg_class c
    JOIN pg_catalog.pg_namespace n ON n.oid=c.relnamespace
    WHERE n.nspname='public' AND
          c.relname='__EFMigrationsHistory'
)
2026-02-15 23:05:24.236 +00:00 [INF] Executed DbCommand (1ms) [Parameters=[], CommandType='"Text"', CommandTimeout='30']
SELECT "MigrationId", "ProductVersion"
FROM "__EFMigrationsHistory"
ORDER BY "MigrationId";
2026-02-15 23:05:24.247 +00:00 [INF] Applying migration '20260214041238_InitialCreate'.
2026-02-15 23:05:24.355 +00:00 [INF] Executed DbCommand (20ms) [Parameters=[], CommandType='"Text"', CommandTimeout='30']
CREATE TABLE "EvidenceTypes" (
    "Id" integer GENERATED BY DEFAULT AS IDENTITY,
    "Code" text NOT NULL,
    "Name" text NOT NULL,
    "Description" text,
    "SortOrder" integer NOT NULL,
    "IsActive" boolean NOT NULL,
    "CreatedAt" timestamp with time zone NOT NULL,
    CONSTRAINT "PK_EvidenceTypes" PRIMARY KEY ("Id")
);
2026-02-15 23:05:24.379 +00:00 [INF] Executed DbCommand (23ms) [Parameters=[], CommandType='"Text"', CommandTimeout='30']
CREATE TABLE execution_statuses (
    id integer GENERATED BY DEFAULT AS IDENTITY,
    code character varying(50) NOT NULL,
    name character varying(100) NOT NULL,
    description character varying(500),
    sort_order integer NOT NULL DEFAULT 0,
    is_active boolean NOT NULL DEFAULT TRUE,
    created_at timestamp with time zone NOT NULL DEFAULT (NOW()),
    CONSTRAINT "PK_execution_statuses" PRIMARY KEY (id)
);
2026-02-15 23:05:24.403 +00:00 [INF] Executed DbCommand (23ms) [Parameters=[], CommandType='"Text"', CommandTimeout='30']
CREATE TABLE "Permissions" (
    "Id" uuid NOT NULL,
    "Code" text NOT NULL,
    "Description" text NOT NULL,
    "Module" text NOT NULL,
    "CreatedAt" timestamp with time zone NOT NULL,
    CONSTRAINT "PK_Permissions" PRIMARY KEY ("Id")
);
2026-02-15 23:05:24.427 +00:00 [INF] Executed DbCommand (23ms) [Parameters=[], CommandType='"Text"', CommandTimeout='30']
CREATE TABLE "Projects" (
    "Id" uuid NOT NULL,
    "Name" text NOT NULL,
    "Description" text,
    "IsActive" boolean NOT NULL,
    "CreatedAt" timestamp with time zone NOT NULL,
    "UpdatedAt" timestamp with time zone,
    CONSTRAINT "PK_Projects" PRIMARY KEY ("Id")
);
2026-02-15 23:05:24.455 +00:00 [INF] Executed DbCommand (27ms) [Parameters=[], CommandType='"Text"', CommandTimeout='30']
CREATE TABLE "Roles" (
    "Id" uuid NOT NULL,
    "Name" text NOT NULL,
    "Description" text,
    "IsActive" boolean NOT NULL,
    "CreatedAt" timestamp with time zone NOT NULL,
    CONSTRAINT "PK_Roles" PRIMARY KEY ("Id")
);
2026-02-15 23:05:24.485 +00:00 [INF] Executed DbCommand (29ms) [Parameters=[], CommandType='"Text"', CommandTimeout='30']
CREATE TABLE "StepResultStatuses" (
    "Id" integer GENERATED BY DEFAULT AS IDENTITY,
    "Code" text NOT NULL,
    "Name" text NOT NULL,
    "Description" text,
    "SortOrder" integer NOT NULL,
    "IsActive" boolean NOT NULL,
    "CreatedAt" timestamp with time zone NOT NULL,
    CONSTRAINT "PK_StepResultStatuses" PRIMARY KEY ("Id")
);
2026-02-15 23:05:24.513 +00:00 [INF] Executed DbCommand (26ms) [Parameters=[], CommandType='"Text"', CommandTimeout='30']
CREATE TABLE "TaskPriorities" (
    "Id" integer GENERATED BY DEFAULT AS IDENTITY,
    "Code" text NOT NULL,
    "Name" text NOT NULL,
    "Description" text,
    "SortOrder" integer NOT NULL,
    "IsActive" boolean NOT NULL,
    "CreatedAt" timestamp with time zone NOT NULL,
    CONSTRAINT "PK_TaskPriorities" PRIMARY KEY ("Id")
);
2026-02-15 23:05:24.536 +00:00 [INF] Executed DbCommand (21ms) [Parameters=[], CommandType='"Text"', CommandTimeout='30']
CREATE TABLE "TestCasePriorities" (
    "Id" integer GENERATED BY DEFAULT AS IDENTITY,
    "Code" text NOT NULL,
    "Name" text NOT NULL,
    "Description" text,
    "SortOrder" integer NOT NULL,
    "IsActive" boolean NOT NULL,
    "CreatedAt" timestamp with time zone NOT NULL,
    CONSTRAINT "PK_TestCasePriorities" PRIMARY KEY ("Id")
);
2026-02-15 23:05:24.562 +00:00 [INF] Executed DbCommand (17ms) [Parameters=[], CommandType='"Text"', CommandTimeout='30']
CREATE TABLE "Users" (
    "Id" uuid NOT NULL,
    "Username" text NOT NULL,
    "Email" text NOT NULL,
    "PasswordHash" text NOT NULL,
    "FullName" text NOT NULL,
    "IsActive" boolean NOT NULL,
    "RefreshToken" text,
    "RefreshTokenExpiryTime" timestamp with time zone,
    "CreatedAt" timestamp with time zone NOT NULL,
    "UpdatedAt" timestamp with time zone,
    CONSTRAINT "PK_Users" PRIMARY KEY ("Id")
);
2026-02-15 23:05:24.584 +00:00 [INF] Executed DbCommand (21ms) [Parameters=[], CommandType='"Text"', CommandTimeout='30']
CREATE TABLE "KanbanBoards" (
    "Id" uuid NOT NULL,
    "ProjectId" uuid NOT NULL,
    "Name" text NOT NULL,
    "CreatedAt" timestamp with time zone NOT NULL,
    CONSTRAINT "PK_KanbanBoards" PRIMARY KEY ("Id"),
    CONSTRAINT "FK_KanbanBoards_Projects_ProjectId" FOREIGN KEY ("ProjectId") REFERENCES "Projects" ("Id") ON DELETE CASCADE
);
2026-02-15 23:05:24.602 +00:00 [INF] Executed DbCommand (17ms) [Parameters=[], CommandType='"Text"', CommandTimeout='30']
CREATE TABLE "TestSuites" (
    "Id" uuid NOT NULL,
    "ProjectId" uuid NOT NULL,
    "Name" text NOT NULL,
    "Description" text,
    "CreatedAt" timestamp with time zone NOT NULL,
    CONSTRAINT "PK_TestSuites" PRIMARY KEY ("Id"),
    CONSTRAINT "FK_TestSuites_Projects_ProjectId" FOREIGN KEY ("ProjectId") REFERENCES "Projects" ("Id") ON DELETE CASCADE
);
2026-02-15 23:05:24.613 +00:00 [INF] Executed DbCommand (10ms) [Parameters=[], CommandType='"Text"', CommandTimeout='30']
CREATE TABLE role_permissions (
    "RoleId" uuid NOT NULL,
    "PermissionId" uuid NOT NULL,
    "AssignedAt" timestamp with time zone NOT NULL,
    CONSTRAINT "PK_role_permissions" PRIMARY KEY ("RoleId", "PermissionId"),
    CONSTRAINT "FK_role_permissions_Permissions_PermissionId" FOREIGN KEY ("PermissionId") REFERENCES "Permissions" ("Id") ON DELETE CASCADE,
    CONSTRAINT "FK_role_permissions_Roles_RoleId" FOREIGN KEY ("RoleId") REFERENCES "Roles" ("Id") ON DELETE CASCADE
);
2026-02-15 23:05:24.624 +00:00 [INF] Executed DbCommand (10ms) [Parameters=[], CommandType='"Text"', CommandTimeout='30']
CREATE TABLE user_roles (
    "UserId" uuid NOT NULL,
    "RoleId" uuid NOT NULL,
    "AssignedAt" timestamp with time zone NOT NULL,
    CONSTRAINT "PK_user_roles" PRIMARY KEY ("UserId", "RoleId"),
    CONSTRAINT "FK_user_roles_Roles_RoleId" FOREIGN KEY ("RoleId") REFERENCES "Roles" ("Id") ON DELETE CASCADE,
    CONSTRAINT "FK_user_roles_Users_UserId" FOREIGN KEY ("UserId") REFERENCES "Users" ("Id") ON DELETE CASCADE
);
2026-02-15 23:05:24.644 +00:00 [INF] Executed DbCommand (16ms) [Parameters=[], CommandType='"Text"', CommandTimeout='30']
CREATE TABLE "KanbanColumns" (
    "Id" uuid NOT NULL,
    "KanbanBoardId" uuid NOT NULL,
    "Name" text NOT NULL,
    "OrderIndex" integer NOT NULL,
    "CreatedAt" timestamp with time zone NOT NULL,
    CONSTRAINT "PK_KanbanColumns" PRIMARY KEY ("Id"),
    CONSTRAINT "FK_KanbanColumns_KanbanBoards_KanbanBoardId" FOREIGN KEY ("KanbanBoardId") REFERENCES "KanbanBoards" ("Id") ON DELETE CASCADE
);
2026-02-15 23:05:24.667 +00:00 [INF] Executed DbCommand (22ms) [Parameters=[], CommandType='"Text"', CommandTimeout='30']
CREATE TABLE "TestCases" (
    "Id" uuid NOT NULL,
    "TestSuiteId" uuid NOT NULL,
    "Title" text NOT NULL,
    "Description" text,
    "Preconditions" text,
    "ExpectedResult" text NOT NULL,
    "PriorityId" integer NOT NULL,
    "IsActive" boolean NOT NULL,
    "CreatedAt" timestamp with time zone NOT NULL,
    "UpdatedAt" timestamp with time zone,
    CONSTRAINT "PK_TestCases" PRIMARY KEY ("Id"),
    CONSTRAINT "FK_TestCases_TestCasePriorities_PriorityId" FOREIGN KEY ("PriorityId") REFERENCES "TestCasePriorities" ("Id") ON DELETE CASCADE,
    CONSTRAINT "FK_TestCases_TestSuites_TestSuiteId" FOREIGN KEY ("TestSuiteId") REFERENCES "TestSuites" ("Id") ON DELETE CASCADE
);
2026-02-15 23:05:24.697 +00:00 [INF] Executed DbCommand (29ms) [Parameters=[], CommandType='"Text"', CommandTimeout='30']
CREATE TABLE "KanbanTasks" (
    "Id" uuid NOT NULL,
    "KanbanColumnId" uuid NOT NULL,
    "Title" text NOT NULL,
    "Description" text,
    "AssigneeId" uuid,
    "TestCaseId" uuid,
    "PriorityId" integer NOT NULL,
    "DueDate" timestamp with time zone,
    "OrderIndex" integer NOT NULL,
    "CreatedAt" timestamp with time zone NOT NULL,
    "UpdatedAt" timestamp with time zone,
    CONSTRAINT "PK_KanbanTasks" PRIMARY KEY ("Id"),
    CONSTRAINT "FK_KanbanTasks_KanbanColumns_KanbanColumnId" FOREIGN KEY ("KanbanColumnId") REFERENCES "KanbanColumns" ("Id") ON DELETE CASCADE,
    CONSTRAINT "FK_KanbanTasks_TaskPriorities_PriorityId" FOREIGN KEY ("PriorityId") REFERENCES "TaskPriorities" ("Id") ON DELETE CASCADE,
    CONSTRAINT "FK_KanbanTasks_TestCases_TestCaseId" FOREIGN KEY ("TestCaseId") REFERENCES "TestCases" ("Id"),
    CONSTRAINT "FK_KanbanTasks_Users_AssigneeId" FOREIGN KEY ("AssigneeId") REFERENCES "Users" ("Id")
);
2026-02-15 23:05:24.727 +00:00 [INF] Executed DbCommand (28ms) [Parameters=[], CommandType='"Text"', CommandTimeout='30']
CREATE TABLE test_executions (
    id uuid NOT NULL,
    test_case_id uuid NOT NULL,
    tester_id uuid NOT NULL,
    status_id integer NOT NULL,
    notes character varying(2000),
    execution_date timestamp with time zone NOT NULL DEFAULT (NOW()),
    completed_at timestamp with time zone,
    CONSTRAINT "PK_test_executions" PRIMARY KEY (id),
    CONSTRAINT "FK_test_executions_TestCases_test_case_id" FOREIGN KEY (test_case_id) REFERENCES "TestCases" ("Id") ON DELETE CASCADE,
    CONSTRAINT "FK_test_executions_Users_tester_id" FOREIGN KEY (tester_id) REFERENCES "Users" ("Id") ON DELETE RESTRICT,
    CONSTRAINT "FK_test_executions_execution_statuses_status_id" FOREIGN KEY (status_id) REFERENCES execution_statuses (id) ON DELETE RESTRICT
);
2026-02-15 23:05:24.750 +00:00 [INF] Executed DbCommand (22ms) [Parameters=[], CommandType='"Text"', CommandTimeout='30']
CREATE TABLE "TestSteps" (
    "Id" uuid NOT NULL,
    "TestCaseId" uuid NOT NULL,
    "StepOrder" integer NOT NULL,
    "Action" text NOT NULL,
    "ExpectedResult" text NOT NULL,
    CONSTRAINT "PK_TestSteps" PRIMARY KEY ("Id"),
    CONSTRAINT "FK_TestSteps_TestCases_TestCaseId" FOREIGN KEY ("TestCaseId") REFERENCES "TestCases" ("Id") ON DELETE CASCADE
);
2026-02-15 23:05:24.769 +00:00 [INF] Executed DbCommand (19ms) [Parameters=[], CommandType='"Text"', CommandTimeout='30']
CREATE TABLE "Evidences" (
    "Id" uuid NOT NULL,
    "TestExecutionId" uuid NOT NULL,
    "FileTypeId" integer NOT NULL,
    "FileName" text NOT NULL,
    "FilePath" text NOT NULL,
    "FileSize" bigint NOT NULL,
    "ContentType" text NOT NULL,
    "Description" text,
    "UploadedAt" timestamp with time zone NOT NULL,
    CONSTRAINT "PK_Evidences" PRIMARY KEY ("Id"),
    CONSTRAINT "FK_Evidences_EvidenceTypes_FileTypeId" FOREIGN KEY ("FileTypeId") REFERENCES "EvidenceTypes" ("Id") ON DELETE CASCADE,
    CONSTRAINT "FK_Evidences_test_executions_TestExecutionId" FOREIGN KEY ("TestExecutionId") REFERENCES test_executions (id) ON DELETE CASCADE
);
2026-02-15 23:05:24.803 +00:00 [INF] Executed DbCommand (30ms) [Parameters=[], CommandType='"Text"', CommandTimeout='30']
CREATE TABLE "ExecutionStepResults" (
    "Id" uuid NOT NULL,
    "TestExecutionId" uuid NOT NULL,
    "TestStepId" uuid NOT NULL,
    "StatusId" integer NOT NULL,
    "ActualResult" text,
    "Notes" text,
    "EvaluatedAt" timestamp with time zone NOT NULL,
    CONSTRAINT "PK_ExecutionStepResults" PRIMARY KEY ("Id"),
    CONSTRAINT "FK_ExecutionStepResults_StepResultStatuses_StatusId" FOREIGN KEY ("StatusId") REFERENCES "StepResultStatuses" ("Id") ON DELETE CASCADE,
    CONSTRAINT "FK_ExecutionStepResults_TestSteps_TestStepId" FOREIGN KEY ("TestStepId") REFERENCES "TestSteps" ("Id") ON DELETE CASCADE,
    CONSTRAINT "FK_ExecutionStepResults_test_executions_TestExecutionId" FOREIGN KEY ("TestExecutionId") REFERENCES test_executions (id) ON DELETE CASCADE
);
2026-02-15 23:05:24.822 +00:00 [INF] Executed DbCommand (18ms) [Parameters=[], CommandType='"Text"', CommandTimeout='30']
INSERT INTO "Permissions" ("Id", "Code", "CreatedAt", "Description", "Module")
VALUES ('41544143-4f4c-5347-5f4d-414e41474500', 'CATALOGS_MANAGE', TIMESTAMPTZ '2025-01-01T00:00:00Z', 'Administrar catálogos', 'Catalogs');
INSERT INTO "Permissions" ("Id", "Code", "CreatedAt", "Description", "Module")
VALUES ('41544143-4f4c-5347-5f56-494557000000', 'CATALOGS_VIEW', TIMESTAMPTZ '2025-01-01T00:00:00Z', 'Ver catálogos', 'Catalogs');
INSERT INTO "Permissions" ("Id", "Code", "CreatedAt", "Description", "Module")
VALUES ('424e414b-4e41-435f-5245-415445000000', 'KANBAN_CREATE', TIMESTAMPTZ '2025-01-01T00:00:00Z', 'Crear tableros/tareas', 'Kanban');
INSERT INTO "Permissions" ("Id", "Code", "CreatedAt", "Description", "Module")
VALUES ('424e414b-4e41-445f-454c-455445000000', 'KANBAN_DELETE', TIMESTAMPTZ '2025-01-01T00:00:00Z', 'Eliminar tareas', 'Kanban');
INSERT INTO "Permissions" ("Id", "Code", "CreatedAt", "Description", "Module")
VALUES ('424e414b-4e41-555f-5044-415445000000', 'KANBAN_UPDATE', TIMESTAMPTZ '2025-01-01T00:00:00Z', 'Mover tareas', 'Kanban');
INSERT INTO "Permissions" ("Id", "Code", "CreatedAt", "Description", "Module")
VALUES ('424e414b-4e41-565f-4945-570000000000', 'KANBAN_VIEW', TIMESTAMPTZ '2025-01-01T00:00:00Z', 'Ver tableros Kanban', 'Kanban');
INSERT INTO "Permissions" ("Id", "Code", "CreatedAt", "Description", "Module")
VALUES ('43455845-5455-4f49-4e53-5f4352454154', 'EXECUTIONS_CREATE', TIMESTAMPTZ '2025-01-01T00:00:00Z', 'Crear ejecuciones', 'Executions');
INSERT INTO "Permissions" ("Id", "Code", "CreatedAt", "Description", "Module")
VALUES ('43455845-5455-4f49-4e53-5f5550444154', 'EXECUTIONS_UPDATE', TIMESTAMPTZ '2025-01-01T00:00:00Z', 'Actualizar ejecuciones', 'Executions');
INSERT INTO "Permissions" ("Id", "Code", "CreatedAt", "Description", "Module")
VALUES ('43455845-5455-4f49-4e53-5f55504c4f41', 'EXECUTIONS_UPLOAD_EVIDENCE', TIMESTAMPTZ '2025-01-01T00:00:00Z', 'Subir evidencia', 'Executions');
INSERT INTO "Permissions" ("Id", "Code", "CreatedAt", "Description", "Module")
VALUES ('43455845-5455-4f49-4e53-5f5649455700', 'EXECUTIONS_VIEW', TIMESTAMPTZ '2025-01-01T00:00:00Z', 'Ver ejecuciones', 'Executions');
INSERT INTO "Permissions" ("Id", "Code", "CreatedAt", "Description", "Module")
VALUES ('454c4f52-5f53-4544-4c45-544500000000', 'ROLES_DELETE', TIMESTAMPTZ '2025-01-01T00:00:00Z', 'Eliminar roles', 'Roles');
INSERT INTO "Permissions" ("Id", "Code", "CreatedAt", "Description", "Module")
VALUES ('454c4f52-5f53-4956-4557-000000000000', 'ROLES_VIEW', TIMESTAMPTZ '2025-01-01T00:00:00Z', 'Ver roles', 'Roles');
INSERT INTO "Permissions" ("Id", "Code", "CreatedAt", "Description", "Module")
VALUES ('454c4f52-5f53-5055-4441-544500000000', 'ROLES_UPDATE', TIMESTAMPTZ '2025-01-01T00:00:00Z', 'Actualizar roles', 'Roles');
INSERT INTO "Permissions" ("Id", "Code", "CreatedAt", "Description", "Module")
VALUES ('454c4f52-5f53-5243-4541-544500000000', 'ROLES_CREATE', TIMESTAMPTZ '2025-01-01T00:00:00Z', 'Crear roles', 'Roles');
INSERT INTO "Permissions" ("Id", "Code", "CreatedAt", "Description", "Module")
VALUES ('454c4f52-5f53-5341-5349-474e5f504552', 'ROLES_ASSIGN_PERMISSIONS', TIMESTAMPTZ '2025-01-01T00:00:00Z', 'Asignar permisos a roles', 'Roles');
INSERT INTO "Permissions" ("Id", "Code", "CreatedAt", "Description", "Module")
VALUES ('48534144-4f42-5241-445f-564945570000', 'DASHBOARD_VIEW', TIMESTAMPTZ '2025-01-01T00:00:00Z', 'Ver dashboard', 'Dashboard');
INSERT INTO "Permissions" ("Id", "Code", "CreatedAt", "Description", "Module")
VALUES ('4a4f5250-4345-5354-5f43-524541544500', 'PROJECTS_CREATE', TIMESTAMPTZ '2025-01-01T00:00:00Z', 'Crear proyectos', 'Projects');
INSERT INTO "Permissions" ("Id", "Code", "CreatedAt", "Description", "Module")
VALUES ('4a4f5250-4345-5354-5f44-454c45544500', 'PROJECTS_DELETE', TIMESTAMPTZ '2025-01-01T00:00:00Z', 'Eliminar proyectos', 'Projects');
INSERT INTO "Permissions" ("Id", "Code", "CreatedAt", "Description", "Module")
VALUES ('4a4f5250-4345-5354-5f55-504441544500', 'PROJECTS_UPDATE', TIMESTAMPTZ '2025-01-01T00:00:00Z', 'Actualizar proyectos', 'Projects');
INSERT INTO "Permissions" ("Id", "Code", "CreatedAt", "Description", "Module")
VALUES ('4a4f5250-4345-5354-5f56-494557000000', 'PROJECTS_VIEW', TIMESTAMPTZ '2025-01-01T00:00:00Z', 'Ver proyectos', 'Projects');
INSERT INTO "Permissions" ("Id", "Code", "CreatedAt", "Description", "Module")
VALUES ('52455355-5f53-4544-4c45-544500000000', 'USERS_DELETE', TIMESTAMPTZ '2025-01-01T00:00:00Z', 'Eliminar usuarios', 'Users');
INSERT INTO "Permissions" ("Id", "Code", "CreatedAt", "Description", "Module")
VALUES ('52455355-5f53-4956-4557-000000000000', 'USERS_VIEW', TIMESTAMPTZ '2025-01-01T00:00:00Z', 'Ver usuarios', 'Users');
INSERT INTO "Permissions" ("Id", "Code", "CreatedAt", "Description", "Module")
VALUES ('52455355-5f53-5055-4441-544500000000', 'USERS_UPDATE', TIMESTAMPTZ '2025-01-01T00:00:00Z', 'Actualizar usuarios', 'Users');
INSERT INTO "Permissions" ("Id", "Code", "CreatedAt", "Description", "Module")
VALUES ('52455355-5f53-5243-4541-544500000000', 'USERS_CREATE', TIMESTAMPTZ '2025-01-01T00:00:00Z', 'Crear usuarios', 'Users');
INSERT INTO "Permissions" ("Id", "Code", "CreatedAt", "Description", "Module")
VALUES ('54534554-435f-5341-4553-5f4352454154', 'TEST_CASES_CREATE', TIMESTAMPTZ '2025-01-01T00:00:00Z', 'Crear casos de prueba', 'TestCases');
INSERT INTO "Permissions" ("Id", "Code", "CreatedAt", "Description", "Module")
VALUES ('54534554-435f-5341-4553-5f44454c4554', 'TEST_CASES_DELETE', TIMESTAMPTZ '2025-01-01T00:00:00Z', 'Eliminar casos de prueba', 'TestCases');
INSERT INTO "Permissions" ("Id", "Code", "CreatedAt", "Description", "Module")
VALUES ('54534554-435f-5341-4553-5f5550444154', 'TEST_CASES_UPDATE', TIMESTAMPTZ '2025-01-01T00:00:00Z', 'Actualizar casos de prueba', 'TestCases');
INSERT INTO "Permissions" ("Id", "Code", "CreatedAt", "Description", "Module")
VALUES ('54534554-435f-5341-4553-5f5649455700', 'TEST_CASES_VIEW', TIMESTAMPTZ '2025-01-01T00:00:00Z', 'Ver casos de prueba', 'TestCases');
2026-02-15 23:05:24.831 +00:00 [INF] Executed DbCommand (5ms) [Parameters=[], CommandType='"Text"', CommandTimeout='30']
INSERT INTO execution_statuses (id, code, created_at, description, is_active, name, sort_order)
VALUES (1, 'PENDING', TIMESTAMPTZ '2026-02-14T04:12:37.143236Z', 'Ejecución creada pero no iniciada.', TRUE, 'Pendiente', 1);
INSERT INTO execution_statuses (id, code, created_at, description, is_active, name, sort_order)
VALUES (2, 'IN_PROGRESS', TIMESTAMPTZ '2026-02-14T04:12:37.143238Z', 'Ejecución en curso.', TRUE, 'En Progreso', 2);
INSERT INTO execution_statuses (id, code, created_at, description, is_active, name, sort_order)
VALUES (3, 'PASSED', TIMESTAMPTZ '2026-02-14T04:12:37.143238Z', 'Todos los pasos exitosos.', TRUE, 'Aprobado', 3);
INSERT INTO execution_statuses (id, code, created_at, description, is_active, name, sort_order)
VALUES (4, 'FAILED', TIMESTAMPTZ '2026-02-14T04:12:37.143238Z', 'Al menos un paso falló.', TRUE, 'Fallido', 4);
INSERT INTO execution_statuses (id, code, created_at, description, is_active, name, sort_order)
VALUES (5, 'BLOCKED', TIMESTAMPTZ '2026-02-14T04:12:37.143239Z', 'Impedimento externo.', TRUE, 'Bloqueado', 5);
INSERT INTO execution_statuses (id, code, created_at, description, is_active, name, sort_order)
VALUES (6, 'SKIPPED', TIMESTAMPTZ '2026-02-14T04:12:37.143239Z', 'Omitido intencionalmente.', TRUE, 'Omitido', 6);
2026-02-15 23:05:24.842 +00:00 [INF] Executed DbCommand (10ms) [Parameters=[], CommandType='"Text"', CommandTimeout='30']
CREATE INDEX "IX_Evidences_FileTypeId" ON "Evidences" ("FileTypeId");
2026-02-15 23:05:24.853 +00:00 [INF] Executed DbCommand (10ms) [Parameters=[], CommandType='"Text"', CommandTimeout='30']
CREATE INDEX "IX_Evidences_TestExecutionId" ON "Evidences" ("TestExecutionId");
2026-02-15 23:05:24.865 +00:00 [INF] Executed DbCommand (11ms) [Parameters=[], CommandType='"Text"', CommandTimeout='30']
CREATE UNIQUE INDEX "IX_execution_statuses_code" ON execution_statuses (code);
2026-02-15 23:05:24.879 +00:00 [INF] Executed DbCommand (11ms) [Parameters=[], CommandType='"Text"', CommandTimeout='30']
CREATE INDEX "IX_ExecutionStepResults_StatusId" ON "ExecutionStepResults" ("StatusId");
2026-02-15 23:05:24.891 +00:00 [INF] Executed DbCommand (11ms) [Parameters=[], CommandType='"Text"', CommandTimeout='30']
CREATE INDEX "IX_ExecutionStepResults_TestExecutionId" ON "ExecutionStepResults" ("TestExecutionId");
2026-02-15 23:05:24.903 +00:00 [INF] Executed DbCommand (11ms) [Parameters=[], CommandType='"Text"', CommandTimeout='30']
CREATE INDEX "IX_ExecutionStepResults_TestStepId" ON "ExecutionStepResults" ("TestStepId");
2026-02-15 23:05:24.917 +00:00 [INF] Executed DbCommand (12ms) [Parameters=[], CommandType='"Text"', CommandTimeout='30']
CREATE INDEX "IX_KanbanBoards_ProjectId" ON "KanbanBoards" ("ProjectId");
2026-02-15 23:05:24.930 +00:00 [INF] Executed DbCommand (11ms) [Parameters=[], CommandType='"Text"', CommandTimeout='30']
CREATE INDEX "IX_KanbanColumns_KanbanBoardId" ON "KanbanColumns" ("KanbanBoardId");
2026-02-15 23:05:24.942 +00:00 [INF] Executed DbCommand (11ms) [Parameters=[], CommandType='"Text"', CommandTimeout='30']
CREATE INDEX "IX_KanbanTasks_AssigneeId" ON "KanbanTasks" ("AssigneeId");
2026-02-15 23:05:24.954 +00:00 [INF] Executed DbCommand (10ms) [Parameters=[], CommandType='"Text"', CommandTimeout='30']
CREATE INDEX "IX_KanbanTasks_KanbanColumnId" ON "KanbanTasks" ("KanbanColumnId");
2026-02-15 23:05:24.966 +00:00 [INF] Executed DbCommand (11ms) [Parameters=[], CommandType='"Text"', CommandTimeout='30']
CREATE INDEX "IX_KanbanTasks_PriorityId" ON "KanbanTasks" ("PriorityId");
2026-02-15 23:05:24.975 +00:00 [INF] Executed DbCommand (9ms) [Parameters=[], CommandType='"Text"', CommandTimeout='30']
CREATE INDEX "IX_KanbanTasks_TestCaseId" ON "KanbanTasks" ("TestCaseId");
2026-02-15 23:05:24.984 +00:00 [INF] Executed DbCommand (8ms) [Parameters=[], CommandType='"Text"', CommandTimeout='30']
CREATE INDEX "IX_role_permissions_PermissionId" ON role_permissions ("PermissionId");
2026-02-15 23:05:24.994 +00:00 [INF] Executed DbCommand (9ms) [Parameters=[], CommandType='"Text"', CommandTimeout='30']
CREATE INDEX "IX_test_executions_status_id" ON test_executions (status_id);
2026-02-15 23:05:25.002 +00:00 [INF] Executed DbCommand (8ms) [Parameters=[], CommandType='"Text"', CommandTimeout='30']
CREATE INDEX "IX_test_executions_test_case_id" ON test_executions (test_case_id);
2026-02-15 23:05:25.014 +00:00 [INF] Executed DbCommand (10ms) [Parameters=[], CommandType='"Text"', CommandTimeout='30']
CREATE INDEX "IX_test_executions_tester_id" ON test_executions (tester_id);
2026-02-15 23:05:25.023 +00:00 [INF] Executed DbCommand (8ms) [Parameters=[], CommandType='"Text"', CommandTimeout='30']
CREATE INDEX "IX_TestCases_PriorityId" ON "TestCases" ("PriorityId");
2026-02-15 23:05:25.035 +00:00 [INF] Executed DbCommand (10ms) [Parameters=[], CommandType='"Text"', CommandTimeout='30']
CREATE INDEX "IX_TestCases_TestSuiteId" ON "TestCases" ("TestSuiteId");
2026-02-15 23:05:25.045 +00:00 [INF] Executed DbCommand (9ms) [Parameters=[], CommandType='"Text"', CommandTimeout='30']
CREATE INDEX "IX_TestSteps_TestCaseId" ON "TestSteps" ("TestCaseId");
2026-02-15 23:05:25.055 +00:00 [INF] Executed DbCommand (9ms) [Parameters=[], CommandType='"Text"', CommandTimeout='30']
CREATE INDEX "IX_TestSuites_ProjectId" ON "TestSuites" ("ProjectId");
2026-02-15 23:05:25.066 +00:00 [INF] Executed DbCommand (11ms) [Parameters=[], CommandType='"Text"', CommandTimeout='30']
CREATE INDEX "IX_user_roles_RoleId" ON user_roles ("RoleId");
2026-02-15 23:05:25.077 +00:00 [INF] Executed DbCommand (10ms) [Parameters=[], CommandType='"Text"', CommandTimeout='30']
SELECT setval(
    pg_get_serial_sequence('execution_statuses', 'id'),
    GREATEST(
        (SELECT MAX(id) FROM execution_statuses) + 1,
        nextval(pg_get_serial_sequence('execution_statuses', 'id'))),
    false);
2026-02-15 23:05:25.080 +00:00 [INF] Executed DbCommand (1ms) [Parameters=[], CommandType='"Text"', CommandTimeout='30']
INSERT INTO "__EFMigrationsHistory" ("MigrationId", "ProductVersion")
VALUES ('20260214041238_InitialCreate', '8.0.11');
2026-02-15 23:05:25.096 +00:00 [INF] Applying migration '20260215192006_AddSystemSeeding'.
2026-02-15 23:05:25.183 +00:00 [INF] Executed DbCommand (5ms) [Parameters=[], CommandType='"Text"', CommandTimeout='30']
ALTER TABLE "Evidences" DROP CONSTRAINT "FK_Evidences_EvidenceTypes_FileTypeId";
2026-02-15 23:05:25.185 +00:00 [INF] Executed DbCommand (1ms) [Parameters=[], CommandType='"Text"', CommandTimeout='30']
ALTER TABLE "ExecutionStepResults" DROP CONSTRAINT "FK_ExecutionStepResults_StepResultStatuses_StatusId";
2026-02-15 23:05:25.186 +00:00 [INF] Executed DbCommand (1ms) [Parameters=[], CommandType='"Text"', CommandTimeout='30']
ALTER TABLE "KanbanTasks" DROP CONSTRAINT "FK_KanbanTasks_TaskPriorities_PriorityId";
2026-02-15 23:05:25.188 +00:00 [INF] Executed DbCommand (1ms) [Parameters=[], CommandType='"Text"', CommandTimeout='30']
ALTER TABLE "KanbanTasks" DROP CONSTRAINT "FK_KanbanTasks_Users_AssigneeId";
2026-02-15 23:05:25.190 +00:00 [INF] Executed DbCommand (1ms) [Parameters=[], CommandType='"Text"', CommandTimeout='30']
ALTER TABLE role_permissions DROP CONSTRAINT "FK_role_permissions_Roles_RoleId";
2026-02-15 23:05:25.191 +00:00 [INF] Executed DbCommand (1ms) [Parameters=[], CommandType='"Text"', CommandTimeout='30']
ALTER TABLE test_executions DROP CONSTRAINT "FK_test_executions_Users_tester_id";
2026-02-15 23:05:25.193 +00:00 [INF] Executed DbCommand (1ms) [Parameters=[], CommandType='"Text"', CommandTimeout='30']
ALTER TABLE "TestCases" DROP CONSTRAINT "FK_TestCases_TestCasePriorities_PriorityId";
2026-02-15 23:05:25.194 +00:00 [INF] Executed DbCommand (1ms) [Parameters=[], CommandType='"Text"', CommandTimeout='30']
ALTER TABLE user_roles DROP CONSTRAINT "FK_user_roles_Roles_RoleId";
2026-02-15 23:05:25.196 +00:00 [INF] Executed DbCommand (1ms) [Parameters=[], CommandType='"Text"', CommandTimeout='30']
ALTER TABLE user_roles DROP CONSTRAINT "FK_user_roles_Users_UserId";
2026-02-15 23:05:25.198 +00:00 [INF] Executed DbCommand (1ms) [Parameters=[], CommandType='"Text"', CommandTimeout='30']
ALTER TABLE "Users" DROP CONSTRAINT "PK_Users";
2026-02-15 23:05:25.199 +00:00 [INF] Executed DbCommand (1ms) [Parameters=[], CommandType='"Text"', CommandTimeout='30']
ALTER TABLE "Roles" DROP CONSTRAINT "PK_Roles";
2026-02-15 23:05:25.200 +00:00 [INF] Executed DbCommand (1ms) [Parameters=[], CommandType='"Text"', CommandTimeout='30']
ALTER TABLE "TestCasePriorities" DROP CONSTRAINT "PK_TestCasePriorities";
2026-02-15 23:05:25.201 +00:00 [INF] Executed DbCommand (0ms) [Parameters=[], CommandType='"Text"', CommandTimeout='30']
ALTER TABLE "TaskPriorities" DROP CONSTRAINT "PK_TaskPriorities";
2026-02-15 23:05:25.202 +00:00 [INF] Executed DbCommand (1ms) [Parameters=[], CommandType='"Text"', CommandTimeout='30']
ALTER TABLE "StepResultStatuses" DROP CONSTRAINT "PK_StepResultStatuses";
2026-02-15 23:05:25.203 +00:00 [INF] Executed DbCommand (1ms) [Parameters=[], CommandType='"Text"', CommandTimeout='30']
ALTER TABLE "EvidenceTypes" DROP CONSTRAINT "PK_EvidenceTypes";
2026-02-15 23:05:25.205 +00:00 [INF] Executed DbCommand (1ms) [Parameters=[], CommandType='"Text"', CommandTimeout='30']
ALTER TABLE "Users" RENAME TO users;
2026-02-15 23:05:25.206 +00:00 [INF] Executed DbCommand (0ms) [Parameters=[], CommandType='"Text"', CommandTimeout='30']
ALTER TABLE "Roles" RENAME TO roles;
2026-02-15 23:05:25.206 +00:00 [INF] Executed DbCommand (0ms) [Parameters=[], CommandType='"Text"', CommandTimeout='30']
ALTER TABLE "TestCasePriorities" RENAME TO test_case_priorities;
2026-02-15 23:05:25.206 +00:00 [INF] Executed DbCommand (0ms) [Parameters=[], CommandType='"Text"', CommandTimeout='30']
ALTER TABLE "TaskPriorities" RENAME TO task_priorities;
2026-02-15 23:05:25.207 +00:00 [INF] Executed DbCommand (0ms) [Parameters=[], CommandType='"Text"', CommandTimeout='30']
ALTER TABLE "StepResultStatuses" RENAME TO step_result_statuses;
2026-02-15 23:05:25.208 +00:00 [INF] Executed DbCommand (0ms) [Parameters=[], CommandType='"Text"', CommandTimeout='30']
ALTER TABLE "EvidenceTypes" RENAME TO evidence_types;
2026-02-15 23:05:25.209 +00:00 [INF] Executed DbCommand (0ms) [Parameters=[], CommandType='"Text"', CommandTimeout='30']
ALTER TABLE users RENAME COLUMN "Username" TO username;
2026-02-15 23:05:25.209 +00:00 [INF] Executed DbCommand (0ms) [Parameters=[], CommandType='"Text"', CommandTimeout='30']
ALTER TABLE users RENAME COLUMN "Email" TO email;
2026-02-15 23:05:25.210 +00:00 [INF] Executed DbCommand (0ms) [Parameters=[], CommandType='"Text"', CommandTimeout='30']
ALTER TABLE users RENAME COLUMN "Id" TO id;
2026-02-15 23:05:25.210 +00:00 [INF] Executed DbCommand (0ms) [Parameters=[], CommandType='"Text"', CommandTimeout='30']
ALTER TABLE users RENAME COLUMN "UpdatedAt" TO updated_at;
2026-02-15 23:05:25.211 +00:00 [INF] Executed DbCommand (0ms) [Parameters=[], CommandType='"Text"', CommandTimeout='30']
ALTER TABLE users RENAME COLUMN "RefreshTokenExpiryTime" TO refresh_token_expiry_time;
2026-02-15 23:05:25.211 +00:00 [INF] Executed DbCommand (0ms) [Parameters=[], CommandType='"Text"', CommandTimeout='30']
ALTER TABLE users RENAME COLUMN "RefreshToken" TO refresh_token;
2026-02-15 23:05:25.212 +00:00 [INF] Executed DbCommand (0ms) [Parameters=[], CommandType='"Text"', CommandTimeout='30']
ALTER TABLE users RENAME COLUMN "PasswordHash" TO password_hash;
2026-02-15 23:05:25.213 +00:00 [INF] Executed DbCommand (0ms) [Parameters=[], CommandType='"Text"', CommandTimeout='30']
ALTER TABLE users RENAME COLUMN "IsActive" TO is_active;
2026-02-15 23:05:25.213 +00:00 [INF] Executed DbCommand (0ms) [Parameters=[], CommandType='"Text"', CommandTimeout='30']
ALTER TABLE users RENAME COLUMN "FullName" TO full_name;
2026-02-15 23:05:25.214 +00:00 [INF] Executed DbCommand (0ms) [Parameters=[], CommandType='"Text"', CommandTimeout='30']
ALTER TABLE users RENAME COLUMN "CreatedAt" TO created_at;
2026-02-15 23:05:25.214 +00:00 [INF] Executed DbCommand (0ms) [Parameters=[], CommandType='"Text"', CommandTimeout='30']
ALTER TABLE roles RENAME COLUMN "Name" TO name;
2026-02-15 23:05:25.215 +00:00 [INF] Executed DbCommand (0ms) [Parameters=[], CommandType='"Text"', CommandTimeout='30']
ALTER TABLE roles RENAME COLUMN "Description" TO description;
2026-02-15 23:05:25.215 +00:00 [INF] Executed DbCommand (0ms) [Parameters=[], CommandType='"Text"', CommandTimeout='30']
ALTER TABLE roles RENAME COLUMN "Id" TO id;
2026-02-15 23:05:25.216 +00:00 [INF] Executed DbCommand (0ms) [Parameters=[], CommandType='"Text"', CommandTimeout='30']
ALTER TABLE roles RENAME COLUMN "IsActive" TO is_active;
2026-02-15 23:05:25.216 +00:00 [INF] Executed DbCommand (0ms) [Parameters=[], CommandType='"Text"', CommandTimeout='30']
ALTER TABLE roles RENAME COLUMN "CreatedAt" TO created_at;
2026-02-15 23:05:25.217 +00:00 [INF] Executed DbCommand (0ms) [Parameters=[], CommandType='"Text"', CommandTimeout='30']
ALTER TABLE test_case_priorities RENAME COLUMN "Name" TO name;
2026-02-15 23:05:25.217 +00:00 [INF] Executed DbCommand (0ms) [Parameters=[], CommandType='"Text"', CommandTimeout='30']
ALTER TABLE test_case_priorities RENAME COLUMN "Description" TO description;
2026-02-15 23:05:25.218 +00:00 [INF] Executed DbCommand (0ms) [Parameters=[], CommandType='"Text"', CommandTimeout='30']
ALTER TABLE test_case_priorities RENAME COLUMN "Code" TO code;
2026-02-15 23:05:25.218 +00:00 [INF] Executed DbCommand (0ms) [Parameters=[], CommandType='"Text"', CommandTimeout='30']
ALTER TABLE test_case_priorities RENAME COLUMN "Id" TO id;
2026-02-15 23:05:25.219 +00:00 [INF] Executed DbCommand (0ms) [Parameters=[], CommandType='"Text"', CommandTimeout='30']
ALTER TABLE test_case_priorities RENAME COLUMN "SortOrder" TO sort_order;
2026-02-15 23:05:25.219 +00:00 [INF] Executed DbCommand (0ms) [Parameters=[], CommandType='"Text"', CommandTimeout='30']
ALTER TABLE test_case_priorities RENAME COLUMN "IsActive" TO is_active;
2026-02-15 23:05:25.219 +00:00 [INF] Executed DbCommand (0ms) [Parameters=[], CommandType='"Text"', CommandTimeout='30']
ALTER TABLE test_case_priorities RENAME COLUMN "CreatedAt" TO created_at;
2026-02-15 23:05:25.220 +00:00 [INF] Executed DbCommand (0ms) [Parameters=[], CommandType='"Text"', CommandTimeout='30']
ALTER TABLE task_priorities RENAME COLUMN "Name" TO name;
2026-02-15 23:05:25.220 +00:00 [INF] Executed DbCommand (0ms) [Parameters=[], CommandType='"Text"', CommandTimeout='30']
ALTER TABLE task_priorities RENAME COLUMN "Description" TO description;
2026-02-15 23:05:25.221 +00:00 [INF] Executed DbCommand (0ms) [Parameters=[], CommandType='"Text"', CommandTimeout='30']
ALTER TABLE task_priorities RENAME COLUMN "Code" TO code;
2026-02-15 23:05:25.221 +00:00 [INF] Executed DbCommand (0ms) [Parameters=[], CommandType='"Text"', CommandTimeout='30']
ALTER TABLE task_priorities RENAME COLUMN "Id" TO id;
2026-02-15 23:05:25.222 +00:00 [INF] Executed DbCommand (0ms) [Parameters=[], CommandType='"Text"', CommandTimeout='30']
ALTER TABLE task_priorities RENAME COLUMN "SortOrder" TO sort_order;
2026-02-15 23:05:25.222 +00:00 [INF] Executed DbCommand (0ms) [Parameters=[], CommandType='"Text"', CommandTimeout='30']
ALTER TABLE task_priorities RENAME COLUMN "IsActive" TO is_active;
2026-02-15 23:05:25.223 +00:00 [INF] Executed DbCommand (0ms) [Parameters=[], CommandType='"Text"', CommandTimeout='30']
ALTER TABLE task_priorities RENAME COLUMN "CreatedAt" TO created_at;
2026-02-15 23:05:25.223 +00:00 [INF] Executed DbCommand (0ms) [Parameters=[], CommandType='"Text"', CommandTimeout='30']
ALTER TABLE step_result_statuses RENAME COLUMN "Name" TO name;
2026-02-15 23:05:25.224 +00:00 [INF] Executed DbCommand (0ms) [Parameters=[], CommandType='"Text"', CommandTimeout='30']
ALTER TABLE step_result_statuses RENAME COLUMN "Description" TO description;
2026-02-15 23:05:25.224 +00:00 [INF] Executed DbCommand (0ms) [Parameters=[], CommandType='"Text"', CommandTimeout='30']
ALTER TABLE step_result_statuses RENAME COLUMN "Code" TO code;
2026-02-15 23:05:25.225 +00:00 [INF] Executed DbCommand (0ms) [Parameters=[], CommandType='"Text"', CommandTimeout='30']
ALTER TABLE step_result_statuses RENAME COLUMN "Id" TO id;
2026-02-15 23:05:25.227 +00:00 [INF] Executed DbCommand (0ms) [Parameters=[], CommandType='"Text"', CommandTimeout='30']
ALTER TABLE step_result_statuses RENAME COLUMN "SortOrder" TO sort_order;
2026-02-15 23:05:25.227 +00:00 [INF] Executed DbCommand (0ms) [Parameters=[], CommandType='"Text"', CommandTimeout='30']
ALTER TABLE step_result_statuses RENAME COLUMN "IsActive" TO is_active;
2026-02-15 23:05:25.228 +00:00 [INF] Executed DbCommand (0ms) [Parameters=[], CommandType='"Text"', CommandTimeout='30']
ALTER TABLE step_result_statuses RENAME COLUMN "CreatedAt" TO created_at;
2026-02-15 23:05:25.228 +00:00 [INF] Executed DbCommand (0ms) [Parameters=[], CommandType='"Text"', CommandTimeout='30']
ALTER TABLE evidence_types RENAME COLUMN "Name" TO name;
2026-02-15 23:05:25.229 +00:00 [INF] Executed DbCommand (0ms) [Parameters=[], CommandType='"Text"', CommandTimeout='30']
ALTER TABLE evidence_types RENAME COLUMN "Description" TO description;
2026-02-15 23:05:25.229 +00:00 [INF] Executed DbCommand (0ms) [Parameters=[], CommandType='"Text"', CommandTimeout='30']
ALTER TABLE evidence_types RENAME COLUMN "Code" TO code;
2026-02-15 23:05:25.230 +00:00 [INF] Executed DbCommand (0ms) [Parameters=[], CommandType='"Text"', CommandTimeout='30']
ALTER TABLE evidence_types RENAME COLUMN "Id" TO id;
2026-02-15 23:05:25.230 +00:00 [INF] Executed DbCommand (0ms) [Parameters=[], CommandType='"Text"', CommandTimeout='30']
ALTER TABLE evidence_types RENAME COLUMN "SortOrder" TO sort_order;
2026-02-15 23:05:25.231 +00:00 [INF] Executed DbCommand (0ms) [Parameters=[], CommandType='"Text"', CommandTimeout='30']
ALTER TABLE evidence_types RENAME COLUMN "IsActive" TO is_active;
2026-02-15 23:05:25.231 +00:00 [INF] Executed DbCommand (0ms) [Parameters=[], CommandType='"Text"', CommandTimeout='30']
ALTER TABLE evidence_types RENAME COLUMN "CreatedAt" TO created_at;
2026-02-15 23:05:25.245 +00:00 [INF] Executed DbCommand (13ms) [Parameters=[], CommandType='"Text"', CommandTimeout='30']
ALTER TABLE users ALTER COLUMN username TYPE character varying(100);
2026-02-15 23:05:25.260 +00:00 [INF] Executed DbCommand (15ms) [Parameters=[], CommandType='"Text"', CommandTimeout='30']
ALTER TABLE users ALTER COLUMN email TYPE character varying(150);
2026-02-15 23:05:25.261 +00:00 [INF] Executed DbCommand (1ms) [Parameters=[], CommandType='"Text"', CommandTimeout='30']
ALTER TABLE users ALTER COLUMN is_active SET DEFAULT TRUE;
2026-02-15 23:05:25.275 +00:00 [INF] Executed DbCommand (13ms) [Parameters=[], CommandType='"Text"', CommandTimeout='30']
ALTER TABLE users ALTER COLUMN full_name TYPE character varying(200);
2026-02-15 23:05:25.276 +00:00 [INF] Executed DbCommand (1ms) [Parameters=[], CommandType='"Text"', CommandTimeout='30']
ALTER TABLE users ALTER COLUMN created_at SET DEFAULT (NOW());
2026-02-15 23:05:25.289 +00:00 [INF] Executed DbCommand (13ms) [Parameters=[], CommandType='"Text"', CommandTimeout='30']
ALTER TABLE roles ALTER COLUMN name TYPE character varying(100);
2026-02-15 23:05:25.304 +00:00 [INF] Executed DbCommand (15ms) [Parameters=[], CommandType='"Text"', CommandTimeout='30']
ALTER TABLE roles ALTER COLUMN description TYPE character varying(500);
2026-02-15 23:05:25.306 +00:00 [INF] Executed DbCommand (1ms) [Parameters=[], CommandType='"Text"', CommandTimeout='30']
ALTER TABLE roles ALTER COLUMN is_active SET DEFAULT TRUE;
2026-02-15 23:05:25.310 +00:00 [INF] Executed DbCommand (1ms) [Parameters=[], CommandType='"Text"', CommandTimeout='30']
ALTER TABLE roles ALTER COLUMN created_at SET DEFAULT (NOW());
2026-02-15 23:05:25.323 +00:00 [INF] Executed DbCommand (12ms) [Parameters=[], CommandType='"Text"', CommandTimeout='30']
ALTER TABLE test_case_priorities ALTER COLUMN name TYPE character varying(100);
2026-02-15 23:05:25.334 +00:00 [INF] Executed DbCommand (11ms) [Parameters=[], CommandType='"Text"', CommandTimeout='30']
ALTER TABLE test_case_priorities ALTER COLUMN description TYPE character varying(500);
2026-02-15 23:05:25.345 +00:00 [INF] Executed DbCommand (10ms) [Parameters=[], CommandType='"Text"', CommandTimeout='30']
ALTER TABLE test_case_priorities ALTER COLUMN code TYPE character varying(50);
2026-02-15 23:05:25.346 +00:00 [INF] Executed DbCommand (1ms) [Parameters=[], CommandType='"Text"', CommandTimeout='30']
ALTER TABLE test_case_priorities ALTER COLUMN sort_order SET DEFAULT 0;
2026-02-15 23:05:25.347 +00:00 [INF] Executed DbCommand (0ms) [Parameters=[], CommandType='"Text"', CommandTimeout='30']
ALTER TABLE test_case_priorities ALTER COLUMN is_active SET DEFAULT TRUE;
2026-02-15 23:05:25.347 +00:00 [INF] Executed DbCommand (0ms) [Parameters=[], CommandType='"Text"', CommandTimeout='30']
ALTER TABLE test_case_priorities ALTER COLUMN created_at SET DEFAULT (NOW());
2026-02-15 23:05:25.359 +00:00 [INF] Executed DbCommand (12ms) [Parameters=[], CommandType='"Text"', CommandTimeout='30']
ALTER TABLE task_priorities ALTER COLUMN name TYPE character varying(100);
2026-02-15 23:05:25.371 +00:00 [INF] Executed DbCommand (11ms) [Parameters=[], CommandType='"Text"', CommandTimeout='30']
ALTER TABLE task_priorities ALTER COLUMN description TYPE character varying(500);
2026-02-15 23:05:25.386 +00:00 [INF] Executed DbCommand (14ms) [Parameters=[], CommandType='"Text"', CommandTimeout='30']
ALTER TABLE task_priorities ALTER COLUMN code TYPE character varying(50);
2026-02-15 23:05:25.391 +00:00 [INF] Executed DbCommand (2ms) [Parameters=[], CommandType='"Text"', CommandTimeout='30']
ALTER TABLE task_priorities ALTER COLUMN sort_order SET DEFAULT 0;
2026-02-15 23:05:25.393 +00:00 [INF] Executed DbCommand (1ms) [Parameters=[], CommandType='"Text"', CommandTimeout='30']
ALTER TABLE task_priorities ALTER COLUMN is_active SET DEFAULT TRUE;
2026-02-15 23:05:25.395 +00:00 [INF] Executed DbCommand (1ms) [Parameters=[], CommandType='"Text"', CommandTimeout='30']
ALTER TABLE task_priorities ALTER COLUMN created_at SET DEFAULT (NOW());
2026-02-15 23:05:25.410 +00:00 [INF] Executed DbCommand (15ms) [Parameters=[], CommandType='"Text"', CommandTimeout='30']
ALTER TABLE step_result_statuses ALTER COLUMN name TYPE character varying(100);
2026-02-15 23:05:25.425 +00:00 [INF] Executed DbCommand (14ms) [Parameters=[], CommandType='"Text"', CommandTimeout='30']
ALTER TABLE step_result_statuses ALTER COLUMN description TYPE character varying(500);
2026-02-15 23:05:25.439 +00:00 [INF] Executed DbCommand (13ms) [Parameters=[], CommandType='"Text"', CommandTimeout='30']
ALTER TABLE step_result_statuses ALTER COLUMN code TYPE character varying(50);
2026-02-15 23:05:25.441 +00:00 [INF] Executed DbCommand (1ms) [Parameters=[], CommandType='"Text"', CommandTimeout='30']
ALTER TABLE step_result_statuses ALTER COLUMN sort_order SET DEFAULT 0;
2026-02-15 23:05:25.442 +00:00 [INF] Executed DbCommand (1ms) [Parameters=[], CommandType='"Text"', CommandTimeout='30']
ALTER TABLE step_result_statuses ALTER COLUMN is_active SET DEFAULT TRUE;
2026-02-15 23:05:25.443 +00:00 [INF] Executed DbCommand (0ms) [Parameters=[], CommandType='"Text"', CommandTimeout='30']
ALTER TABLE step_result_statuses ALTER COLUMN created_at SET DEFAULT (NOW());
2026-02-15 23:05:25.455 +00:00 [INF] Executed DbCommand (11ms) [Parameters=[], CommandType='"Text"', CommandTimeout='30']
ALTER TABLE evidence_types ALTER COLUMN name TYPE character varying(100);
2026-02-15 23:05:25.466 +00:00 [INF] Executed DbCommand (10ms) [Parameters=[], CommandType='"Text"', CommandTimeout='30']
ALTER TABLE evidence_types ALTER COLUMN description TYPE character varying(500);
2026-02-15 23:05:25.485 +00:00 [INF] Executed DbCommand (17ms) [Parameters=[], CommandType='"Text"', CommandTimeout='30']
ALTER TABLE evidence_types ALTER COLUMN code TYPE character varying(50);
2026-02-15 23:05:25.487 +00:00 [INF] Executed DbCommand (1ms) [Parameters=[], CommandType='"Text"', CommandTimeout='30']
ALTER TABLE evidence_types ALTER COLUMN sort_order SET DEFAULT 0;
2026-02-15 23:05:25.489 +00:00 [INF] Executed DbCommand (1ms) [Parameters=[], CommandType='"Text"', CommandTimeout='30']
ALTER TABLE evidence_types ALTER COLUMN is_active SET DEFAULT TRUE;
2026-02-15 23:05:25.491 +00:00 [INF] Executed DbCommand (1ms) [Parameters=[], CommandType='"Text"', CommandTimeout='30']
ALTER TABLE evidence_types ALTER COLUMN created_at SET DEFAULT (NOW());
2026-02-15 23:05:25.505 +00:00 [INF] Executed DbCommand (14ms) [Parameters=[], CommandType='"Text"', CommandTimeout='30']
ALTER TABLE users ADD CONSTRAINT "PK_users" PRIMARY KEY (id);
2026-02-15 23:05:25.516 +00:00 [INF] Executed DbCommand (9ms) [Parameters=[], CommandType='"Text"', CommandTimeout='30']
ALTER TABLE roles ADD CONSTRAINT "PK_roles" PRIMARY KEY (id);
2026-02-15 23:05:25.526 +00:00 [INF] Executed DbCommand (9ms) [Parameters=[], CommandType='"Text"', CommandTimeout='30']
ALTER TABLE test_case_priorities ADD CONSTRAINT "PK_test_case_priorities" PRIMARY KEY (id);
2026-02-15 23:05:25.537 +00:00 [INF] Executed DbCommand (10ms) [Parameters=[], CommandType='"Text"', CommandTimeout='30']
ALTER TABLE task_priorities ADD CONSTRAINT "PK_task_priorities" PRIMARY KEY (id);
2026-02-15 23:05:25.548 +00:00 [INF] Executed DbCommand (11ms) [Parameters=[], CommandType='"Text"', CommandTimeout='30']
ALTER TABLE step_result_statuses ADD CONSTRAINT "PK_step_result_statuses" PRIMARY KEY (id);
2026-02-15 23:05:25.558 +00:00 [INF] Executed DbCommand (9ms) [Parameters=[], CommandType='"Text"', CommandTimeout='30']
ALTER TABLE evidence_types ADD CONSTRAINT "PK_evidence_types" PRIMARY KEY (id);
2026-02-15 23:05:25.561 +00:00 [INF] Executed DbCommand (1ms) [Parameters=[], CommandType='"Text"', CommandTimeout='30']
INSERT INTO evidence_types (id, code, created_at, description, is_active, name, sort_order)
VALUES (1, 'IMAGE', TIMESTAMPTZ '2026-02-15T19:20:05.647548Z', NULL, TRUE, 'Imagen', 1);
INSERT INTO evidence_types (id, code, created_at, description, is_active, name, sort_order)
VALUES (2, 'VIDEO', TIMESTAMPTZ '2026-02-15T19:20:05.647548Z', NULL, TRUE, 'Video', 2);
INSERT INTO evidence_types (id, code, created_at, description, is_active, name, sort_order)
VALUES (3, 'DOCUMENT', TIMESTAMPTZ '2026-02-15T19:20:05.647549Z', NULL, TRUE, 'Documento', 3);
INSERT INTO evidence_types (id, code, created_at, description, is_active, name, sort_order)
VALUES (4, 'LOG_FILE', TIMESTAMPTZ '2026-02-15T19:20:05.647549Z', NULL, TRUE, 'Archivo de Log', 4);
2026-02-15 23:05:25.566 +00:00 [INF] Executed DbCommand (5ms) [Parameters=[], CommandType='"Text"', CommandTimeout='30']
UPDATE execution_statuses SET created_at = TIMESTAMPTZ '2026-02-15T19:20:05.648029Z'
WHERE id = 1;
2026-02-15 23:05:25.567 +00:00 [INF] Executed DbCommand (1ms) [Parameters=[], CommandType='"Text"', CommandTimeout='30']
UPDATE execution_statuses SET created_at = TIMESTAMPTZ '2026-02-15T19:20:05.648029Z'
WHERE id = 2;
2026-02-15 23:05:25.569 +00:00 [INF] Executed DbCommand (1ms) [Parameters=[], CommandType='"Text"', CommandTimeout='30']
UPDATE execution_statuses SET created_at = TIMESTAMPTZ '2026-02-15T19:20:05.648029Z'
WHERE id = 3;
2026-02-15 23:05:25.570 +00:00 [INF] Executed DbCommand (1ms) [Parameters=[], CommandType='"Text"', CommandTimeout='30']
UPDATE execution_statuses SET created_at = TIMESTAMPTZ '2026-02-15T19:20:05.648029Z'
WHERE id = 4;
2026-02-15 23:05:25.571 +00:00 [INF] Executed DbCommand (0ms) [Parameters=[], CommandType='"Text"', CommandTimeout='30']
UPDATE execution_statuses SET created_at = TIMESTAMPTZ '2026-02-15T19:20:05.64803Z'
WHERE id = 5;
2026-02-15 23:05:25.572 +00:00 [INF] Executed DbCommand (1ms) [Parameters=[], CommandType='"Text"', CommandTimeout='30']
UPDATE execution_statuses SET created_at = TIMESTAMPTZ '2026-02-15T19:20:05.64803Z'
WHERE id = 6;
2026-02-15 23:05:25.575 +00:00 [INF] Executed DbCommand (2ms) [Parameters=[], CommandType='"Text"', CommandTimeout='30']
INSERT INTO roles (id, created_at, description, is_active, name)
VALUES ('11111111-1111-1111-1111-111111111111', TIMESTAMPTZ '2025-01-01T00:00:00Z', 'Acceso total al sistema', TRUE, 'Administrator');
INSERT INTO roles (id, created_at, description, is_active, name)
VALUES ('22222222-2222-2222-2222-222222222222', TIMESTAMPTZ '2025-01-01T00:00:00Z', 'Ejecución y gestión de pruebas', TRUE, 'Tester');
2026-02-15 23:05:25.578 +00:00 [INF] Executed DbCommand (2ms) [Parameters=[], CommandType='"Text"', CommandTimeout='30']
INSERT INTO step_result_statuses (id, code, created_at, description, is_active, name, sort_order)
VALUES (1, 'NOT_EXECUTED', TIMESTAMPTZ '2026-02-15T19:20:05.649817Z', NULL, TRUE, 'No Ejecutado', 1);
INSERT INTO step_result_statuses (id, code, created_at, description, is_active, name, sort_order)
VALUES (2, 'PASSED', TIMESTAMPTZ '2026-02-15T19:20:05.649817Z', NULL, TRUE, 'Aprobado', 2);
INSERT INTO step_result_statuses (id, code, created_at, description, is_active, name, sort_order)
VALUES (3, 'FAILED', TIMESTAMPTZ '2026-02-15T19:20:05.649817Z', NULL, TRUE, 'Fallido', 3);
INSERT INTO step_result_statuses (id, code, created_at, description, is_active, name, sort_order)
VALUES (4, 'BLOCKED', TIMESTAMPTZ '2026-02-15T19:20:05.649817Z', NULL, TRUE, 'Bloqueado', 4);
2026-02-15 23:05:25.581 +00:00 [INF] Executed DbCommand (2ms) [Parameters=[], CommandType='"Text"', CommandTimeout='30']
INSERT INTO task_priorities (id, code, created_at, description, is_active, name, sort_order)
VALUES (1, 'LOW', TIMESTAMPTZ '2026-02-15T19:20:05.650146Z', NULL, TRUE, 'Baja', 1);
INSERT INTO task_priorities (id, code, created_at, description, is_active, name, sort_order)
VALUES (2, 'MEDIUM', TIMESTAMPTZ '2026-02-15T19:20:05.650147Z', NULL, TRUE, 'Media', 2);
INSERT INTO task_priorities (id, code, created_at, description, is_active, name, sort_order)
VALUES (3, 'HIGH', TIMESTAMPTZ '2026-02-15T19:20:05.650147Z', NULL, TRUE, 'Alta', 3);
INSERT INTO task_priorities (id, code, created_at, description, is_active, name, sort_order)
VALUES (4, 'CRITICAL', TIMESTAMPTZ '2026-02-15T19:20:05.650147Z', NULL, TRUE, 'Crítica', 4);
2026-02-15 23:05:25.584 +00:00 [INF] Executed DbCommand (3ms) [Parameters=[], CommandType='"Text"', CommandTimeout='30']
INSERT INTO test_case_priorities (id, code, created_at, description, is_active, name, sort_order)
VALUES (1, 'LOW', TIMESTAMPTZ '2026-02-15T19:20:05.650537Z', NULL, TRUE, 'Baja', 1);
INSERT INTO test_case_priorities (id, code, created_at, description, is_active, name, sort_order)
VALUES (2, 'MEDIUM', TIMESTAMPTZ '2026-02-15T19:20:05.650537Z', NULL, TRUE, 'Media', 2);
INSERT INTO test_case_priorities (id, code, created_at, description, is_active, name, sort_order)
VALUES (3, 'HIGH', TIMESTAMPTZ '2026-02-15T19:20:05.650537Z', NULL, TRUE, 'Alta', 3);
INSERT INTO test_case_priorities (id, code, created_at, description, is_active, name, sort_order)
VALUES (4, 'CRITICAL', TIMESTAMPTZ '2026-02-15T19:20:05.650537Z', NULL, TRUE, 'Crítica', 4);
2026-02-15 23:05:25.587 +00:00 [INF] Executed DbCommand (2ms) [Parameters=[], CommandType='"Text"', CommandTimeout='30']
INSERT INTO users (id, created_at, email, full_name, is_active, password_hash, refresh_token, refresh_token_expiry_time, updated_at, username)
VALUES ('99999999-9999-9999-9999-999999999999', TIMESTAMPTZ '2025-01-01T00:00:00Z', 'admin@qams.local', 'Administrador Base', TRUE, '$2a$12$R9h/LIPzKuOfSRR6M9V39u.BBzBRS7O.O80X9/b9L.p51v5FzE5x.', NULL, NULL, NULL, 'admin');
2026-02-15 23:05:25.598 +00:00 [INF] Executed DbCommand (10ms) [Parameters=[], CommandType='"Text"', CommandTimeout='30']
INSERT INTO role_permissions ("PermissionId", "RoleId", "AssignedAt")
VALUES ('41544143-4f4c-5347-5f4d-414e41474500', '11111111-1111-1111-1111-111111111111', TIMESTAMPTZ '2025-01-01T00:00:00Z');
INSERT INTO role_permissions ("PermissionId", "RoleId", "AssignedAt")
VALUES ('41544143-4f4c-5347-5f56-494557000000', '11111111-1111-1111-1111-111111111111', TIMESTAMPTZ '2025-01-01T00:00:00Z');
INSERT INTO role_permissions ("PermissionId", "RoleId", "AssignedAt")
VALUES ('424e414b-4e41-435f-5245-415445000000', '11111111-1111-1111-1111-111111111111', TIMESTAMPTZ '2025-01-01T00:00:00Z');
INSERT INTO role_permissions ("PermissionId", "RoleId", "AssignedAt")
VALUES ('424e414b-4e41-445f-454c-455445000000', '11111111-1111-1111-1111-111111111111', TIMESTAMPTZ '2025-01-01T00:00:00Z');
INSERT INTO role_permissions ("PermissionId", "RoleId", "AssignedAt")
VALUES ('424e414b-4e41-555f-5044-415445000000', '11111111-1111-1111-1111-111111111111', TIMESTAMPTZ '2025-01-01T00:00:00Z');
INSERT INTO role_permissions ("PermissionId", "RoleId", "AssignedAt")
VALUES ('424e414b-4e41-565f-4945-570000000000', '11111111-1111-1111-1111-111111111111', TIMESTAMPTZ '2025-01-01T00:00:00Z');
INSERT INTO role_permissions ("PermissionId", "RoleId", "AssignedAt")
VALUES ('43455845-5455-4f49-4e53-5f4352454154', '11111111-1111-1111-1111-111111111111', TIMESTAMPTZ '2025-01-01T00:00:00Z');
INSERT INTO role_permissions ("PermissionId", "RoleId", "AssignedAt")
VALUES ('43455845-5455-4f49-4e53-5f5550444154', '11111111-1111-1111-1111-111111111111', TIMESTAMPTZ '2025-01-01T00:00:00Z');
INSERT INTO role_permissions ("PermissionId", "RoleId", "AssignedAt")
VALUES ('43455845-5455-4f49-4e53-5f55504c4f41', '11111111-1111-1111-1111-111111111111', TIMESTAMPTZ '2025-01-01T00:00:00Z');
INSERT INTO role_permissions ("PermissionId", "RoleId", "AssignedAt")
VALUES ('43455845-5455-4f49-4e53-5f5649455700', '11111111-1111-1111-1111-111111111111', TIMESTAMPTZ '2025-01-01T00:00:00Z');
INSERT INTO role_permissions ("PermissionId", "RoleId", "AssignedAt")
VALUES ('454c4f52-5f53-4544-4c45-544500000000', '11111111-1111-1111-1111-111111111111', TIMESTAMPTZ '2025-01-01T00:00:00Z');
INSERT INTO role_permissions ("PermissionId", "RoleId", "AssignedAt")
VALUES ('454c4f52-5f53-4956-4557-000000000000', '11111111-1111-1111-1111-111111111111', TIMESTAMPTZ '2025-01-01T00:00:00Z');
INSERT INTO role_permissions ("PermissionId", "RoleId", "AssignedAt")
VALUES ('454c4f52-5f53-5055-4441-544500000000', '11111111-1111-1111-1111-111111111111', TIMESTAMPTZ '2025-01-01T00:00:00Z');
INSERT INTO role_permissions ("PermissionId", "RoleId", "AssignedAt")
VALUES ('454c4f52-5f53-5243-4541-544500000000', '11111111-1111-1111-1111-111111111111', TIMESTAMPTZ '2025-01-01T00:00:00Z');
INSERT INTO role_permissions ("PermissionId", "RoleId", "AssignedAt")
VALUES ('454c4f52-5f53-5341-5349-474e5f504552', '11111111-1111-1111-1111-111111111111', TIMESTAMPTZ '2025-01-01T00:00:00Z');
INSERT INTO role_permissions ("PermissionId", "RoleId", "AssignedAt")
VALUES ('48534144-4f42-5241-445f-564945570000', '11111111-1111-1111-1111-111111111111', TIMESTAMPTZ '2025-01-01T00:00:00Z');
INSERT INTO role_permissions ("PermissionId", "RoleId", "AssignedAt")
VALUES ('4a4f5250-4345-5354-5f43-524541544500', '11111111-1111-1111-1111-111111111111', TIMESTAMPTZ '2025-01-01T00:00:00Z');
INSERT INTO role_permissions ("PermissionId", "RoleId", "AssignedAt")
VALUES ('4a4f5250-4345-5354-5f44-454c45544500', '11111111-1111-1111-1111-111111111111', TIMESTAMPTZ '2025-01-01T00:00:00Z');
INSERT INTO role_permissions ("PermissionId", "RoleId", "AssignedAt")
VALUES ('4a4f5250-4345-5354-5f55-504441544500', '11111111-1111-1111-1111-111111111111', TIMESTAMPTZ '2025-01-01T00:00:00Z');
INSERT INTO role_permissions ("PermissionId", "RoleId", "AssignedAt")
VALUES ('4a4f5250-4345-5354-5f56-494557000000', '11111111-1111-1111-1111-111111111111', TIMESTAMPTZ '2025-01-01T00:00:00Z');
INSERT INTO role_permissions ("PermissionId", "RoleId", "AssignedAt")
VALUES ('52455355-5f53-4544-4c45-544500000000', '11111111-1111-1111-1111-111111111111', TIMESTAMPTZ '2025-01-01T00:00:00Z');
INSERT INTO role_permissions ("PermissionId", "RoleId", "AssignedAt")
VALUES ('52455355-5f53-4956-4557-000000000000', '11111111-1111-1111-1111-111111111111', TIMESTAMPTZ '2025-01-01T00:00:00Z');
INSERT INTO role_permissions ("PermissionId", "RoleId", "AssignedAt")
VALUES ('52455355-5f53-5055-4441-544500000000', '11111111-1111-1111-1111-111111111111', TIMESTAMPTZ '2025-01-01T00:00:00Z');
INSERT INTO role_permissions ("PermissionId", "RoleId", "AssignedAt")
VALUES ('52455355-5f53-5243-4541-544500000000', '11111111-1111-1111-1111-111111111111', TIMESTAMPTZ '2025-01-01T00:00:00Z');
INSERT INTO role_permissions ("PermissionId", "RoleId", "AssignedAt")
VALUES ('54534554-435f-5341-4553-5f4352454154', '11111111-1111-1111-1111-111111111111', TIMESTAMPTZ '2025-01-01T00:00:00Z');
INSERT INTO role_permissions ("PermissionId", "RoleId", "AssignedAt")
VALUES ('54534554-435f-5341-4553-5f44454c4554', '11111111-1111-1111-1111-111111111111', TIMESTAMPTZ '2025-01-01T00:00:00Z');
INSERT INTO role_permissions ("PermissionId", "RoleId", "AssignedAt")
VALUES ('54534554-435f-5341-4553-5f5550444154', '11111111-1111-1111-1111-111111111111', TIMESTAMPTZ '2025-01-01T00:00:00Z');
INSERT INTO role_permissions ("PermissionId", "RoleId", "AssignedAt")
VALUES ('54534554-435f-5341-4553-5f5649455700', '11111111-1111-1111-1111-111111111111', TIMESTAMPTZ '2025-01-01T00:00:00Z');
2026-02-15 23:05:25.603 +00:00 [INF] Executed DbCommand (3ms) [Parameters=[], CommandType='"Text"', CommandTimeout='30']
INSERT INTO user_roles ("RoleId", "UserId", "AssignedAt")
VALUES ('11111111-1111-1111-1111-111111111111', '99999999-9999-9999-9999-999999999999', TIMESTAMPTZ '2025-01-01T00:00:00Z');
2026-02-15 23:05:25.618 +00:00 [INF] Executed DbCommand (14ms) [Parameters=[], CommandType='"Text"', CommandTimeout='30']
CREATE UNIQUE INDEX "IX_users_email" ON users (email);
2026-02-15 23:05:25.631 +00:00 [INF] Executed DbCommand (12ms) [Parameters=[], CommandType='"Text"', CommandTimeout='30']
CREATE UNIQUE INDEX "IX_users_username" ON users (username);
2026-02-15 23:05:25.643 +00:00 [INF] Executed DbCommand (11ms) [Parameters=[], CommandType='"Text"', CommandTimeout='30']
CREATE UNIQUE INDEX "IX_roles_name" ON roles (name);
2026-02-15 23:05:25.653 +00:00 [INF] Executed DbCommand (9ms) [Parameters=[], CommandType='"Text"', CommandTimeout='30']
CREATE UNIQUE INDEX "IX_test_case_priorities_code" ON test_case_priorities (code);
2026-02-15 23:05:25.663 +00:00 [INF] Executed DbCommand (10ms) [Parameters=[], CommandType='"Text"', CommandTimeout='30']
CREATE UNIQUE INDEX "IX_task_priorities_code" ON task_priorities (code);
2026-02-15 23:05:25.674 +00:00 [INF] Executed DbCommand (10ms) [Parameters=[], CommandType='"Text"', CommandTimeout='30']
CREATE UNIQUE INDEX "IX_step_result_statuses_code" ON step_result_statuses (code);
2026-02-15 23:05:25.687 +00:00 [INF] Executed DbCommand (12ms) [Parameters=[], CommandType='"Text"', CommandTimeout='30']
CREATE UNIQUE INDEX "IX_evidence_types_code" ON evidence_types (code);
2026-02-15 23:05:25.693 +00:00 [INF] Executed DbCommand (5ms) [Parameters=[], CommandType='"Text"', CommandTimeout='30']
ALTER TABLE "Evidences" ADD CONSTRAINT "FK_Evidences_evidence_types_FileTypeId" FOREIGN KEY ("FileTypeId") REFERENCES evidence_types (id) ON DELETE CASCADE;
2026-02-15 23:05:25.697 +00:00 [INF] Executed DbCommand (2ms) [Parameters=[], CommandType='"Text"', CommandTimeout='30']
ALTER TABLE "ExecutionStepResults" ADD CONSTRAINT "FK_ExecutionStepResults_step_result_statuses_StatusId" FOREIGN KEY ("StatusId") REFERENCES step_result_statuses (id) ON DELETE CASCADE;
2026-02-15 23:05:25.701 +00:00 [INF] Executed DbCommand (4ms) [Parameters=[], CommandType='"Text"', CommandTimeout='30']
ALTER TABLE "KanbanTasks" ADD CONSTRAINT "FK_KanbanTasks_task_priorities_PriorityId" FOREIGN KEY ("PriorityId") REFERENCES task_priorities (id) ON DELETE CASCADE;
2026-02-15 23:05:25.705 +00:00 [INF] Executed DbCommand (2ms) [Parameters=[], CommandType='"Text"', CommandTimeout='30']
ALTER TABLE "KanbanTasks" ADD CONSTRAINT "FK_KanbanTasks_users_AssigneeId" FOREIGN KEY ("AssigneeId") REFERENCES users (id);
2026-02-15 23:05:25.710 +00:00 [INF] Executed DbCommand (4ms) [Parameters=[], CommandType='"Text"', CommandTimeout='30']
ALTER TABLE role_permissions ADD CONSTRAINT "FK_role_permissions_roles_RoleId" FOREIGN KEY ("RoleId") REFERENCES roles (id) ON DELETE CASCADE;
2026-02-15 23:05:25.715 +00:00 [INF] Executed DbCommand (5ms) [Parameters=[], CommandType='"Text"', CommandTimeout='30']
ALTER TABLE test_executions ADD CONSTRAINT "FK_test_executions_users_tester_id" FOREIGN KEY (tester_id) REFERENCES users (id) ON DELETE RESTRICT;
2026-02-15 23:05:25.721 +00:00 [INF] Executed DbCommand (4ms) [Parameters=[], CommandType='"Text"', CommandTimeout='30']
ALTER TABLE "TestCases" ADD CONSTRAINT "FK_TestCases_test_case_priorities_PriorityId" FOREIGN KEY ("PriorityId") REFERENCES test_case_priorities (id) ON DELETE CASCADE;
2026-02-15 23:05:25.724 +00:00 [INF] Executed DbCommand (2ms) [Parameters=[], CommandType='"Text"', CommandTimeout='30']
ALTER TABLE user_roles ADD CONSTRAINT "FK_user_roles_roles_RoleId" FOREIGN KEY ("RoleId") REFERENCES roles (id) ON DELETE CASCADE;
2026-02-15 23:05:25.726 +00:00 [INF] Executed DbCommand (1ms) [Parameters=[], CommandType='"Text"', CommandTimeout='30']
ALTER TABLE user_roles ADD CONSTRAINT "FK_user_roles_users_UserId" FOREIGN KEY ("UserId") REFERENCES users (id) ON DELETE CASCADE;
2026-02-15 23:05:25.730 +00:00 [INF] Executed DbCommand (3ms) [Parameters=[], CommandType='"Text"', CommandTimeout='30']
SELECT setval(
    pg_get_serial_sequence('evidence_types', 'id'),
    GREATEST(
        (SELECT MAX(id) FROM evidence_types) + 1,
        nextval(pg_get_serial_sequence('evidence_types', 'id'))),
    false);
SELECT setval(
    pg_get_serial_sequence('step_result_statuses', 'id'),
    GREATEST(
        (SELECT MAX(id) FROM step_result_statuses) + 1,
        nextval(pg_get_serial_sequence('step_result_statuses', 'id'))),
    false);
SELECT setval(
    pg_get_serial_sequence('task_priorities', 'id'),
    GREATEST(
        (SELECT MAX(id) FROM task_priorities) + 1,
        nextval(pg_get_serial_sequence('task_priorities', 'id'))),
    false);
SELECT setval(
    pg_get_serial_sequence('test_case_priorities', 'id'),
    GREATEST(
        (SELECT MAX(id) FROM test_case_priorities) + 1,
        nextval(pg_get_serial_sequence('test_case_priorities', 'id'))),
    false);
2026-02-15 23:05:25.732 +00:00 [INF] Executed DbCommand (1ms) [Parameters=[], CommandType='"Text"', CommandTimeout='30']
INSERT INTO "__EFMigrationsHistory" ("MigrationId", "ProductVersion")
VALUES ('20260215192006_AddSystemSeeding', '8.0.11');
2026-02-15 23:05:26.073 +00:00 [INF] Applying migration '20260215203955_StandardizeNaming'.
2026-02-15 23:05:26.105 +00:00 [INF] Executed DbCommand (2ms) [Parameters=[], CommandType='"Text"', CommandTimeout='30']
ALTER TABLE role_permissions DROP CONSTRAINT "FK_role_permissions_Permissions_PermissionId";
2026-02-15 23:05:26.107 +00:00 [INF] Executed DbCommand (1ms) [Parameters=[], CommandType='"Text"', CommandTimeout='30']
ALTER TABLE role_permissions DROP CONSTRAINT "FK_role_permissions_roles_RoleId";
2026-02-15 23:05:26.109 +00:00 [INF] Executed DbCommand (2ms) [Parameters=[], CommandType='"Text"', CommandTimeout='30']
ALTER TABLE user_roles DROP CONSTRAINT "FK_user_roles_roles_RoleId";
2026-02-15 23:05:26.112 +00:00 [INF] Executed DbCommand (2ms) [Parameters=[], CommandType='"Text"', CommandTimeout='30']
ALTER TABLE user_roles DROP CONSTRAINT "FK_user_roles_users_UserId";
2026-02-15 23:05:26.113 +00:00 [INF] Executed DbCommand (1ms) [Parameters=[], CommandType='"Text"', CommandTimeout='30']
ALTER TABLE "Permissions" DROP CONSTRAINT "PK_Permissions";
2026-02-15 23:05:26.114 +00:00 [INF] Executed DbCommand (0ms) [Parameters=[], CommandType='"Text"', CommandTimeout='30']
ALTER TABLE "Permissions" RENAME TO permissions;
2026-02-15 23:05:26.115 +00:00 [INF] Executed DbCommand (0ms) [Parameters=[], CommandType='"Text"', CommandTimeout='30']
ALTER TABLE user_roles RENAME COLUMN "AssignedAt" TO assigned_at;
2026-02-15 23:05:26.115 +00:00 [INF] Executed DbCommand (0ms) [Parameters=[], CommandType='"Text"', CommandTimeout='30']
ALTER TABLE user_roles RENAME COLUMN "RoleId" TO role_id;
2026-02-15 23:05:26.116 +00:00 [INF] Executed DbCommand (0ms) [Parameters=[], CommandType='"Text"', CommandTimeout='30']
ALTER TABLE user_roles RENAME COLUMN "UserId" TO user_id;
2026-02-15 23:05:26.118 +00:00 [INF] Executed DbCommand (1ms) [Parameters=[], CommandType='"Text"', CommandTimeout='30']
ALTER INDEX "IX_user_roles_RoleId" RENAME TO "IX_user_roles_role_id";
2026-02-15 23:05:26.118 +00:00 [INF] Executed DbCommand (0ms) [Parameters=[], CommandType='"Text"', CommandTimeout='30']
ALTER TABLE role_permissions RENAME COLUMN "AssignedAt" TO assigned_at;
2026-02-15 23:05:26.119 +00:00 [INF] Executed DbCommand (0ms) [Parameters=[], CommandType='"Text"', CommandTimeout='30']
ALTER TABLE role_permissions RENAME COLUMN "PermissionId" TO permission_id;
2026-02-15 23:05:26.120 +00:00 [INF] Executed DbCommand (0ms) [Parameters=[], CommandType='"Text"', CommandTimeout='30']
ALTER TABLE role_permissions RENAME COLUMN "RoleId" TO role_id;
2026-02-15 23:05:26.120 +00:00 [INF] Executed DbCommand (0ms) [Parameters=[], CommandType='"Text"', CommandTimeout='30']
ALTER INDEX "IX_role_permissions_PermissionId" RENAME TO "IX_role_permissions_permission_id";
2026-02-15 23:05:26.121 +00:00 [INF] Executed DbCommand (0ms) [Parameters=[], CommandType='"Text"', CommandTimeout='30']
ALTER TABLE permissions RENAME COLUMN "Module" TO module;
2026-02-15 23:05:26.122 +00:00 [INF] Executed DbCommand (0ms) [Parameters=[], CommandType='"Text"', CommandTimeout='30']
ALTER TABLE permissions RENAME COLUMN "Description" TO description;
2026-02-15 23:05:26.122 +00:00 [INF] Executed DbCommand (0ms) [Parameters=[], CommandType='"Text"', CommandTimeout='30']
ALTER TABLE permissions RENAME COLUMN "Code" TO code;
2026-02-15 23:05:26.123 +00:00 [INF] Executed DbCommand (0ms) [Parameters=[], CommandType='"Text"', CommandTimeout='30']
ALTER TABLE permissions RENAME COLUMN "Id" TO id;
2026-02-15 23:05:26.123 +00:00 [INF] Executed DbCommand (0ms) [Parameters=[], CommandType='"Text"', CommandTimeout='30']
ALTER TABLE permissions RENAME COLUMN "CreatedAt" TO created_at;
2026-02-15 23:05:26.136 +00:00 [INF] Executed DbCommand (12ms) [Parameters=[], CommandType='"Text"', CommandTimeout='30']
ALTER TABLE permissions ALTER COLUMN module TYPE character varying(100);
2026-02-15 23:05:26.152 +00:00 [INF] Executed DbCommand (15ms) [Parameters=[], CommandType='"Text"', CommandTimeout='30']
ALTER TABLE permissions ALTER COLUMN description TYPE character varying(500);
2026-02-15 23:05:26.165 +00:00 [INF] Executed DbCommand (12ms) [Parameters=[], CommandType='"Text"', CommandTimeout='30']
ALTER TABLE permissions ALTER COLUMN code TYPE character varying(100);
2026-02-15 23:05:26.167 +00:00 [INF] Executed DbCommand (1ms) [Parameters=[], CommandType='"Text"', CommandTimeout='30']
ALTER TABLE permissions ALTER COLUMN created_at SET DEFAULT (NOW());
2026-02-15 23:05:26.178 +00:00 [INF] Executed DbCommand (10ms) [Parameters=[], CommandType='"Text"', CommandTimeout='30']
ALTER TABLE permissions ADD CONSTRAINT "PK_permissions" PRIMARY KEY (id);
2026-02-15 23:05:26.181 +00:00 [INF] Executed DbCommand (2ms) [Parameters=[], CommandType='"Text"', CommandTimeout='30']
UPDATE evidence_types SET created_at = TIMESTAMPTZ '2026-02-15T20:39:53.949743Z'
WHERE id = 1;
2026-02-15 23:05:26.183 +00:00 [INF] Executed DbCommand (0ms) [Parameters=[], CommandType='"Text"', CommandTimeout='30']
UPDATE evidence_types SET created_at = TIMESTAMPTZ '2026-02-15T20:39:53.949743Z'
WHERE id = 2;
2026-02-15 23:05:26.184 +00:00 [INF] Executed DbCommand (1ms) [Parameters=[], CommandType='"Text"', CommandTimeout='30']
UPDATE evidence_types SET created_at = TIMESTAMPTZ '2026-02-15T20:39:53.949744Z'
WHERE id = 3;
2026-02-15 23:05:26.186 +00:00 [INF] Executed DbCommand (1ms) [Parameters=[], CommandType='"Text"', CommandTimeout='30']
UPDATE evidence_types SET created_at = TIMESTAMPTZ '2026-02-15T20:39:53.949744Z'
WHERE id = 4;
2026-02-15 23:05:26.187 +00:00 [INF] Executed DbCommand (1ms) [Parameters=[], CommandType='"Text"', CommandTimeout='30']
UPDATE execution_statuses SET created_at = TIMESTAMPTZ '2026-02-15T20:39:53.950681Z'
WHERE id = 1;
2026-02-15 23:05:26.189 +00:00 [INF] Executed DbCommand (1ms) [Parameters=[], CommandType='"Text"', CommandTimeout='30']
UPDATE execution_statuses SET created_at = TIMESTAMPTZ '2026-02-15T20:39:53.950682Z'
WHERE id = 2;
2026-02-15 23:05:26.191 +00:00 [INF] Executed DbCommand (0ms) [Parameters=[], CommandType='"Text"', CommandTimeout='30']
UPDATE execution_statuses SET created_at = TIMESTAMPTZ '2026-02-15T20:39:53.950682Z'
WHERE id = 3;
2026-02-15 23:05:26.192 +00:00 [INF] Executed DbCommand (0ms) [Parameters=[], CommandType='"Text"', CommandTimeout='30']
UPDATE execution_statuses SET created_at = TIMESTAMPTZ '2026-02-15T20:39:53.950683Z'
WHERE id = 4;
2026-02-15 23:05:26.193 +00:00 [INF] Executed DbCommand (1ms) [Parameters=[], CommandType='"Text"', CommandTimeout='30']
UPDATE execution_statuses SET created_at = TIMESTAMPTZ '2026-02-15T20:39:53.950683Z'
WHERE id = 5;
2026-02-15 23:05:26.194 +00:00 [INF] Executed DbCommand (0ms) [Parameters=[], CommandType='"Text"', CommandTimeout='30']
UPDATE execution_statuses SET created_at = TIMESTAMPTZ '2026-02-15T20:39:53.950683Z'
WHERE id = 6;
2026-02-15 23:05:26.196 +00:00 [INF] Executed DbCommand (1ms) [Parameters=[], CommandType='"Text"', CommandTimeout='30']
UPDATE step_result_statuses SET created_at = TIMESTAMPTZ '2026-02-15T20:39:53.954525Z'
WHERE id = 1;
2026-02-15 23:05:26.198 +00:00 [INF] Executed DbCommand (1ms) [Parameters=[], CommandType='"Text"', CommandTimeout='30']
UPDATE step_result_statuses SET created_at = TIMESTAMPTZ '2026-02-15T20:39:53.954525Z'
WHERE id = 2;
2026-02-15 23:05:26.200 +00:00 [INF] Executed DbCommand (1ms) [Parameters=[], CommandType='"Text"', CommandTimeout='30']
UPDATE step_result_statuses SET created_at = TIMESTAMPTZ '2026-02-15T20:39:53.954526Z'
WHERE id = 3;
2026-02-15 23:05:26.201 +00:00 [INF] Executed DbCommand (0ms) [Parameters=[], CommandType='"Text"', CommandTimeout='30']
UPDATE step_result_statuses SET created_at = TIMESTAMPTZ '2026-02-15T20:39:53.954526Z'
WHERE id = 4;
2026-02-15 23:05:26.204 +00:00 [INF] Executed DbCommand (1ms) [Parameters=[], CommandType='"Text"', CommandTimeout='30']
UPDATE task_priorities SET created_at = TIMESTAMPTZ '2026-02-15T20:39:53.955243Z'
WHERE id = 1;
2026-02-15 23:05:26.205 +00:00 [INF] Executed DbCommand (1ms) [Parameters=[], CommandType='"Text"', CommandTimeout='30']
UPDATE task_priorities SET created_at = TIMESTAMPTZ '2026-02-15T20:39:53.955244Z'
WHERE id = 2;
2026-02-15 23:05:26.206 +00:00 [INF] Executed DbCommand (0ms) [Parameters=[], CommandType='"Text"', CommandTimeout='30']
UPDATE task_priorities SET created_at = TIMESTAMPTZ '2026-02-15T20:39:53.955244Z'
WHERE id = 3;
2026-02-15 23:05:26.207 +00:00 [INF] Executed DbCommand (0ms) [Parameters=[], CommandType='"Text"', CommandTimeout='30']
UPDATE task_priorities SET created_at = TIMESTAMPTZ '2026-02-15T20:39:53.955244Z'
WHERE id = 4;
2026-02-15 23:05:26.209 +00:00 [INF] Executed DbCommand (1ms) [Parameters=[], CommandType='"Text"', CommandTimeout='30']
UPDATE test_case_priorities SET created_at = TIMESTAMPTZ '2026-02-15T20:39:53.955926Z'
WHERE id = 1;
2026-02-15 23:05:26.210 +00:00 [INF] Executed DbCommand (0ms) [Parameters=[], CommandType='"Text"', CommandTimeout='30']
UPDATE test_case_priorities SET created_at = TIMESTAMPTZ '2026-02-15T20:39:53.955926Z'
WHERE id = 2;
2026-02-15 23:05:26.211 +00:00 [INF] Executed DbCommand (0ms) [Parameters=[], CommandType='"Text"', CommandTimeout='30']
UPDATE test_case_priorities SET created_at = TIMESTAMPTZ '2026-02-15T20:39:53.955927Z'
WHERE id = 3;
2026-02-15 23:05:26.212 +00:00 [INF] Executed DbCommand (0ms) [Parameters=[], CommandType='"Text"', CommandTimeout='30']
UPDATE test_case_priorities SET created_at = TIMESTAMPTZ '2026-02-15T20:39:53.955927Z'
WHERE id = 4;
2026-02-15 23:05:26.215 +00:00 [INF] Executed DbCommand (2ms) [Parameters=[], CommandType='"Text"', CommandTimeout='30']
ALTER TABLE role_permissions ADD CONSTRAINT "FK_role_permissions_permissions_permission_id" FOREIGN KEY (permission_id) REFERENCES permissions (id) ON DELETE CASCADE;
2026-02-15 23:05:26.219 +00:00 [INF] Executed DbCommand (3ms) [Parameters=[], CommandType='"Text"', CommandTimeout='30']
ALTER TABLE role_permissions ADD CONSTRAINT "FK_role_permissions_roles_role_id" FOREIGN KEY (role_id) REFERENCES roles (id) ON DELETE CASCADE;
2026-02-15 23:05:26.223 +00:00 [INF] Executed DbCommand (3ms) [Parameters=[], CommandType='"Text"', CommandTimeout='30']
ALTER TABLE user_roles ADD CONSTRAINT "FK_user_roles_roles_role_id" FOREIGN KEY (role_id) REFERENCES roles (id) ON DELETE CASCADE;
2026-02-15 23:05:26.226 +00:00 [INF] Executed DbCommand (2ms) [Parameters=[], CommandType='"Text"', CommandTimeout='30']
ALTER TABLE user_roles ADD CONSTRAINT "FK_user_roles_users_user_id" FOREIGN KEY (user_id) REFERENCES users (id) ON DELETE CASCADE;
2026-02-15 23:05:26.227 +00:00 [INF] Executed DbCommand (0ms) [Parameters=[], CommandType='"Text"', CommandTimeout='30']
INSERT INTO "__EFMigrationsHistory" ("MigrationId", "ProductVersion")
VALUES ('20260215203955_StandardizeNaming', '8.0.11');
2026-02-15 23:05:26.248 +00:00 [INF] Database migrations applied.
2026-02-15 23:05:26.266 +00:00 [INF] Executed DbCommand (1ms) [Parameters=[], CommandType='"Text"', CommandTimeout='30']
SELECT EXISTS (
    SELECT 1 FROM pg_catalog.pg_class c
    JOIN pg_catalog.pg_namespace n ON n.oid=c.relnamespace
    WHERE n.nspname='public' AND
          c.relname='__EFMigrationsHistory'
)
2026-02-15 23:05:26.267 +00:00 [INF] Executed DbCommand (1ms) [Parameters=[], CommandType='"Text"', CommandTimeout='30']
SELECT "MigrationId", "ProductVersion"
FROM "__EFMigrationsHistory"
ORDER BY "MigrationId";
2026-02-15 23:05:26.360 +00:00 [INF] QAMS API iniciada en Docker.
2026-02-15 23:05:26.384 +00:00 [WRN] Storing keys in a directory '/root/.aspnet/DataProtection-Keys' that may not be persisted outside of the container. Protected data will be unavailable when container is destroyed. For more information go to https://aka.ms/aspnet/dataprotectionwarning
2026-02-15 23:05:26.385 +00:00 [INF] User profile is available. Using '/root/.aspnet/DataProtection-Keys' as key repository; keys will not be encrypted at rest.
2026-02-15 23:05:26.478 +00:00 [WRN] Overriding HTTP_PORTS '8080' and HTTPS_PORTS ''. Binding to values defined by URLS instead 'http://+:8080'.
2026-02-15 23:05:26.530 +00:00 [WRN] The WebRootPath was not found: /app/wwwroot. Static files may be unavailable.
2026-02-15 23:05:26.559 +00:00 [INF] Now listening on: http://[::]:8080
2026-02-15 23:05:26.560 +00:00 [INF] Application started. Press Ctrl+C to shut down.
2026-02-15 23:05:26.561 +00:00 [INF] Hosting environment: Docker
2026-02-15 23:05:26.561 +00:00 [INF] Content root path: /app
2026-02-15 23:06:48.112 +00:00 [INF] Request starting HTTP/1.1 GET http://localhost:5000/swagger - null null
2026-02-15 23:06:48.198 +00:00 [INF] Request finished HTTP/1.1 GET http://localhost:5000/swagger - 301 0 null 88.3477ms
2026-02-15 23:06:48.205 +00:00 [INF] Request starting HTTP/1.1 GET http://localhost:5000/swagger/index.html - null null
2026-02-15 23:06:48.313 +00:00 [INF] Request finished HTTP/1.1 GET http://localhost:5000/swagger/index.html - 200 null text/html;charset=utf-8 108.32ms
2026-02-15 23:07:31.042 +00:00 [INF] Request starting HTTP/1.1 GET http://localhost:5000/swagger/index.html - null null
2026-02-15 23:07:31.049 +00:00 [INF] Request finished HTTP/1.1 GET http://localhost:5000/swagger/index.html - 200 null text/html;charset=utf-8 7.5082ms
2026-02-15 23:07:31.182 +00:00 [INF] Request starting HTTP/1.1 GET http://localhost:5000/.well-known/appspecific/com.chrome.devtools.json - null null
2026-02-15 23:07:31.298 +00:00 [INF] Request finished HTTP/1.1 GET http://localhost:5000/.well-known/appspecific/com.chrome.devtools.json - 404 0 null 115.0468ms
2026-02-15 23:07:31.302 +00:00 [INF] Request reached the end of the middleware pipeline without being handled by application code. Request path: GET http://localhost:5000/.well-known/appspecific/com.chrome.devtools.json, Response status code: 404
2026-02-15 23:07:31.609 +00:00 [INF] Request starting HTTP/1.1 GET http://localhost:5000/swagger/v1/swagger.json - null null
2026-02-15 23:07:31.694 +00:00 [INF] Request finished HTTP/1.1 GET http://localhost:5000/swagger/v1/swagger.json - 200 null application/json;charset=utf-8 84.74ms
2026-02-15 23:08:03.758 +00:00 [INF] Request starting HTTP/1.1 POST http://localhost:5000/api/Auth/login - application/json 52
2026-02-15 23:08:03.778 +00:00 [INF] CORS policy execution failed.
2026-02-15 23:08:03.781 +00:00 [INF] Request origin http://localhost:5000 does not have permission to access the resource.
2026-02-15 23:08:03.790 +00:00 [INF] Executing endpoint 'QAMS.Api.Controllers.AuthController.Login (QAMS.Api)'
2026-02-15 23:08:03.827 +00:00 [INF] Route matched with {action = "Login", controller = "Auth"}. Executing controller action with signature System.Threading.Tasks.Task`1[Microsoft.AspNetCore.Mvc.IActionResult] Login(QAMS.Application.DTOs.Auth.LoginRequestDto) on controller QAMS.Api.Controllers.AuthController (QAMS.Api).
2026-02-15 23:08:03.875 +00:00 [INF] POST /api/auth/login - Usuario: admin
2026-02-15 23:08:03.877 +00:00 [INF] Intento de login: 'admin'.
2026-02-15 23:08:04.388 +00:00 [INF] Executed DbCommand (34ms) [Parameters=[@__username_0='?'], CommandType='"Text"', CommandTimeout='30']
SELECT u.id, u.created_at, u.email, u.full_name, u.is_active, u.password_hash, u.refresh_token, u.refresh_token_expiry_time, u.updated_at, u.username
FROM users AS u
WHERE u.username = @__username_0
ORDER BY u.id
LIMIT 1
2026-02-15 23:08:04.474 +00:00 [INF] Executed DbCommand (6ms) [Parameters=[@__username_0='?'], CommandType='"Text"', CommandTimeout='30']
SELECT t0.user_id, t0.role_id, t0.assigned_at, t0.id, t0.created_at, t0.description, t0.is_active, t0.name, t.id
FROM (
    SELECT u.id
    FROM users AS u
    WHERE u.username = @__username_0
    LIMIT 1
) AS t
INNER JOIN (
    SELECT u0.user_id, u0.role_id, u0.assigned_at, r.id, r.created_at, r.description, r.is_active, r.name
    FROM user_roles AS u0
    INNER JOIN roles AS r ON u0.role_id = r.id
) AS t0 ON t.id = t0.user_id
ORDER BY t.id, t0.user_id, t0.role_id, t0.id
2026-02-15 23:08:04.529 +00:00 [INF] Executed DbCommand (5ms) [Parameters=[@__username_0='?'], CommandType='"Text"', CommandTimeout='30']
SELECT t1.role_id, t1.permission_id, t1.assigned_at, t1.id, t1.code, t1.created_at, t1.description, t1.module, t.id, t0.user_id, t0.role_id, t0.id
FROM (
    SELECT u.id
    FROM users AS u
    WHERE u.username = @__username_0
    LIMIT 1
) AS t
INNER JOIN (
    SELECT u0.user_id, u0.role_id, r.id
    FROM user_roles AS u0
    INNER JOIN roles AS r ON u0.role_id = r.id
) AS t0 ON t.id = t0.user_id
INNER JOIN (
    SELECT r0.role_id, r0.permission_id, r0.assigned_at, p.id, p.code, p.created_at, p.description, p.module
    FROM role_permissions AS r0
    INNER JOIN permissions AS p ON r0.permission_id = p.id
) AS t1 ON t0.id = t1.role_id
ORDER BY t.id, t0.user_id, t0.role_id, t0.id
2026-02-15 23:08:05.407 +00:00 [WRN] Contraseña incorrecta para 'admin'.
2026-02-15 23:08:05.419 +00:00 [INF] Executed action QAMS.Api.Controllers.AuthController.Login (QAMS.Api) in 1586.4165ms
2026-02-15 23:08:05.420 +00:00 [INF] Executed endpoint 'QAMS.Api.Controllers.AuthController.Login (QAMS.Api)'
2026-02-15 23:08:05.425 +00:00 [WRN] Error de dominio: Credenciales inválidas.
QAMS.Domain.Exceptions.DomainException: Credenciales inválidas.
   at QAMS.Application.Services.AuthService.LoginAsync(LoginRequestDto request) in /src/src/QAMS.Application/Services/AuthService.cs:line 48
   at QAMS.Api.Controllers.AuthController.Login(LoginRequestDto request) in /src/src/QAMS.Api/Controllers/AuthController.cs:line 29
   at Microsoft.AspNetCore.Mvc.Infrastructure.ActionMethodExecutor.TaskOfIActionResultExecutor.Execute(ActionContext actionContext, IActionResultTypeMapper mapper, ObjectMethodExecutor executor, Object controller, Object[] arguments)
   at Microsoft.AspNetCore.Mvc.Infrastructure.ControllerActionInvoker.<InvokeActionMethodAsync>g__Awaited|12_0(ControllerActionInvoker invoker, ValueTask`1 actionResultValueTask)
   at Microsoft.AspNetCore.Mvc.Infrastructure.ControllerActionInvoker.<InvokeNextActionFilterAsync>g__Awaited|10_0(ControllerActionInvoker invoker, Task lastTask, State next, Scope scope, Object state, Boolean isCompleted)
   at Microsoft.AspNetCore.Mvc.Infrastructure.ControllerActionInvoker.Rethrow(ActionExecutedContextSealed context)
   at Microsoft.AspNetCore.Mvc.Infrastructure.ControllerActionInvoker.Next(State& next, Scope& scope, Object& state, Boolean& isCompleted)
   at Microsoft.AspNetCore.Mvc.Infrastructure.ControllerActionInvoker.<InvokeInnerFilterAsync>g__Awaited|13_0(ControllerActionInvoker invoker, Task lastTask, State next, Scope scope, Object state, Boolean isCompleted)
   at Microsoft.AspNetCore.Mvc.Infrastructure.ResourceInvoker.<InvokeFilterPipelineAsync>g__Awaited|20_0(ResourceInvoker invoker, Task lastTask, State next, Scope scope, Object state, Boolean isCompleted)
   at Microsoft.AspNetCore.Mvc.Infrastructure.ResourceInvoker.<InvokeAsync>g__Logged|17_1(ResourceInvoker invoker)
   at Microsoft.AspNetCore.Mvc.Infrastructure.ResourceInvoker.<InvokeAsync>g__Logged|17_1(ResourceInvoker invoker)
   at Microsoft.AspNetCore.Routing.EndpointMiddleware.<Invoke>g__AwaitRequestTask|7_0(Endpoint endpoint, Task requestTask, ILogger logger)
   at Microsoft.AspNetCore.Authorization.AuthorizationMiddleware.Invoke(HttpContext context)
   at Microsoft.AspNetCore.Authentication.AuthenticationMiddleware.Invoke(HttpContext context)
   at Swashbuckle.AspNetCore.SwaggerUI.SwaggerUIMiddleware.Invoke(HttpContext httpContext)
   at Swashbuckle.AspNetCore.Swagger.SwaggerMiddleware.Invoke(HttpContext httpContext, ISwaggerProvider swaggerProvider)
   at QAMS.Api.Middleware.ExceptionHandlingMiddleware.InvokeAsync(HttpContext context) in /src/src/QAMS.Api/Middleware/ExceptionHandlingMiddleware.cs:line 27
2026-02-15 23:08:05.514 +00:00 [INF] Request finished HTTP/1.1 POST http://localhost:5000/api/Auth/login - 400 null application/json 1754.9885ms
2026-02-15 23:08:17.895 +00:00 [INF] Request starting HTTP/1.1 GET http://localhost:5000/api/Auth/login - null null
2026-02-15 23:08:17.914 +00:00 [INF] Executing endpoint '405 HTTP Method Not Supported'
2026-02-15 23:08:17.917 +00:00 [INF] Executed endpoint '405 HTTP Method Not Supported'
2026-02-15 23:08:17.920 +00:00 [INF] Request finished HTTP/1.1 GET http://localhost:5000/api/Auth/login - 405 0 null 24.9732ms
2026-02-15 23:10:53.787 +00:00 [INF] Request starting HTTP/1.1 POST http://localhost:5000/api/Auth/login - application/json 52
2026-02-15 23:10:53.796 +00:00 [INF] CORS policy execution failed.
2026-02-15 23:10:53.797 +00:00 [INF] Request origin http://localhost:5000 does not have permission to access the resource.
2026-02-15 23:10:53.802 +00:00 [INF] Executing endpoint 'QAMS.Api.Controllers.AuthController.Login (QAMS.Api)'
2026-02-15 23:10:53.806 +00:00 [INF] Route matched with {action = "Login", controller = "Auth"}. Executing controller action with signature System.Threading.Tasks.Task`1[Microsoft.AspNetCore.Mvc.IActionResult] Login(QAMS.Application.DTOs.Auth.LoginRequestDto) on controller QAMS.Api.Controllers.AuthController (QAMS.Api).
2026-02-15 23:10:53.878 +00:00 [INF] POST /api/auth/login - Usuario: admin
2026-02-15 23:10:53.878 +00:00 [INF] Intento de login: 'admin'.
2026-02-15 23:10:53.953 +00:00 [INF] Executed DbCommand (4ms) [Parameters=[@__username_0='?'], CommandType='"Text"', CommandTimeout='30']
SELECT u.id, u.created_at, u.email, u.full_name, u.is_active, u.password_hash, u.refresh_token, u.refresh_token_expiry_time, u.updated_at, u.username
FROM users AS u
WHERE u.username = @__username_0
ORDER BY u.id
LIMIT 1
2026-02-15 23:10:53.959 +00:00 [INF] Executed DbCommand (3ms) [Parameters=[@__username_0='?'], CommandType='"Text"', CommandTimeout='30']
SELECT t0.user_id, t0.role_id, t0.assigned_at, t0.id, t0.created_at, t0.description, t0.is_active, t0.name, t.id
FROM (
    SELECT u.id
    FROM users AS u
    WHERE u.username = @__username_0
    LIMIT 1
) AS t
INNER JOIN (
    SELECT u0.user_id, u0.role_id, u0.assigned_at, r.id, r.created_at, r.description, r.is_active, r.name
    FROM user_roles AS u0
    INNER JOIN roles AS r ON u0.role_id = r.id
) AS t0 ON t.id = t0.user_id
ORDER BY t.id, t0.user_id, t0.role_id, t0.id
2026-02-15 23:10:53.963 +00:00 [INF] Executed DbCommand (2ms) [Parameters=[@__username_0='?'], CommandType='"Text"', CommandTimeout='30']
SELECT t1.role_id, t1.permission_id, t1.assigned_at, t1.id, t1.code, t1.created_at, t1.description, t1.module, t.id, t0.user_id, t0.role_id, t0.id
FROM (
    SELECT u.id
    FROM users AS u
    WHERE u.username = @__username_0
    LIMIT 1
) AS t
INNER JOIN (
    SELECT u0.user_id, u0.role_id, r.id
    FROM user_roles AS u0
    INNER JOIN roles AS r ON u0.role_id = r.id
) AS t0 ON t.id = t0.user_id
INNER JOIN (
    SELECT r0.role_id, r0.permission_id, r0.assigned_at, p.id, p.code, p.created_at, p.description, p.module
    FROM role_permissions AS r0
    INNER JOIN permissions AS p ON r0.permission_id = p.id
) AS t1 ON t0.id = t1.role_id
ORDER BY t.id, t0.user_id, t0.role_id, t0.id
2026-02-15 23:10:53.969 +00:00 [INF] Executed action QAMS.Api.Controllers.AuthController.Login (QAMS.Api) in 162.4214ms
2026-02-15 23:10:53.970 +00:00 [INF] Executed endpoint 'QAMS.Api.Controllers.AuthController.Login (QAMS.Api)'
2026-02-15 23:10:53.972 +00:00 [ERR] Error interno no controlado.
BCrypt.Net.SaltParseException: Invalid salt version
   at BCrypt.Net.BCrypt.HashPassword(String inputKey, String salt, Boolean enhancedEntropy, HashType hashType)
   at BCrypt.Net.BCrypt.Verify(String text, String hash, Boolean enhancedEntropy, HashType hashType)
   at QAMS.Infrastructure.Security.PasswordHasher.VerifyPassword(String password, String passwordHash) in /src/src/QAMS.Infrastructure/Security/PasswordHasher.cs:line 18
   at QAMS.Application.Services.AuthService.LoginAsync(LoginRequestDto request) in /src/src/QAMS.Application/Services/AuthService.cs:line 45
   at QAMS.Api.Controllers.AuthController.Login(LoginRequestDto request) in /src/src/QAMS.Api/Controllers/AuthController.cs:line 29
   at Microsoft.AspNetCore.Mvc.Infrastructure.ActionMethodExecutor.TaskOfIActionResultExecutor.Execute(ActionContext actionContext, IActionResultTypeMapper mapper, ObjectMethodExecutor executor, Object controller, Object[] arguments)
   at Microsoft.AspNetCore.Mvc.Infrastructure.ControllerActionInvoker.<InvokeActionMethodAsync>g__Awaited|12_0(ControllerActionInvoker invoker, ValueTask`1 actionResultValueTask)
   at Microsoft.AspNetCore.Mvc.Infrastructure.ControllerActionInvoker.<InvokeNextActionFilterAsync>g__Awaited|10_0(ControllerActionInvoker invoker, Task lastTask, State next, Scope scope, Object state, Boolean isCompleted)
   at Microsoft.AspNetCore.Mvc.Infrastructure.ControllerActionInvoker.Rethrow(ActionExecutedContextSealed context)
   at Microsoft.AspNetCore.Mvc.Infrastructure.ControllerActionInvoker.Next(State& next, Scope& scope, Object& state, Boolean& isCompleted)
   at Microsoft.AspNetCore.Mvc.Infrastructure.ControllerActionInvoker.<InvokeInnerFilterAsync>g__Awaited|13_0(ControllerActionInvoker invoker, Task lastTask, State next, Scope scope, Object state, Boolean isCompleted)
   at Microsoft.AspNetCore.Mvc.Infrastructure.ResourceInvoker.<InvokeFilterPipelineAsync>g__Awaited|20_0(ResourceInvoker invoker, Task lastTask, State next, Scope scope, Object state, Boolean isCompleted)
   at Microsoft.AspNetCore.Mvc.Infrastructure.ResourceInvoker.<InvokeAsync>g__Logged|17_1(ResourceInvoker invoker)
   at Microsoft.AspNetCore.Mvc.Infrastructure.ResourceInvoker.<InvokeAsync>g__Logged|17_1(ResourceInvoker invoker)
   at Microsoft.AspNetCore.Routing.EndpointMiddleware.<Invoke>g__AwaitRequestTask|7_0(Endpoint endpoint, Task requestTask, ILogger logger)
   at Microsoft.AspNetCore.Authorization.AuthorizationMiddleware.Invoke(HttpContext context)
   at Microsoft.AspNetCore.Authentication.AuthenticationMiddleware.Invoke(HttpContext context)
   at Swashbuckle.AspNetCore.SwaggerUI.SwaggerUIMiddleware.Invoke(HttpContext httpContext)
   at Swashbuckle.AspNetCore.Swagger.SwaggerMiddleware.Invoke(HttpContext httpContext, ISwaggerProvider swaggerProvider)
   at QAMS.Api.Middleware.ExceptionHandlingMiddleware.InvokeAsync(HttpContext context) in /src/src/QAMS.Api/Middleware/ExceptionHandlingMiddleware.cs:line 27
2026-02-15 23:10:53.980 +00:00 [INF] Request finished HTTP/1.1 POST http://localhost:5000/api/Auth/login - 500 null application/json 194.4276ms
2026-02-15 23:10:55.412 +00:00 [INF] Request starting HTTP/1.1 POST http://localhost:5000/api/Auth/login - application/json 52
2026-02-15 23:10:55.414 +00:00 [INF] CORS policy execution failed.
2026-02-15 23:10:55.415 +00:00 [INF] Request origin http://localhost:5000 does not have permission to access the resource.
2026-02-15 23:10:55.416 +00:00 [INF] Executing endpoint 'QAMS.Api.Controllers.AuthController.Login (QAMS.Api)'
2026-02-15 23:10:55.416 +00:00 [INF] Route matched with {action = "Login", controller = "Auth"}. Executing controller action with signature System.Threading.Tasks.Task`1[Microsoft.AspNetCore.Mvc.IActionResult] Login(QAMS.Application.DTOs.Auth.LoginRequestDto) on controller QAMS.Api.Controllers.AuthController (QAMS.Api).
2026-02-15 23:10:55.432 +00:00 [INF] POST /api/auth/login - Usuario: admin
2026-02-15 23:10:55.433 +00:00 [INF] Intento de login: 'admin'.
2026-02-15 23:10:55.445 +00:00 [INF] Executed DbCommand (2ms) [Parameters=[@__username_0='?'], CommandType='"Text"', CommandTimeout='30']
SELECT u.id, u.created_at, u.email, u.full_name, u.is_active, u.password_hash, u.refresh_token, u.refresh_token_expiry_time, u.updated_at, u.username
FROM users AS u
WHERE u.username = @__username_0
ORDER BY u.id
LIMIT 1
2026-02-15 23:10:55.447 +00:00 [INF] Executed DbCommand (1ms) [Parameters=[@__username_0='?'], CommandType='"Text"', CommandTimeout='30']
SELECT t0.user_id, t0.role_id, t0.assigned_at, t0.id, t0.created_at, t0.description, t0.is_active, t0.name, t.id
FROM (
    SELECT u.id
    FROM users AS u
    WHERE u.username = @__username_0
    LIMIT 1
) AS t
INNER JOIN (
    SELECT u0.user_id, u0.role_id, u0.assigned_at, r.id, r.created_at, r.description, r.is_active, r.name
    FROM user_roles AS u0
    INNER JOIN roles AS r ON u0.role_id = r.id
) AS t0 ON t.id = t0.user_id
ORDER BY t.id, t0.user_id, t0.role_id, t0.id
2026-02-15 23:10:55.449 +00:00 [INF] Executed DbCommand (1ms) [Parameters=[@__username_0='?'], CommandType='"Text"', CommandTimeout='30']
SELECT t1.role_id, t1.permission_id, t1.assigned_at, t1.id, t1.code, t1.created_at, t1.description, t1.module, t.id, t0.user_id, t0.role_id, t0.id
FROM (
    SELECT u.id
    FROM users AS u
    WHERE u.username = @__username_0
    LIMIT 1
) AS t
INNER JOIN (
    SELECT u0.user_id, u0.role_id, r.id
    FROM user_roles AS u0
    INNER JOIN roles AS r ON u0.role_id = r.id
) AS t0 ON t.id = t0.user_id
INNER JOIN (
    SELECT r0.role_id, r0.permission_id, r0.assigned_at, p.id, p.code, p.created_at, p.description, p.module
    FROM role_permissions AS r0
    INNER JOIN permissions AS p ON r0.permission_id = p.id
) AS t1 ON t0.id = t1.role_id
ORDER BY t.id, t0.user_id, t0.role_id, t0.id
2026-02-15 23:10:55.452 +00:00 [INF] Executed action QAMS.Api.Controllers.AuthController.Login (QAMS.Api) in 34.8973ms
2026-02-15 23:10:55.453 +00:00 [INF] Executed endpoint 'QAMS.Api.Controllers.AuthController.Login (QAMS.Api)'
2026-02-15 23:10:55.453 +00:00 [ERR] Error interno no controlado.
BCrypt.Net.SaltParseException: Invalid salt version
   at BCrypt.Net.BCrypt.HashPassword(String inputKey, String salt, Boolean enhancedEntropy, HashType hashType)
   at BCrypt.Net.BCrypt.Verify(String text, String hash, Boolean enhancedEntropy, HashType hashType)
   at QAMS.Infrastructure.Security.PasswordHasher.VerifyPassword(String password, String passwordHash) in /src/src/QAMS.Infrastructure/Security/PasswordHasher.cs:line 18
   at QAMS.Application.Services.AuthService.LoginAsync(LoginRequestDto request) in /src/src/QAMS.Application/Services/AuthService.cs:line 45
   at QAMS.Api.Controllers.AuthController.Login(LoginRequestDto request) in /src/src/QAMS.Api/Controllers/AuthController.cs:line 29
   at Microsoft.AspNetCore.Mvc.Infrastructure.ActionMethodExecutor.TaskOfIActionResultExecutor.Execute(ActionContext actionContext, IActionResultTypeMapper mapper, ObjectMethodExecutor executor, Object controller, Object[] arguments)
   at Microsoft.AspNetCore.Mvc.Infrastructure.ControllerActionInvoker.<InvokeActionMethodAsync>g__Awaited|12_0(ControllerActionInvoker invoker, ValueTask`1 actionResultValueTask)
   at Microsoft.AspNetCore.Mvc.Infrastructure.ControllerActionInvoker.<InvokeNextActionFilterAsync>g__Awaited|10_0(ControllerActionInvoker invoker, Task lastTask, State next, Scope scope, Object state, Boolean isCompleted)
   at Microsoft.AspNetCore.Mvc.Infrastructure.ControllerActionInvoker.Rethrow(ActionExecutedContextSealed context)
   at Microsoft.AspNetCore.Mvc.Infrastructure.ControllerActionInvoker.Next(State& next, Scope& scope, Object& state, Boolean& isCompleted)
   at Microsoft.AspNetCore.Mvc.Infrastructure.ControllerActionInvoker.<InvokeInnerFilterAsync>g__Awaited|13_0(ControllerActionInvoker invoker, Task lastTask, State next, Scope scope, Object state, Boolean isCompleted)
   at Microsoft.AspNetCore.Mvc.Infrastructure.ResourceInvoker.<InvokeFilterPipelineAsync>g__Awaited|20_0(ResourceInvoker invoker, Task lastTask, State next, Scope scope, Object state, Boolean isCompleted)
   at Microsoft.AspNetCore.Mvc.Infrastructure.ResourceInvoker.<InvokeAsync>g__Logged|17_1(ResourceInvoker invoker)
   at Microsoft.AspNetCore.Mvc.Infrastructure.ResourceInvoker.<InvokeAsync>g__Logged|17_1(ResourceInvoker invoker)
   at Microsoft.AspNetCore.Routing.EndpointMiddleware.<Invoke>g__AwaitRequestTask|7_0(Endpoint endpoint, Task requestTask, ILogger logger)
   at Microsoft.AspNetCore.Authorization.AuthorizationMiddleware.Invoke(HttpContext context)
   at Microsoft.AspNetCore.Authentication.AuthenticationMiddleware.Invoke(HttpContext context)
   at Swashbuckle.AspNetCore.SwaggerUI.SwaggerUIMiddleware.Invoke(HttpContext httpContext)
   at Swashbuckle.AspNetCore.Swagger.SwaggerMiddleware.Invoke(HttpContext httpContext, ISwaggerProvider swaggerProvider)
   at QAMS.Api.Middleware.ExceptionHandlingMiddleware.InvokeAsync(HttpContext context) in /src/src/QAMS.Api/Middleware/ExceptionHandlingMiddleware.cs:line 27
2026-02-15 23:10:55.455 +00:00 [INF] Request finished HTTP/1.1 POST http://localhost:5000/api/Auth/login - 500 null application/json 42.3114ms
2026-02-15 23:10:56.858 +00:00 [INF] Request starting HTTP/1.1 POST http://localhost:5000/api/Auth/login - application/json 52
2026-02-15 23:10:56.860 +00:00 [INF] CORS policy execution failed.
2026-02-15 23:10:56.876 +00:00 [INF] Request origin http://localhost:5000 does not have permission to access the resource.
2026-02-15 23:10:56.877 +00:00 [INF] Executing endpoint 'QAMS.Api.Controllers.AuthController.Login (QAMS.Api)'
2026-02-15 23:10:56.877 +00:00 [INF] Route matched with {action = "Login", controller = "Auth"}. Executing controller action with signature System.Threading.Tasks.Task`1[Microsoft.AspNetCore.Mvc.IActionResult] Login(QAMS.Application.DTOs.Auth.LoginRequestDto) on controller QAMS.Api.Controllers.AuthController (QAMS.Api).
2026-02-15 23:10:56.880 +00:00 [INF] POST /api/auth/login - Usuario: admin
2026-02-15 23:10:56.882 +00:00 [INF] Intento de login: 'admin'.
2026-02-15 23:10:56.889 +00:00 [INF] Executed DbCommand (3ms) [Parameters=[@__username_0='?'], CommandType='"Text"', CommandTimeout='30']
SELECT u.id, u.created_at, u.email, u.full_name, u.is_active, u.password_hash, u.refresh_token, u.refresh_token_expiry_time, u.updated_at, u.username
FROM users AS u
WHERE u.username = @__username_0
ORDER BY u.id
LIMIT 1
2026-02-15 23:10:56.893 +00:00 [INF] Executed DbCommand (2ms) [Parameters=[@__username_0='?'], CommandType='"Text"', CommandTimeout='30']
SELECT t0.user_id, t0.role_id, t0.assigned_at, t0.id, t0.created_at, t0.description, t0.is_active, t0.name, t.id
FROM (
    SELECT u.id
    FROM users AS u
    WHERE u.username = @__username_0
    LIMIT 1
) AS t
INNER JOIN (
    SELECT u0.user_id, u0.role_id, u0.assigned_at, r.id, r.created_at, r.description, r.is_active, r.name
    FROM user_roles AS u0
    INNER JOIN roles AS r ON u0.role_id = r.id
) AS t0 ON t.id = t0.user_id
ORDER BY t.id, t0.user_id, t0.role_id, t0.id
2026-02-15 23:10:56.898 +00:00 [INF] Executed DbCommand (3ms) [Parameters=[@__username_0='?'], CommandType='"Text"', CommandTimeout='30']
SELECT t1.role_id, t1.permission_id, t1.assigned_at, t1.id, t1.code, t1.created_at, t1.description, t1.module, t.id, t0.user_id, t0.role_id, t0.id
FROM (
    SELECT u.id
    FROM users AS u
    WHERE u.username = @__username_0
    LIMIT 1
) AS t
INNER JOIN (
    SELECT u0.user_id, u0.role_id, r.id
    FROM user_roles AS u0
    INNER JOIN roles AS r ON u0.role_id = r.id
) AS t0 ON t.id = t0.user_id
INNER JOIN (
    SELECT r0.role_id, r0.permission_id, r0.assigned_at, p.id, p.code, p.created_at, p.description, p.module
    FROM role_permissions AS r0
    INNER JOIN permissions AS p ON r0.permission_id = p.id
) AS t1 ON t0.id = t1.role_id
ORDER BY t.id, t0.user_id, t0.role_id, t0.id
2026-02-15 23:10:56.899 +00:00 [INF] Executed action QAMS.Api.Controllers.AuthController.Login (QAMS.Api) in 21.0287ms
2026-02-15 23:10:56.900 +00:00 [INF] Executed endpoint 'QAMS.Api.Controllers.AuthController.Login (QAMS.Api)'
2026-02-15 23:10:56.900 +00:00 [ERR] Error interno no controlado.
BCrypt.Net.SaltParseException: Invalid salt version
   at BCrypt.Net.BCrypt.HashPassword(String inputKey, String salt, Boolean enhancedEntropy, HashType hashType)
   at BCrypt.Net.BCrypt.Verify(String text, String hash, Boolean enhancedEntropy, HashType hashType)
   at QAMS.Infrastructure.Security.PasswordHasher.VerifyPassword(String password, String passwordHash) in /src/src/QAMS.Infrastructure/Security/PasswordHasher.cs:line 18
   at QAMS.Application.Services.AuthService.LoginAsync(LoginRequestDto request) in /src/src/QAMS.Application/Services/AuthService.cs:line 45
   at QAMS.Api.Controllers.AuthController.Login(LoginRequestDto request) in /src/src/QAMS.Api/Controllers/AuthController.cs:line 29
   at Microsoft.AspNetCore.Mvc.Infrastructure.ActionMethodExecutor.TaskOfIActionResultExecutor.Execute(ActionContext actionContext, IActionResultTypeMapper mapper, ObjectMethodExecutor executor, Object controller, Object[] arguments)
   at Microsoft.AspNetCore.Mvc.Infrastructure.ControllerActionInvoker.<InvokeActionMethodAsync>g__Awaited|12_0(ControllerActionInvoker invoker, ValueTask`1 actionResultValueTask)
   at Microsoft.AspNetCore.Mvc.Infrastructure.ControllerActionInvoker.<InvokeNextActionFilterAsync>g__Awaited|10_0(ControllerActionInvoker invoker, Task lastTask, State next, Scope scope, Object state, Boolean isCompleted)
   at Microsoft.AspNetCore.Mvc.Infrastructure.ControllerActionInvoker.Rethrow(ActionExecutedContextSealed context)
   at Microsoft.AspNetCore.Mvc.Infrastructure.ControllerActionInvoker.Next(State& next, Scope& scope, Object& state, Boolean& isCompleted)
   at Microsoft.AspNetCore.Mvc.Infrastructure.ControllerActionInvoker.<InvokeInnerFilterAsync>g__Awaited|13_0(ControllerActionInvoker invoker, Task lastTask, State next, Scope scope, Object state, Boolean isCompleted)
   at Microsoft.AspNetCore.Mvc.Infrastructure.ResourceInvoker.<InvokeFilterPipelineAsync>g__Awaited|20_0(ResourceInvoker invoker, Task lastTask, State next, Scope scope, Object state, Boolean isCompleted)
   at Microsoft.AspNetCore.Mvc.Infrastructure.ResourceInvoker.<InvokeAsync>g__Logged|17_1(ResourceInvoker invoker)
   at Microsoft.AspNetCore.Mvc.Infrastructure.ResourceInvoker.<InvokeAsync>g__Logged|17_1(ResourceInvoker invoker)
   at Microsoft.AspNetCore.Routing.EndpointMiddleware.<Invoke>g__AwaitRequestTask|7_0(Endpoint endpoint, Task requestTask, ILogger logger)
   at Microsoft.AspNetCore.Authorization.AuthorizationMiddleware.Invoke(HttpContext context)
   at Microsoft.AspNetCore.Authentication.AuthenticationMiddleware.Invoke(HttpContext context)
   at Swashbuckle.AspNetCore.SwaggerUI.SwaggerUIMiddleware.Invoke(HttpContext httpContext)
   at Swashbuckle.AspNetCore.Swagger.SwaggerMiddleware.Invoke(HttpContext httpContext, ISwaggerProvider swaggerProvider)
   at QAMS.Api.Middleware.ExceptionHandlingMiddleware.InvokeAsync(HttpContext context) in /src/src/QAMS.Api/Middleware/ExceptionHandlingMiddleware.cs:line 27
2026-02-15 23:10:56.902 +00:00 [INF] Request finished HTTP/1.1 POST http://localhost:5000/api/Auth/login - 500 null application/json 43.426ms
2026-02-15 23:10:59.081 +00:00 [INF] Request starting HTTP/1.1 GET http://localhost:5000/swagger/index.html - null null
2026-02-15 23:10:59.101 +00:00 [INF] Request finished HTTP/1.1 GET http://localhost:5000/swagger/index.html - 200 null text/html;charset=utf-8 20.293ms
2026-02-15 23:10:59.156 +00:00 [INF] Request starting HTTP/1.1 GET http://localhost:5000/.well-known/appspecific/com.chrome.devtools.json - null null
2026-02-15 23:10:59.160 +00:00 [INF] Request finished HTTP/1.1 GET http://localhost:5000/.well-known/appspecific/com.chrome.devtools.json - 404 0 null 3.7542ms
2026-02-15 23:10:59.162 +00:00 [INF] Request reached the end of the middleware pipeline without being handled by application code. Request path: GET http://localhost:5000/.well-known/appspecific/com.chrome.devtools.json, Response status code: 404
2026-02-15 23:10:59.475 +00:00 [INF] Request starting HTTP/1.1 GET http://localhost:5000/swagger/v1/swagger.json - null null
2026-02-15 23:10:59.525 +00:00 [INF] Request finished HTTP/1.1 GET http://localhost:5000/swagger/v1/swagger.json - 200 null application/json;charset=utf-8 49.0963ms
2026-02-15 23:11:07.508 +00:00 [INF] Request starting HTTP/1.1 POST http://localhost:5000/api/Auth/login - application/json 50
2026-02-15 23:11:07.509 +00:00 [INF] CORS policy execution failed.
2026-02-15 23:11:07.510 +00:00 [INF] Request origin http://localhost:5000 does not have permission to access the resource.
2026-02-15 23:11:07.511 +00:00 [INF] Executing endpoint 'QAMS.Api.Controllers.AuthController.Login (QAMS.Api)'
2026-02-15 23:11:07.511 +00:00 [INF] Route matched with {action = "Login", controller = "Auth"}. Executing controller action with signature System.Threading.Tasks.Task`1[Microsoft.AspNetCore.Mvc.IActionResult] Login(QAMS.Application.DTOs.Auth.LoginRequestDto) on controller QAMS.Api.Controllers.AuthController (QAMS.Api).
2026-02-15 23:11:07.521 +00:00 [INF] POST /api/auth/login - Usuario: string
2026-02-15 23:11:07.522 +00:00 [INF] Intento de login: 'string'.
2026-02-15 23:11:07.530 +00:00 [INF] Executed DbCommand (4ms) [Parameters=[@__username_0='?'], CommandType='"Text"', CommandTimeout='30']
SELECT u.id, u.created_at, u.email, u.full_name, u.is_active, u.password_hash, u.refresh_token, u.refresh_token_expiry_time, u.updated_at, u.username
FROM users AS u
WHERE u.username = @__username_0
ORDER BY u.id
LIMIT 1
2026-02-15 23:11:07.532 +00:00 [WRN] Login fallido para 'string'.
2026-02-15 23:11:07.550 +00:00 [INF] Executed action QAMS.Api.Controllers.AuthController.Login (QAMS.Api) in 37.7482ms
2026-02-15 23:11:07.551 +00:00 [INF] Executed endpoint 'QAMS.Api.Controllers.AuthController.Login (QAMS.Api)'
2026-02-15 23:11:07.552 +00:00 [WRN] Error de dominio: Credenciales inválidas.
QAMS.Domain.Exceptions.DomainException: Credenciales inválidas.
   at QAMS.Application.Services.AuthService.LoginAsync(LoginRequestDto request) in /src/src/QAMS.Application/Services/AuthService.cs:line 42
   at QAMS.Api.Controllers.AuthController.Login(LoginRequestDto request) in /src/src/QAMS.Api/Controllers/AuthController.cs:line 29
   at Microsoft.AspNetCore.Mvc.Infrastructure.ActionMethodExecutor.TaskOfIActionResultExecutor.Execute(ActionContext actionContext, IActionResultTypeMapper mapper, ObjectMethodExecutor executor, Object controller, Object[] arguments)
   at Microsoft.AspNetCore.Mvc.Infrastructure.ControllerActionInvoker.<InvokeActionMethodAsync>g__Awaited|12_0(ControllerActionInvoker invoker, ValueTask`1 actionResultValueTask)
   at Microsoft.AspNetCore.Mvc.Infrastructure.ControllerActionInvoker.<InvokeNextActionFilterAsync>g__Awaited|10_0(ControllerActionInvoker invoker, Task lastTask, State next, Scope scope, Object state, Boolean isCompleted)
   at Microsoft.AspNetCore.Mvc.Infrastructure.ControllerActionInvoker.Rethrow(ActionExecutedContextSealed context)
   at Microsoft.AspNetCore.Mvc.Infrastructure.ControllerActionInvoker.Next(State& next, Scope& scope, Object& state, Boolean& isCompleted)
   at Microsoft.AspNetCore.Mvc.Infrastructure.ControllerActionInvoker.<InvokeInnerFilterAsync>g__Awaited|13_0(ControllerActionInvoker invoker, Task lastTask, State next, Scope scope, Object state, Boolean isCompleted)
   at Microsoft.AspNetCore.Mvc.Infrastructure.ResourceInvoker.<InvokeFilterPipelineAsync>g__Awaited|20_0(ResourceInvoker invoker, Task lastTask, State next, Scope scope, Object state, Boolean isCompleted)
   at Microsoft.AspNetCore.Mvc.Infrastructure.ResourceInvoker.<InvokeAsync>g__Logged|17_1(ResourceInvoker invoker)
   at Microsoft.AspNetCore.Mvc.Infrastructure.ResourceInvoker.<InvokeAsync>g__Logged|17_1(ResourceInvoker invoker)
   at Microsoft.AspNetCore.Routing.EndpointMiddleware.<Invoke>g__AwaitRequestTask|7_0(Endpoint endpoint, Task requestTask, ILogger logger)
   at Microsoft.AspNetCore.Authorization.AuthorizationMiddleware.Invoke(HttpContext context)
   at Microsoft.AspNetCore.Authentication.AuthenticationMiddleware.Invoke(HttpContext context)
   at Swashbuckle.AspNetCore.SwaggerUI.SwaggerUIMiddleware.Invoke(HttpContext httpContext)
   at Swashbuckle.AspNetCore.Swagger.SwaggerMiddleware.Invoke(HttpContext httpContext, ISwaggerProvider swaggerProvider)
   at QAMS.Api.Middleware.ExceptionHandlingMiddleware.InvokeAsync(HttpContext context) in /src/src/QAMS.Api/Middleware/ExceptionHandlingMiddleware.cs:line 27
2026-02-15 23:11:07.557 +00:00 [INF] Request finished HTTP/1.1 POST http://localhost:5000/api/Auth/login - 400 null application/json 48.804ms
2026-02-15 23:12:06.698 +00:00 [INF] Application is shutting down...
2026-02-15 23:16:39.235 +00:00 [INF] Executed DbCommand (52ms) [Parameters=[], CommandType='"Text"', CommandTimeout='30']
SELECT EXISTS (
    SELECT 1 FROM pg_catalog.pg_class c
    JOIN pg_catalog.pg_namespace n ON n.oid=c.relnamespace
    WHERE n.nspname='public' AND
          c.relname='__EFMigrationsHistory'
)
2026-02-15 23:16:39.300 +00:00 [INF] Executed DbCommand (8ms) [Parameters=[], CommandType='"Text"', CommandTimeout='30']
SELECT "MigrationId", "ProductVersion"
FROM "__EFMigrationsHistory"
ORDER BY "MigrationId";
2026-02-15 23:16:39.319 +00:00 [INF] Executed DbCommand (2ms) [Parameters=[], CommandType='"Text"', CommandTimeout='30']
SELECT EXISTS (
    SELECT 1 FROM pg_catalog.pg_class c
    JOIN pg_catalog.pg_namespace n ON n.oid=c.relnamespace
    WHERE n.nspname='public' AND
          c.relname='__EFMigrationsHistory'
)
2026-02-15 23:16:39.332 +00:00 [INF] Executed DbCommand (3ms) [Parameters=[], CommandType='"Text"', CommandTimeout='30']
SELECT EXISTS (
    SELECT 1 FROM pg_catalog.pg_class c
    JOIN pg_catalog.pg_namespace n ON n.oid=c.relnamespace
    WHERE n.nspname='public' AND
          c.relname='__EFMigrationsHistory'
)
2026-02-15 23:16:39.335 +00:00 [INF] Executed DbCommand (1ms) [Parameters=[], CommandType='"Text"', CommandTimeout='30']
SELECT "MigrationId", "ProductVersion"
FROM "__EFMigrationsHistory"
ORDER BY "MigrationId";
2026-02-15 23:16:39.346 +00:00 [INF] No migrations were applied. The database is already up to date.
2026-02-15 23:16:39.347 +00:00 [INF] Database migrations applied.
2026-02-15 23:16:39.356 +00:00 [INF] Executed DbCommand (1ms) [Parameters=[], CommandType='"Text"', CommandTimeout='30']
SELECT EXISTS (
    SELECT 1 FROM pg_catalog.pg_class c
    JOIN pg_catalog.pg_namespace n ON n.oid=c.relnamespace
    WHERE n.nspname='public' AND
          c.relname='__EFMigrationsHistory'
)
2026-02-15 23:16:39.359 +00:00 [INF] Executed DbCommand (1ms) [Parameters=[], CommandType='"Text"', CommandTimeout='30']
SELECT "MigrationId", "ProductVersion"
FROM "__EFMigrationsHistory"
ORDER BY "MigrationId";
2026-02-15 23:16:39.452 +00:00 [INF] QAMS API iniciada en Docker.
2026-02-15 23:16:39.463 +00:00 [WRN] Storing keys in a directory '/root/.aspnet/DataProtection-Keys' that may not be persisted outside of the container. Protected data will be unavailable when container is destroyed. For more information go to https://aka.ms/aspnet/dataprotectionwarning
2026-02-15 23:16:39.464 +00:00 [INF] User profile is available. Using '/root/.aspnet/DataProtection-Keys' as key repository; keys will not be encrypted at rest.
2026-02-15 23:16:39.474 +00:00 [INF] Creating key {b3ebc60a-e270-46d7-8f6c-ec4c0a3572f8} with creation date 2026-02-15 23:16:39Z, activation date 2026-02-15 23:16:39Z, and expiration date 2026-05-16 23:16:39Z.
2026-02-15 23:16:39.481 +00:00 [WRN] No XML encryptor configured. Key {b3ebc60a-e270-46d7-8f6c-ec4c0a3572f8} may be persisted to storage in unencrypted form.
2026-02-15 23:16:39.484 +00:00 [INF] Writing data to file '/root/.aspnet/DataProtection-Keys/key-b3ebc60a-e270-46d7-8f6c-ec4c0a3572f8.xml'.
2026-02-15 23:16:39.495 +00:00 [WRN] Overriding HTTP_PORTS '8080' and HTTPS_PORTS ''. Binding to values defined by URLS instead 'http://+:8080'.
2026-02-15 23:16:39.510 +00:00 [WRN] The WebRootPath was not found: /app/wwwroot. Static files may be unavailable.
2026-02-15 23:16:39.545 +00:00 [INF] Now listening on: http://[::]:8080
2026-02-15 23:16:39.546 +00:00 [INF] Application started. Press Ctrl+C to shut down.
2026-02-15 23:16:39.547 +00:00 [INF] Hosting environment: Docker
2026-02-15 23:16:39.548 +00:00 [INF] Content root path: /app
2026-02-15 23:24:15.300 +00:00 [INF] Request starting HTTP/1.1 GET http://localhost:5000/swagger - null null
2026-02-15 23:24:15.538 +00:00 [INF] Request finished HTTP/1.1 GET http://localhost:5000/swagger - 301 0 null 248.7605ms
2026-02-15 23:24:15.547 +00:00 [INF] Request starting HTTP/1.1 GET http://localhost:5000/swagger/index.html - null null
2026-02-15 23:24:15.623 +00:00 [INF] Request finished HTTP/1.1 GET http://localhost:5000/swagger/index.html - 200 null text/html;charset=utf-8 75.7425ms
2026-02-15 23:36:36.277 +00:00 [INF] Application is shutting down...
2026-02-15 23:39:08.073 +00:00 [INF] Executed DbCommand (40ms) [Parameters=[], CommandType='"Text"', CommandTimeout='30']
SELECT EXISTS (
    SELECT 1 FROM pg_catalog.pg_class c
    JOIN pg_catalog.pg_namespace n ON n.oid=c.relnamespace
    WHERE n.nspname='public' AND
          c.relname='__EFMigrationsHistory'
)
2026-02-15 23:39:08.149 +00:00 [INF] Executed DbCommand (8ms) [Parameters=[], CommandType='"Text"', CommandTimeout='30']
SELECT "MigrationId", "ProductVersion"
FROM "__EFMigrationsHistory"
ORDER BY "MigrationId";
2026-02-15 23:39:08.172 +00:00 [INF] Executed DbCommand (1ms) [Parameters=[], CommandType='"Text"', CommandTimeout='30']
SELECT EXISTS (
    SELECT 1 FROM pg_catalog.pg_class c
    JOIN pg_catalog.pg_namespace n ON n.oid=c.relnamespace
    WHERE n.nspname='public' AND
          c.relname='__EFMigrationsHistory'
)
2026-02-15 23:39:08.179 +00:00 [INF] Executed DbCommand (1ms) [Parameters=[], CommandType='"Text"', CommandTimeout='30']
SELECT EXISTS (
    SELECT 1 FROM pg_catalog.pg_class c
    JOIN pg_catalog.pg_namespace n ON n.oid=c.relnamespace
    WHERE n.nspname='public' AND
          c.relname='__EFMigrationsHistory'
)
2026-02-15 23:39:08.182 +00:00 [INF] Executed DbCommand (1ms) [Parameters=[], CommandType='"Text"', CommandTimeout='30']
SELECT "MigrationId", "ProductVersion"
FROM "__EFMigrationsHistory"
ORDER BY "MigrationId";
2026-02-15 23:39:08.192 +00:00 [INF] No migrations were applied. The database is already up to date.
2026-02-15 23:39:08.193 +00:00 [INF] Database migrations applied.
2026-02-15 23:39:08.204 +00:00 [INF] Executed DbCommand (3ms) [Parameters=[], CommandType='"Text"', CommandTimeout='30']
SELECT EXISTS (
    SELECT 1 FROM pg_catalog.pg_class c
    JOIN pg_catalog.pg_namespace n ON n.oid=c.relnamespace
    WHERE n.nspname='public' AND
          c.relname='__EFMigrationsHistory'
)
2026-02-15 23:39:08.207 +00:00 [INF] Executed DbCommand (1ms) [Parameters=[], CommandType='"Text"', CommandTimeout='30']
SELECT "MigrationId", "ProductVersion"
FROM "__EFMigrationsHistory"
ORDER BY "MigrationId";
2026-02-15 23:39:08.296 +00:00 [INF] QAMS API iniciada en Docker.
2026-02-15 23:39:08.311 +00:00 [WRN] Storing keys in a directory '/root/.aspnet/DataProtection-Keys' that may not be persisted outside of the container. Protected data will be unavailable when container is destroyed. For more information go to https://aka.ms/aspnet/dataprotectionwarning
2026-02-15 23:39:08.313 +00:00 [INF] User profile is available. Using '/root/.aspnet/DataProtection-Keys' as key repository; keys will not be encrypted at rest.
2026-02-15 23:39:08.325 +00:00 [INF] Creating key {2c494526-a373-4d1a-8f40-0905680fbdbf} with creation date 2026-02-15 23:39:08Z, activation date 2026-02-15 23:39:08Z, and expiration date 2026-05-16 23:39:08Z.
2026-02-15 23:39:08.334 +00:00 [WRN] No XML encryptor configured. Key {2c494526-a373-4d1a-8f40-0905680fbdbf} may be persisted to storage in unencrypted form.
2026-02-15 23:39:08.339 +00:00 [INF] Writing data to file '/root/.aspnet/DataProtection-Keys/key-2c494526-a373-4d1a-8f40-0905680fbdbf.xml'.
2026-02-15 23:39:08.355 +00:00 [WRN] Overriding HTTP_PORTS '8080' and HTTPS_PORTS ''. Binding to values defined by URLS instead 'http://+:8080'.
2026-02-15 23:39:08.372 +00:00 [WRN] The WebRootPath was not found: /app/wwwroot. Static files may be unavailable.
2026-02-15 23:39:08.390 +00:00 [INF] Now listening on: http://[::]:8080
2026-02-15 23:39:08.391 +00:00 [INF] Application started. Press Ctrl+C to shut down.
2026-02-15 23:39:08.392 +00:00 [INF] Hosting environment: Docker
2026-02-15 23:39:08.392 +00:00 [INF] Content root path: /app
